google.com,google.com,"Knows"
google.com,google.com,"Knows"
google.com,google.com,"Knows"
mozilla.com,google.com,"Knows"
google.com,google.com,"Knows"
google.com,google.com,"Knows"
google.com,google.com,"Knows"
google.com,google.com,"Knows"
google.com,google.com,"Knows"
gstatic.com,google.com,"Knows"
gstatic.com,google.com,"Knows"
google.com,google.com,"Knows"
google.com,google.com,"Knows"
google.com,google.com,"Knows"
google.com,google.com,"Knows"
youtube.com,youtube.com,"Knows"
youtube.com,youtube.com,"Knows"
youtube.com,youtube.com,"Knows"
ggpht.com,youtube.com,"Knows"
ggpht.com,youtube.com,"Knows"
ggpht.com,youtube.com,"Knows"
ggpht.com,youtube.com,"Knows"
ggpht.com,youtube.com,"Knows"
gstatic.com,youtube.com,"Knows"
gstatic.com,youtube.com,"Knows"
youtube.com,youtube.com,"Knows"
youtube.com,youtube.com,"Knows"
ggpht.com,youtube.com,"Knows"
ggpht.com,youtube.com,"Knows"
youtube.com,youtube.com,"Knows"
youtube.com,youtube.com,"Knows"
google.com,youtube.com,"Knows"
google.com,youtube.com,"Knows"
google.com,youtube.com,"Knows"
youtube.com,youtube.com,"Knows"
ggpht.com,youtube.com,"Knows"
ggpht.com,youtube.com,"Knows"
youtube.com,youtube.com,"Knows"
google.com,youtube.com,"Knows"
youtube.com,youtube.com,"Knows"
youtube.com,youtube.com,"Knows"
youtube.com,youtube.com,"Knows"
googlevideo.com,youtube.com,"Knows"
googlevideo.com,youtube.com,"Knows"
googlevideo.com,youtube.com,"Knows"
googlevideo.com,youtube.com,"Knows"
youtube.com,youtube.com,"Knows"
googlevideo.com,youtube.com,"Knows"
googlevideo.com,youtube.com,"Knows"
googlevideo.com,youtube.com,"Knows"
youtube.com,youtube.com,"Knows"
googlevideo.com,youtube.com,"Knows"
youtube.com,youtube.com,"Knows"
gstatic.com,youtube.com,"Knows"
youtube.com,youtube.com,"Knows"
youtube.com,youtube.com,"Knows"
googlevideo.com,youtube.com,"Knows"
google.com,youtube.com,"Knows"
youtube.com,youtube.com,"Knows"
youtube.com,youtube.com,"Knows"
youtube.com,youtube.com,"Knows"
googlevideo.com,youtube.com,"Knows"
youtube.com,youtube.com,"Knows"
youtube.com,youtube.com,"Knows"
googlevideo.com,youtube.com,"Knows"
youtube.com,youtube.com,"Knows"
youtube.com,youtube.com,"Knows"
baidu.com,baidu.com,"Knows"
baidu.com,baidu.com,"Knows"
baidu.com,baidu.com,"Knows"
baidu.com,baidu.com,"Knows"
baidu.com,baidu.com,"Knows"
bdstatic.com,baidu.com,"Knows"
bdstatic.com,baidu.com,"Knows"
bdstatic.com,baidu.com,"Knows"
bdstatic.com,baidu.com,"Knows"
baidu.com,baidu.com,"Knows"
bdstatic.com,baidu.com,"Knows"
bdstatic.com,baidu.com,"Knows"
bdstatic.com,baidu.com,"Knows"
bdstatic.com,baidu.com,"Knows"
bdstatic.com,baidu.com,"Knows"
bdstatic.com,baidu.com,"Knows"
bdstatic.com,baidu.com,"Knows"
baidu.com,baidu.com,"Knows"
baidu.com,baidu.com,"Knows"
scorecardresearch.com,yahoo.com,"Knows"
googleapis.com,yahoo.com,"Knows"
gstatic.com,yahoo.com,"Knows"
footprint.net,yahoo.com,"Knows"
advertising.com,amazon.com,"Knows"
twitter.com,amazon.com,"Knows"
wikipedia.org,wikipedia.org,"Knows"
wikipedia.org,wikipedia.org,"Knows"
wikipedia.org,wikipedia.org,"Knows"
wikipedia.org,wikipedia.org,"Knows"
wikipedia.org,wikipedia.org,"Knows"
wikipedia.org,wikipedia.org,"Knows"
wikipedia.org,wikipedia.org,"Knows"
wikipedia.org,wikipedia.org,"Knows"
wikipedia.org,wikipedia.org,"Knows"
wikipedia.org,wikipedia.org,"Knows"
wikipedia.org,wikipedia.org,"Knows"
wikipedia.org,wikipedia.org,"Knows"
wikipedia.org,wikipedia.org,"Knows"
wikipedia.org,wikipedia.org,"Knows"
wikipedia.org,wikipedia.org,"Knows"
wikipedia.org,wikipedia.org,"Knows"
wikipedia.org,wikipedia.org,"Knows"
wikipedia.org,wikipedia.org,"Knows"
wikipedia.org,wikipedia.org,"Knows"
wikimedia.org,wikipedia.org,"Knows"
wikipedia.org,wikipedia.org,"Knows"
qq.com,qq.com,"Knows"
qq.com,qq.com,"Knows"
qq.com,qq.com,"Knows"
gtimg.com,qq.com,"Knows"
gtimg.com,qq.com,"Knows"
gtimg.com,qq.com,"Knows"
gtimg.com,qq.com,"Knows"
gtimg.com,qq.com,"Knows"
gtimg.com,qq.com,"Knows"
gtimg.cn,qq.com,"Knows"
gtimg.cn,qq.com,"Knows"
gtimg.com,qq.com,"Knows"
qq.com,qq.com,"Knows"
gtimg.com,qq.com,"Knows"
gtimg.com,qq.com,"Knows"
gtimg.com,qq.com,"Knows"
gtimg.com,qq.com,"Knows"
gtimg.com,qq.com,"Knows"
gtimg.com,qq.com,"Knows"
gtimg.com,qq.com,"Knows"
gtimg.com,qq.com,"Knows"
gtimg.com,qq.com,"Knows"
gtimg.com,qq.com,"Knows"
gtimg.com,qq.com,"Knows"
gtimg.com,qq.com,"Knows"
gtimg.com,qq.com,"Knows"
gtimg.com,qq.com,"Knows"
gtimg.com,qq.com,"Knows"
gtimg.com,qq.com,"Knows"
gtimg.com,qq.com,"Knows"
gtimg.com,qq.com,"Knows"
gtimg.com,qq.com,"Knows"
gtimg.com,qq.com,"Knows"
gtimg.com,qq.com,"Knows"
gtimg.com,qq.com,"Knows"
gtimg.com,qq.com,"Knows"
gtimg.com,qq.com,"Knows"
gtimg.com,qq.com,"Knows"
gtimg.com,qq.com,"Knows"
gtimg.com,qq.com,"Knows"
gtimg.com,qq.com,"Knows"
gtimg.com,qq.com,"Knows"
gtimg.com,qq.com,"Knows"
gtimg.cn,qq.com,"Knows"
gtimg.cn,qq.com,"Knows"
gtimg.com,qq.com,"Knows"
gtimg.com,qq.com,"Knows"
gtimg.com,qq.com,"Knows"
gtimg.cn,qq.com,"Knows"
gtimg.com,qq.com,"Knows"
gtimg.com,qq.com,"Knows"
gtimg.com,qq.com,"Knows"
gtimg.com,qq.com,"Knows"
gtimg.com,qq.com,"Knows"
gtimg.com,qq.com,"Knows"
gtimg.com,qq.com,"Knows"
gtimg.com,qq.com,"Knows"
gtimg.com,qq.com,"Knows"
gtimg.com,qq.com,"Knows"
gtimg.com,qq.com,"Knows"
gtimg.com,qq.com,"Knows"
gtimg.com,qq.com,"Knows"
gtimg.com,qq.com,"Knows"
gtimg.com,qq.com,"Knows"
gtimg.com,qq.com,"Knows"
gtimg.com,qq.com,"Knows"
qq.com,qq.com,"Knows"
gtimg.com,qq.com,"Knows"
gtimg.com,qq.com,"Knows"
gtimg.com,qq.com,"Knows"
gtimg.com,qq.com,"Knows"
gtimg.com,qq.com,"Knows"
gtimg.com,qq.com,"Knows"
qq.com,qq.com,"Knows"
qq.com,qq.com,"Knows"
qq.com,qq.com,"Knows"
gtimg.com,qq.com,"Knows"
gtimg.com,qq.com,"Knows"
qq.com,qq.com,"Knows"
gtimg.com,qq.com,"Knows"
gtimg.com,qq.com,"Knows"
gtimg.com,qq.com,"Knows"
qq.com,qq.com,"Knows"
gtimg.com,qq.com,"Knows"
gtimg.com,qq.com,"Knows"
gtimg.com,qq.com,"Knows"
gtimg.com,qq.com,"Knows"
gtimg.com,qq.com,"Knows"
gtimg.com,qq.com,"Knows"
gtimg.com,qq.com,"Knows"
qq.com,qq.com,"Knows"
gtimg.com,qq.com,"Knows"
gtimg.com,qq.com,"Knows"
qq.com,qq.com,"Knows"
gtimg.com,qq.com,"Knows"
gtimg.com,qq.com,"Knows"
gtimg.com,qq.com,"Knows"
gtimg.com,qq.com,"Knows"
qq.com,qq.com,"Knows"
gtimg.com,qq.com,"Knows"
qq.com,qq.com,"Knows"
qq.com,qq.com,"Knows"
gtimg.com,qq.com,"Knows"
gtimg.com,qq.com,"Knows"
gtimg.com,qq.com,"Knows"
qq.com,qq.com,"Knows"
gtimg.com,qq.com,"Knows"
gtimg.com,qq.com,"Knows"
gtimg.com,qq.com,"Knows"
gtimg.com,qq.com,"Knows"
gtimg.com,qq.com,"Knows"
gtimg.com,qq.com,"Knows"
gtimg.com,qq.com,"Knows"
qq.com,qq.com,"Knows"
qq.com,qq.com,"Knows"
qq.com,qq.com,"Knows"
gtimg.com,qq.com,"Knows"
qq.com,qq.com,"Knows"
gtimg.com,qq.com,"Knows"
qq.com,qq.com,"Knows"
gtimg.com,qq.com,"Knows"
gtimg.com,qq.com,"Knows"
gtimg.com,qq.com,"Knows"
gtimg.com,qq.com,"Knows"
qq.com,qq.com,"Knows"
qq.com,qq.com,"Knows"
gtimg.com,qq.com,"Knows"
qq.com,qq.com,"Knows"
gtimg.com,qq.com,"Knows"
qq.com,qq.com,"Knows"
qq.com,qq.com,"Knows"
qq.com,qq.com,"Knows"
gtimg.com,qq.com,"Knows"
qq.com,qq.com,"Knows"
qq.com,qq.com,"Knows"
qq.com,qq.com,"Knows"
qq.com,qq.com,"Knows"
qq.com,qq.com,"Knows"
qq.com,qq.com,"Knows"
qq.com,qq.com,"Knows"
qq.com,qq.com,"Knows"
qq.com,qq.com,"Knows"
qq.com,qq.com,"Knows"
gtimg.com,qq.com,"Knows"
qq.com,qq.com,"Knows"
qq.com,qq.com,"Knows"
qq.com,qq.com,"Knows"
qq.com,qq.com,"Knows"
qq.com,qq.com,"Knows"
qq.com,qq.com,"Knows"
qq.com,qq.com,"Knows"
gtimg.com,qq.com,"Knows"
qq.com,qq.com,"Knows"
qq.com,qq.com,"Knows"
gtimg.com,qq.com,"Knows"
gtimg.cn,qq.com,"Knows"
gtimg.com,qq.com,"Knows"
qq.com,qq.com,"Knows"
com.cn,qq.com,"Knows"
gtimg.com,qq.com,"Knows"
gtimg.com,qq.com,"Knows"
gtimg.com,qq.com,"Knows"
gtimg.com,qq.com,"Knows"
gtimg.com,qq.com,"Knows"
gtimg.com,qq.com,"Knows"
gtimg.com,qq.com,"Knows"
qq.com,qq.com,"Knows"
qq.com,qq.com,"Knows"
qq.com,qq.com,"Knows"
gtimg.com,qq.com,"Knows"
tanx.com,qq.com,"Knows"
gtimg.cn,qq.com,"Knows"
alicdn.com,qq.com,"Knows"
alicdn.com,qq.com,"Knows"
gtimg.com,qq.com,"Knows"
gtimg.com,qq.com,"Knows"
tanx.com,qq.com,"Knows"
tanx.com,qq.com,"Knows"
taobaocdn.com,qq.com,"Knows"
jd.com,qq.com,"Knows"
alicdn.com,qq.com,"Knows"
alicdn.com,qq.com,"Knows"
taobao.com,qq.com,"Knows"
tanx.com,qq.com,"Knows"
360buyimg.com,qq.com,"Knows"
360buyimg.com,qq.com,"Knows"
360buyimg.com,qq.com,"Knows"
jd.com,qq.com,"Knows"
360buyimg.com,qq.com,"Knows"
360buyimg.com,qq.com,"Knows"
360buyimg.com,qq.com,"Knows"
360buyimg.com,qq.com,"Knows"
360buyimg.com,qq.com,"Knows"
360buyimg.com,qq.com,"Knows"
360buyimg.com,qq.com,"Knows"
360buyimg.com,qq.com,"Knows"
360buyimg.com,qq.com,"Knows"
trafficjam.cn,qq.com,"Knows"
jd.com,qq.com,"Knows"
3.cn,qq.com,"Knows"
tanx.com,qq.com,"Knows"
taobao.com,qq.com,"Knows"
taobaocdn.com,qq.com,"Knows"
taobaocdn.com,qq.com,"Knows"
tanx.com,qq.com,"Knows"
taobaocdn.com,qq.com,"Knows"
alicdn.com,qq.com,"Knows"
jd.com,qq.com,"Knows"
mmstat.com,qq.com,"Knows"
alicdn.com,qq.com,"Knows"
gtimg.cn,qq.com,"Knows"
alicdn.com,qq.com,"Knows"
jd.com,qq.com,"Knows"
jd.com,qq.com,"Knows"
alicdn.com,qq.com,"Knows"
360buyimg.com,qq.com,"Knows"
jd.com,qq.com,"Knows"
taobao.com,qq.com,"Knows"
alicdn.com,qq.com,"Knows"
jd.com,qq.com,"Knows"
alicdn.com,qq.com,"Knows"
jd.com,qq.com,"Knows"
alicdn.com,qq.com,"Knows"
alicdn.com,qq.com,"Knows"
alicdn.com,qq.com,"Knows"
alicdn.com,qq.com,"Knows"
alicdn.com,qq.com,"Knows"
alicdn.com,qq.com,"Knows"
alicdn.com,qq.com,"Knows"
alicdn.com,qq.com,"Knows"
alicdn.com,qq.com,"Knows"
alicdn.com,qq.com,"Knows"
alicdn.com,qq.com,"Knows"
twitter.com,twitter.com,"Knows"
twitter.com,twitter.com,"Knows"
mozilla.com,twitter.com,"Knows"
twimg.com,twitter.com,"Knows"
twimg.com,twitter.com,"Knows"
twimg.com,twitter.com,"Knows"
twimg.com,twitter.com,"Knows"
twimg.com,twitter.com,"Knows"
twimg.com,twitter.com,"Knows"
twimg.com,twitter.com,"Knows"
twimg.com,twitter.com,"Knows"
twimg.com,twitter.com,"Knows"
twimg.com,twitter.com,"Knows"
google-analytics.com,twitter.com,"Knows"
twitter.com,twitter.com,"Knows"
google-analytics.com,twitter.com,"Knows"
twitter.com,twitter.com,"Knows"
google.co.in,google.co.in,"Knows"
google.co.in,google.co.in,"Knows"
google.co.in,google.co.in,"Knows"
google.co.in,google.co.in,"Knows"
gstatic.com,google.co.in,"Knows"
google.co.in,google.co.in,"Knows"
google.co.in,google.co.in,"Knows"
google.co.in,google.co.in,"Knows"
gstatic.com,google.co.in,"Knows"
google.co.in,google.co.in,"Knows"
google.com,google.co.in,"Knows"
google.co.in,google.co.in,"Knows"
google.com,google.co.in,"Knows"
google.co.in,google.co.in,"Knows"
google.co.in,google.co.in,"Knows"
taobao.com,taobao.com,"Knows"
taobao.com,taobao.com,"Knows"
taobao.com,taobao.com,"Knows"
taobao.com,taobao.com,"Knows"
alicdn.com,taobao.com,"Knows"
alicdn.com,taobao.com,"Knows"
alicdn.com,taobao.com,"Knows"
alicdn.com,taobao.com,"Knows"
alicdn.com,taobao.com,"Knows"
alicdn.com,taobao.com,"Knows"
alicdn.com,taobao.com,"Knows"
alicdn.com,taobao.com,"Knows"
alicdn.com,taobao.com,"Knows"
alicdn.com,taobao.com,"Knows"
alicdn.com,taobao.com,"Knows"
alicdn.com,taobao.com,"Knows"
alicdn.com,taobao.com,"Knows"
alicdn.com,taobao.com,"Knows"
alicdn.com,taobao.com,"Knows"
alicdn.com,taobao.com,"Knows"
alicdn.com,taobao.com,"Knows"
alicdn.com,taobao.com,"Knows"
alicdn.com,taobao.com,"Knows"
alicdn.com,taobao.com,"Knows"
alicdn.com,taobao.com,"Knows"
alicdn.com,taobao.com,"Knows"
alicdn.com,taobao.com,"Knows"
alicdn.com,taobao.com,"Knows"
alicdn.com,taobao.com,"Knows"
alicdn.com,taobao.com,"Knows"
alicdn.com,taobao.com,"Knows"
alicdn.com,taobao.com,"Knows"
alicdn.com,taobao.com,"Knows"
alicdn.com,taobao.com,"Knows"
alicdn.com,taobao.com,"Knows"
alicdn.com,taobao.com,"Knows"
alicdn.com,taobao.com,"Knows"
alicdn.com,taobao.com,"Knows"
alicdn.com,taobao.com,"Knows"
alicdn.com,taobao.com,"Knows"
alicdn.com,taobao.com,"Knows"
alicdn.com,taobao.com,"Knows"
alicdn.com,taobao.com,"Knows"
alicdn.com,taobao.com,"Knows"
alicdn.com,taobao.com,"Knows"
alicdn.com,taobao.com,"Knows"
alicdn.com,taobao.com,"Knows"
alicdn.com,taobao.com,"Knows"
alicdn.com,taobao.com,"Knows"
alicdn.com,taobao.com,"Knows"
alicdn.com,taobao.com,"Knows"
alicdn.com,taobao.com,"Knows"
alicdn.com,taobao.com,"Knows"
alicdn.com,taobao.com,"Knows"
alicdn.com,taobao.com,"Knows"
alicdn.com,taobao.com,"Knows"
alicdn.com,taobao.com,"Knows"
alicdn.com,taobao.com,"Knows"
alicdn.com,taobao.com,"Knows"
alicdn.com,taobao.com,"Knows"
alicdn.com,taobao.com,"Knows"
alicdn.com,taobao.com,"Knows"
alicdn.com,taobao.com,"Knows"
alicdn.com,taobao.com,"Knows"
alicdn.com,taobao.com,"Knows"
alicdn.com,taobao.com,"Knows"
taobao.com,taobao.com,"Knows"
alicdn.com,taobao.com,"Knows"
alicdn.com,taobao.com,"Knows"
alicdn.com,taobao.com,"Knows"
alicdn.com,taobao.com,"Knows"
alicdn.com,taobao.com,"Knows"
taobao.com,taobao.com,"Knows"
taobao.com,taobao.com,"Knows"
taobao.com,taobao.com,"Knows"
taobao.com,taobao.com,"Knows"
alicdn.com,taobao.com,"Knows"
alicdn.com,taobao.com,"Knows"
mmstat.com,taobao.com,"Knows"
alicdn.com,taobao.com,"Knows"
alicdn.com,taobao.com,"Knows"
alicdn.com,taobao.com,"Knows"
alicdn.com,taobao.com,"Knows"
alicdn.com,taobao.com,"Knows"
taobao.com,taobao.com,"Knows"
taobao.com,taobao.com,"Knows"
taobao.com,taobao.com,"Knows"
alicdn.com,taobao.com,"Knows"
alicdn.com,taobao.com,"Knows"
alicdn.com,taobao.com,"Knows"
alicdn.com,taobao.com,"Knows"
alicdn.com,taobao.com,"Knows"
alicdn.com,taobao.com,"Knows"
alicdn.com,taobao.com,"Knows"
alicdn.com,taobao.com,"Knows"
alicdn.com,taobao.com,"Knows"
alicdn.com,taobao.com,"Knows"
alicdn.com,taobao.com,"Knows"
alicdn.com,taobao.com,"Knows"
alicdn.com,taobao.com,"Knows"
alicdn.com,taobao.com,"Knows"
taobao.com,taobao.com,"Knows"
taobao.com,taobao.com,"Knows"
tmall.com,taobao.com,"Knows"
tmall.com,tmall.com,"Knows"
alicdn.com,taobao.com,"Knows"
alicdn.com,taobao.com,"Knows"
taobao.com,taobao.com,"Knows"
googleapis.com,taobao.com,"Knows"
googleapis.com,taobao.com,"Knows"
google.com,taobao.com,"Knows"
gstatic.com,taobao.com,"Knows"
mmstat.com,taobao.com,"Knows"
tbcdn.cn,taobao.com,"Knows"
taobao.com,taobao.com,"Knows"
live.com,live.com,"Knows"
live.com,live.com,"Knows"
live.com,live.com,"Knows"
live.com,live.com,"Knows"
gfx.ms,live.com,"Knows"
gfx.ms,live.com,"Knows"
gfx.ms,live.com,"Knows"
gfx.ms,live.com,"Knows"
gfx.ms,live.com,"Knows"
live.com,live.com,"Knows"
live.com,live.com,"Knows"
live.com,live.com,"Knows"
live.com,live.com,"Knows"
live.com,live.com,"Knows"
live.com,live.com,"Knows"
live.com,live.com,"Knows"
sina.com.cn,sina.com.cn,"Knows"
sina.com.cn,sina.com.cn,"Knows"
sina.com.cn,sina.com.cn,"Knows"
sina.com.cn,sina.com.cn,"Knows"
sina.com.cn,sina.com.cn,"Knows"
sina.com.cn,sina.com.cn,"Knows"
sina.com.cn,sina.com.cn,"Knows"
sina.com.cn,sina.com.cn,"Knows"
sina.com.cn,sina.com.cn,"Knows"
sina.com.cn,sina.com.cn,"Knows"
sinaimg.cn,sina.com.cn,"Knows"
sina.com.cn,sina.com.cn,"Knows"
sina.com.cn,sina.com.cn,"Knows"
sina.com.cn,sina.com.cn,"Knows"
sinaimg.cn,sina.com.cn,"Knows"
sinaimg.cn,sina.com.cn,"Knows"
sinaimg.cn,sina.com.cn,"Knows"
sinaimg.cn,sina.com.cn,"Knows"
sinaimg.cn,sina.com.cn,"Knows"
sina.com.cn,sina.com.cn,"Knows"
sina.com.cn,sina.com.cn,"Knows"
sinaimg.cn,sina.com.cn,"Knows"
sinaimg.cn,sina.com.cn,"Knows"
sinaimg.cn,sina.com.cn,"Knows"
sinaimg.cn,sina.com.cn,"Knows"
sina.com.cn,sina.com.cn,"Knows"
sinaimg.cn,sina.com.cn,"Knows"
sinaimg.cn,sina.com.cn,"Knows"
sinaimg.cn,sina.com.cn,"Knows"
sinastorage.com,sina.com.cn,"Knows"
esfimg.com,sina.com.cn,"Knows"
sina.com.cn,sina.com.cn,"Knows"
sina.com.cn,sina.com.cn,"Knows"
sinajs.cn,sina.com.cn,"Knows"
sinaimg.cn,sina.com.cn,"Knows"
sina.com.cn,sina.com.cn,"Knows"
sina.com.cn,sina.com.cn,"Knows"
sinaimg.cn,sina.com.cn,"Knows"
sina.com.cn,sina.com.cn,"Knows"
sinaimg.cn,sina.com.cn,"Knows"
sina.com.cn,sina.com.cn,"Knows"
sinajs.cn,sina.com.cn,"Knows"
sina.com.cn,sina.com.cn,"Knows"
sina.com.cn,sina.com.cn,"Knows"
sinajs.cn,sina.com.cn,"Knows"
sina.com.cn,sina.com.cn,"Knows"
sina.com.cn,sina.com.cn,"Knows"
sina.com.cn,sina.com.cn,"Knows"
sina.com.cn,sina.com.cn,"Knows"
sina.com.cn,sina.com.cn,"Knows"
sina.com.cn,sina.com.cn,"Knows"
sinaimg.cn,sina.com.cn,"Knows"
sina.com.cn,sina.com.cn,"Knows"
sinaimg.cn,sina.com.cn,"Knows"
sinaimg.cn,sina.com.cn,"Knows"
sinaimg.cn,sina.com.cn,"Knows"
sinaimg.cn,sina.com.cn,"Knows"
sinaimg.cn,sina.com.cn,"Knows"
sina.com.cn,sina.com.cn,"Knows"
weibo.com,sina.com.cn,"Knows"
sinaimg.cn,sina.com.cn,"Knows"
sinaimg.cn,sina.com.cn,"Knows"
sinaimg.cn,sina.com.cn,"Knows"
sina.com.cn,sina.com.cn,"Knows"
sina.com.cn,sina.com.cn,"Knows"
sina.com.cn,sina.com.cn,"Knows"
sinaimg.cn,sina.com.cn,"Knows"
sina.com.cn,sina.com.cn,"Knows"
sina.com.cn,sina.com.cn,"Knows"
sinaimg.cn,sina.com.cn,"Knows"
sina.com.cn,sina.com.cn,"Knows"
sinaimg.cn,sina.com.cn,"Knows"
sina.com.cn,sina.com.cn,"Knows"
sinaimg.cn,sina.com.cn,"Knows"
sinaimg.cn,sina.com.cn,"Knows"
sina.com.cn,sina.com.cn,"Knows"
sina.com.cn,sina.com.cn,"Knows"
sina.com.cn,sina.com.cn,"Knows"
sina.com.cn,sina.com.cn,"Knows"
sina.com.cn,sina.com.cn,"Knows"
sinaimg.cn,sina.com.cn,"Knows"
sinaimg.cn,sina.com.cn,"Knows"
sinaimg.cn,sina.com.cn,"Knows"
sinaimg.cn,sina.com.cn,"Knows"
sina.com.cn,sina.com.cn,"Knows"
sina.com.cn,sina.com.cn,"Knows"
sina.com.cn,sina.com.cn,"Knows"
sina.com.cn,sina.com.cn,"Knows"
sina.com.cn,sina.com.cn,"Knows"
sina.com.cn,sina.com.cn,"Knows"
sina.com.cn,sina.com.cn,"Knows"
sina.com.cn,sina.com.cn,"Knows"
sina.com.cn,sina.com.cn,"Knows"
sina.com.cn,sina.com.cn,"Knows"
sina.com.cn,sina.com.cn,"Knows"
sina.com.cn,sina.com.cn,"Knows"
sina.com.cn,sina.com.cn,"Knows"
sina.com.cn,sina.com.cn,"Knows"
sina.com.cn,sina.com.cn,"Knows"
sina.com.cn,sina.com.cn,"Knows"
sina.com.cn,sina.com.cn,"Knows"
sina.com.cn,sina.com.cn,"Knows"
sina.com.cn,sina.com.cn,"Knows"
sina.com.cn,sina.com.cn,"Knows"
sina.com.cn,sina.com.cn,"Knows"
sina.com.cn,sina.com.cn,"Knows"
sina.com.cn,sina.com.cn,"Knows"
sina.com.cn,sina.com.cn,"Knows"
sina.com.cn,sina.com.cn,"Knows"
sina.com.cn,sina.com.cn,"Knows"
sina.com.cn,sina.com.cn,"Knows"
sina.com.cn,sina.com.cn,"Knows"
sina.com.cn,sina.com.cn,"Knows"
sina.com.cn,sina.com.cn,"Knows"
sina.com.cn,sina.com.cn,"Knows"
sina.com.cn,sina.com.cn,"Knows"
sina.com.cn,sina.com.cn,"Knows"
sina.com.cn,sina.com.cn,"Knows"
sina.com.cn,sina.com.cn,"Knows"
sina.com.cn,sina.com.cn,"Knows"
sinaimg.cn,sina.com.cn,"Knows"
sina.com.cn,sina.com.cn,"Knows"
sinaimg.cn,sina.com.cn,"Knows"
sina.com.cn,sina.com.cn,"Knows"
sina.com.cn,sina.com.cn,"Knows"
sina.com.cn,sina.com.cn,"Knows"
sina.com.cn,sina.com.cn,"Knows"
sina.com.cn,sina.com.cn,"Knows"
sina.com.cn,sina.com.cn,"Knows"
sinaimg.cn,sina.com.cn,"Knows"
sina.com.cn,sina.com.cn,"Knows"
sina.com.cn,sina.com.cn,"Knows"
sina.com.cn,sina.com.cn,"Knows"
sina.com.cn,sina.com.cn,"Knows"
sina.com.cn,sina.com.cn,"Knows"
sina.com.cn,sina.com.cn,"Knows"
sina.com.cn,sina.com.cn,"Knows"
sinaimg.cn,sina.com.cn,"Knows"
sina.com.cn,sina.com.cn,"Knows"
sinaimg.cn,sina.com.cn,"Knows"
sinaimg.cn,sina.com.cn,"Knows"
sinaimg.cn,sina.com.cn,"Knows"
sinaimg.cn,sina.com.cn,"Knows"
sinaimg.cn,sina.com.cn,"Knows"
sinaimg.cn,sina.com.cn,"Knows"
sinaimg.cn,sina.com.cn,"Knows"
sinaimg.cn,sina.com.cn,"Knows"
sina.com.cn,sina.com.cn,"Knows"
sinaimg.cn,sina.com.cn,"Knows"
sinaimg.cn,sina.com.cn,"Knows"
sinaimg.cn,sina.com.cn,"Knows"
sinaimg.cn,sina.com.cn,"Knows"
sinaimg.cn,sina.com.cn,"Knows"
sinaimg.cn,sina.com.cn,"Knows"
sina.com.cn,sina.com.cn,"Knows"
sina.com.cn,sina.com.cn,"Knows"
sina.com.cn,sina.com.cn,"Knows"
sina.com.cn,sina.com.cn,"Knows"
sina.com.cn,sina.com.cn,"Knows"
wrating.com,sina.com.cn,"Knows"
sina.com.cn,sina.com.cn,"Knows"
sina.com.cn,sina.com.cn,"Knows"
sinaimg.cn,sina.com.cn,"Knows"
sinaimg.cn,sina.com.cn,"Knows"
sinaimg.cn,sina.com.cn,"Knows"
sinaimg.cn,sina.com.cn,"Knows"
sina.com.cn,sina.com.cn,"Knows"
sinaimg.cn,sina.com.cn,"Knows"
sinaimg.cn,sina.com.cn,"Knows"
sina.com.cn,sina.com.cn,"Knows"
sina.com.cn,sina.com.cn,"Knows"
sinaimg.cn,sina.com.cn,"Knows"
sina.com.cn,sina.com.cn,"Knows"
sina.com.cn,sina.com.cn,"Knows"
sinaimg.cn,sina.com.cn,"Knows"
sina.com.cn,sina.com.cn,"Knows"
sinaimg.cn,sina.com.cn,"Knows"
sina.com.cn,sina.com.cn,"Knows"
sina.com.cn,sina.com.cn,"Knows"
sinaimg.cn,sina.com.cn,"Knows"
sinaimg.cn,sina.com.cn,"Knows"
sinaimg.cn,sina.com.cn,"Knows"
sinaimg.cn,sina.com.cn,"Knows"
sinaimg.cn,sina.com.cn,"Knows"
sinaimg.cn,sina.com.cn,"Knows"
sinaimg.cn,sina.com.cn,"Knows"
sinaimg.cn,sina.com.cn,"Knows"
sina.com.cn,sina.com.cn,"Knows"
sinaimg.cn,sina.com.cn,"Knows"
sinaimg.cn,sina.com.cn,"Knows"
sinaimg.cn,sina.com.cn,"Knows"
sina.com.cn,sina.com.cn,"Knows"
sinaimg.cn,sina.com.cn,"Knows"
sinaimg.cn,sina.com.cn,"Knows"
sina.com.cn,sina.com.cn,"Knows"
sinaimg.cn,sina.com.cn,"Knows"
sina.com.cn,sina.com.cn,"Knows"
sina.com.cn,sina.com.cn,"Knows"
sinaimg.cn,sina.com.cn,"Knows"
sinaimg.cn,sina.com.cn,"Knows"
sina.com.cn,sina.com.cn,"Knows"
sina.com.cn,sina.com.cn,"Knows"
sinaimg.cn,sina.com.cn,"Knows"
sinaimg.cn,sina.com.cn,"Knows"
sina.com.cn,sina.com.cn,"Knows"
sina.com.cn,sina.com.cn,"Knows"
sina.com.cn,sina.com.cn,"Knows"
sina.com.cn,sina.com.cn,"Knows"
sina.com.cn,sina.com.cn,"Knows"
sina.com.cn,sina.com.cn,"Knows"
sina.com.cn,sina.com.cn,"Knows"
sina.com.cn,sina.com.cn,"Knows"
sina.com.cn,sina.com.cn,"Knows"
sina.com.cn,sina.com.cn,"Knows"
sina.com.cn,sina.com.cn,"Knows"
sina.com.cn,sina.com.cn,"Knows"
sina.com.cn,sina.com.cn,"Knows"
sina.com.cn,sina.com.cn,"Knows"
sinaimg.cn,sina.com.cn,"Knows"
sinaimg.cn,sina.com.cn,"Knows"
sina.com.cn,sina.com.cn,"Knows"
sina.com.cn,sina.com.cn,"Knows"
sinaimg.cn,sina.com.cn,"Knows"
sinaimg.cn,sina.com.cn,"Knows"
sinaimg.cn,sina.com.cn,"Knows"
sina.com.cn,sina.com.cn,"Knows"
sina.com.cn,sina.com.cn,"Knows"
sina.com.cn,sina.com.cn,"Knows"
sina.com.cn,sina.com.cn,"Knows"
sina.com.cn,sina.com.cn,"Knows"
sina.com.cn,sina.com.cn,"Knows"
sina.com.cn,sina.com.cn,"Knows"
sinaimg.cn,sina.com.cn,"Knows"
sina.com.cn,sina.com.cn,"Knows"
sina.com.cn,sina.com.cn,"Knows"
sina.com.cn,sina.com.cn,"Knows"
sina.com.cn,sina.com.cn,"Knows"
sina.com.cn,sina.com.cn,"Knows"
sina.com.cn,sina.com.cn,"Knows"
sina.com.cn,sina.com.cn,"Knows"
sina.com.cn,sina.com.cn,"Knows"
sina.com.cn,sina.com.cn,"Knows"
sina.com.cn,sina.com.cn,"Knows"
sina.com.cn,sina.com.cn,"Knows"
sina.com.cn,sina.com.cn,"Knows"
sina.com.cn,sina.com.cn,"Knows"
sinaimg.cn,sina.com.cn,"Knows"
sina.com.cn,sina.com.cn,"Knows"
sinaimg.cn,sina.com.cn,"Knows"
sina.com.cn,sina.com.cn,"Knows"
sina.com.cn,sina.com.cn,"Knows"
sina.com.cn,sina.com.cn,"Knows"
sina.com.cn,sina.com.cn,"Knows"
sina.com.cn,sina.com.cn,"Knows"
sina.com.cn,sina.com.cn,"Knows"
sina.com.cn,sina.com.cn,"Knows"
sina.com.cn,sina.com.cn,"Knows"
sina.com.cn,sina.com.cn,"Knows"
sina.com.cn,sina.com.cn,"Knows"
sina.com.cn,sina.com.cn,"Knows"
sina.com.cn,sina.com.cn,"Knows"
sina.com.cn,sina.com.cn,"Knows"
sina.com.cn,sina.com.cn,"Knows"
sina.com.cn,sina.com.cn,"Knows"
sina.com.cn,sina.com.cn,"Knows"
sina.com.cn,sina.com.cn,"Knows"
sina.com.cn,sina.com.cn,"Knows"
sina.com.cn,sina.com.cn,"Knows"
sina.com.cn,sina.com.cn,"Knows"
sina.com.cn,sina.com.cn,"Knows"
sina.com.cn,sina.com.cn,"Knows"
sina.com.cn,sina.com.cn,"Knows"
sina.com.cn,sina.com.cn,"Knows"
sinaimg.cn,sina.com.cn,"Knows"
sina.com.cn,sina.com.cn,"Knows"
sina.com.cn,sina.com.cn,"Knows"
sina.com.cn,sina.com.cn,"Knows"
sina.com.cn,sina.com.cn,"Knows"
sina.com.cn,sina.com.cn,"Knows"
sina.com.cn,sina.com.cn,"Knows"
sina.com.cn,sina.com.cn,"Knows"
sina.com.cn,sina.com.cn,"Knows"
sina.com.cn,sina.com.cn,"Knows"
sina.com.cn,sina.com.cn,"Knows"
sina.com.cn,sina.com.cn,"Knows"
sina.com.cn,sina.com.cn,"Knows"
sina.com.cn,sina.com.cn,"Knows"
sina.com.cn,sina.com.cn,"Knows"
sina.com.cn,sina.com.cn,"Knows"
sina.com.cn,sina.com.cn,"Knows"
sina.com.cn,sina.com.cn,"Knows"
sinaimg.cn,sina.com.cn,"Knows"
sina.com.cn,sina.com.cn,"Knows"
sina.com.cn,sina.com.cn,"Knows"
mediav.com,sina.com.cn,"Knows"
sina.com.cn,sina.com.cn,"Knows"
tanx.com,sina.com.cn,"Knows"
sina.com.cn,sina.com.cn,"Knows"
alicdn.com,sina.com.cn,"Knows"
baifendian.com,sina.com.cn,"Knows"
weibo.com,sina.com.cn,"Knows"
weibo.com,sina.com.cn,"Knows"
sinaimg.cn,sina.com.cn,"Knows"
sina.com.cn,sina.com.cn,"Knows"
sina.com.cn,sina.com.cn,"Knows"
gtags.net,sina.com.cn,"Knows"
sina.com.cn,sina.com.cn,"Knows"
sina.com.cn,sina.com.cn,"Knows"
miaozhen.com,sina.com.cn,"Knows"
tanx.com,sina.com.cn,"Knows"
tanx.com,sina.com.cn,"Knows"
tanx.com,sina.com.cn,"Knows"
sina.com.cn,sina.com.cn,"Knows"
sina.com.cn,sina.com.cn,"Knows"
sina.com.cn,sina.com.cn,"Knows"
sinajs.cn,sina.com.cn,"Knows"
alicdn.com,sina.com.cn,"Knows"
tanx.com,sina.com.cn,"Knows"
leju.com,sina.com.cn,"Knows"
weibo.com,sina.com.cn,"Knows"
tanx.com,sina.com.cn,"Knows"
tanx.com,sina.com.cn,"Knows"
alicdn.com,sina.com.cn,"Knows"
alicdn.com,sina.com.cn,"Knows"
alicdn.com,sina.com.cn,"Knows"
alicdn.com,sina.com.cn,"Knows"
alicdn.com,sina.com.cn,"Knows"
weibo.com,sina.com.cn,"Knows"
sina.com.cn,sina.com.cn,"Knows"
alicdn.com,sina.com.cn,"Knows"
qq.com,sina.com.cn,"Knows"
tanx.com,qq.com,"Knows"
alicdn.com,sina.com.cn,"Knows"
sina.com.cn,sina.com.cn,"Knows"
alicdn.com,sina.com.cn,"Knows"
tanx.com,sina.com.cn,"Knows"
tanx.com,sina.com.cn,"Knows"
sina.com.cn,sina.com.cn,"Knows"
sina.com.cn,sina.com.cn,"Knows"
sina.com.cn,sina.com.cn,"Knows"
sina.com.cn,sina.com.cn,"Knows"
tanx.com,sina.com.cn,"Knows"
tanx.com,sina.com.cn,"Knows"
taobao.com,sina.com.cn,"Knows"
uuzuonline.com,sina.com.cn,"Knows"
alicdn.com,sina.com.cn,"Knows"
tanx.com,sina.com.cn,"Knows"
alibaba.com,sina.com.cn,"Knows"
sina.com.cn,sina.com.cn,"Knows"
sina.com.cn,sina.com.cn,"Knows"
tanx.com,sina.com.cn,"Knows"
sina.com.cn,sina.com.cn,"Knows"
sina.com.cn,sina.com.cn,"Knows"
tanx.com,sina.com.cn,"Knows"
sinajs.cn,sina.com.cn,"Knows"
taobaocdn.com,sina.com.cn,"Knows"
sinajs.cn,sina.com.cn,"Knows"
tanx.com,sina.com.cn,"Knows"
tanx.com,sina.com.cn,"Knows"
taobao.com,sina.com.cn,"Knows"
taobao.com,sina.com.cn,"Knows"
sina.com.cn,sina.com.cn,"Knows"
tanx.com,sina.com.cn,"Knows"
alicdn.com,sina.com.cn,"Knows"
sina.com.cn,sina.com.cn,"Knows"
taobaocdn.com,sina.com.cn,"Knows"
mediav.com,sina.com.cn,"Knows"
mediav.com,sina.com.cn,"Knows"
mediav.com,sina.com.cn,"Knows"
tanx.com,sina.com.cn,"Knows"
taobao.com,sina.com.cn,"Knows"
jd.com,sina.com.cn,"Knows"
sina.com.cn,sina.com.cn,"Knows"
tanx.com,sina.com.cn,"Knows"
alicdn.com,sina.com.cn,"Knows"
taobaocdn.com,sina.com.cn,"Knows"
sinajs.cn,sina.com.cn,"Knows"
mediav.com,sina.com.cn,"Knows"
360buyimg.com,sina.com.cn,"Knows"
360buyimg.com,sina.com.cn,"Knows"
360buyimg.com,sina.com.cn,"Knows"
sina.com.cn,sina.com.cn,"Knows"
360buyimg.com,sina.com.cn,"Knows"
360buyimg.com,sina.com.cn,"Knows"
360buyimg.com,sina.com.cn,"Knows"
360buyimg.com,sina.com.cn,"Knows"
taobao.com,sina.com.cn,"Knows"
360buyimg.com,sina.com.cn,"Knows"
360buyimg.com,sina.com.cn,"Knows"
360buyimg.com,sina.com.cn,"Knows"
360buyimg.com,sina.com.cn,"Knows"
360buyimg.com,sina.com.cn,"Knows"
360buyimg.com,sina.com.cn,"Knows"
360buyimg.com,sina.com.cn,"Knows"
360buyimg.com,sina.com.cn,"Knows"
360buyimg.com,sina.com.cn,"Knows"
360buyimg.com,sina.com.cn,"Knows"
360buyimg.com,sina.com.cn,"Knows"
360buyimg.com,sina.com.cn,"Knows"
360buyimg.com,sina.com.cn,"Knows"
360buyimg.com,sina.com.cn,"Knows"
360buyimg.com,sina.com.cn,"Knows"
360buyimg.com,sina.com.cn,"Knows"
360buyimg.com,sina.com.cn,"Knows"
tanx.com,sina.com.cn,"Knows"
tanx.com,sina.com.cn,"Knows"
alicdn.com,sina.com.cn,"Knows"
jd.com,sina.com.cn,"Knows"
alicdn.com,sina.com.cn,"Knows"
360buyimg.com,sina.com.cn,"Knows"
youku.com,sina.com.cn,"Knows"
alicdn.com,sina.com.cn,"Knows"
jd.com,sina.com.cn,"Knows"
jd.com,sina.com.cn,"Knows"
3.cn,sina.com.cn,"Knows"
taobaocdn.com,sina.com.cn,"Knows"
jd.com,sina.com.cn,"Knows"
jd.com,sina.com.cn,"Knows"
jd.com,sina.com.cn,"Knows"
jd.com,sina.com.cn,"Knows"
sina.com.cn,sina.com.cn,"Knows"
sinajs.cn,sina.com.cn,"Knows"
jd.com,sina.com.cn,"Knows"
jd.com,sina.com.cn,"Knows"
taobao.com,sina.com.cn,"Knows"
jd.com,sina.com.cn,"Knows"
jd.com,sina.com.cn,"Knows"
jd.com,sina.com.cn,"Knows"
mediav.com,sina.com.cn,"Knows"
jd.com,sina.com.cn,"Knows"
sina.com.cn,sina.com.cn,"Knows"
taobao.com,sina.com.cn,"Knows"
alicdn.com,sina.com.cn,"Knows"
alicdn.com,sina.com.cn,"Knows"
alicdn.com,sina.com.cn,"Knows"
alicdn.com,sina.com.cn,"Knows"
jd.com,sina.com.cn,"Knows"
taobaocdn.com,sina.com.cn,"Knows"
weibo.com,sina.com.cn,"Knows"
alipay.com,sina.com.cn,"Knows"
sina.com.cn,sina.com.cn,"Knows"
jd.com,sina.com.cn,"Knows"
mediav.com,sina.com.cn,"Knows"
sina.com.cn,sina.com.cn,"Knows"
sinajs.cn,sina.com.cn,"Knows"
taobaocdn.com,sina.com.cn,"Knows"
jd.com,sina.com.cn,"Knows"
alicdn.com,sina.com.cn,"Knows"
jd.com,sina.com.cn,"Knows"
jd.com,sina.com.cn,"Knows"
jd.com,sina.com.cn,"Knows"
alibaba.com,sina.com.cn,"Knows"
alicdn.com,sina.com.cn,"Knows"
alicdn.com,sina.com.cn,"Knows"
jd.com,sina.com.cn,"Knows"
alicdn.com,sina.com.cn,"Knows"
sinajs.cn,sina.com.cn,"Knows"
alicdn.com,sina.com.cn,"Knows"
taobaocdn.com,sina.com.cn,"Knows"
jd.com,sina.com.cn,"Knows"
360buyimg.com,sina.com.cn,"Knows"
alicdn.com,sina.com.cn,"Knows"
taobaocdn.com,sina.com.cn,"Knows"
alicdn.com,sina.com.cn,"Knows"
alicdn.com,sina.com.cn,"Knows"
sinajs.cn,sina.com.cn,"Knows"
taobaocdn.com,sina.com.cn,"Knows"
sinajs.cn,sina.com.cn,"Knows"
sina.com.cn,sina.com.cn,"Knows"
sina.com.cn,sina.com.cn,"Knows"
sina.com.cn,sina.com.cn,"Knows"
sinaimg.cn,sina.com.cn,"Knows"
sinaimg.cn,sina.com.cn,"Knows"
weibo.com,weibo.com,"Knows"
weibo.com,weibo.com,"Knows"
weibo.com,weibo.com,"Knows"
sina.com,weibo.com,"Knows"
sina.com,weibo.com,"Knows"
sina.com,weibo.com,"Knows"
sina.com,weibo.com,"Knows"
sina.com,weibo.com,"Knows"
sina.com,weibo.com,"Knows"
sina.com,weibo.com,"Knows"
sina.com,weibo.com,"Knows"
sina.com,weibo.com,"Knows"
sina.com,weibo.com,"Knows"
sina.com,weibo.com,"Knows"
sina.com.cn,weibo.com,"Knows"
weibo.com,weibo.com,"Knows"
weibo.com,weibo.com,"Knows"
weibo.com,weibo.com,"Knows"
weibo.com,weibo.com,"Knows"
weibo.com,weibo.com,"Knows"
weibo.com,weibo.com,"Knows"
weibo.com,weibo.com,"Knows"
weibo.com,weibo.com,"Knows"
weibo.com,weibo.com,"Knows"
weibo.com,weibo.com,"Knows"
weibo.com,weibo.com,"Knows"
weibo.com,weibo.com,"Knows"
weibo.com,weibo.com,"Knows"
sina.com,weibo.com,"Knows"
sina.com,weibo.com,"Knows"
sina.com,weibo.com,"Knows"
sina.com,weibo.com,"Knows"
sina.com,weibo.com,"Knows"
googletagservices.com,weibo.com,"Knows"
sina.com,weibo.com,"Knows"
sina.com,weibo.com,"Knows"
sina.com,weibo.com,"Knows"
sina.com,weibo.com,"Knows"
sina.com,weibo.com,"Knows"
sina.com,weibo.com,"Knows"
sina.com,weibo.com,"Knows"
sina.com,weibo.com,"Knows"
sina.com,weibo.com,"Knows"
sina.com,weibo.com,"Knows"
sina.com,weibo.com,"Knows"
sina.com,weibo.com,"Knows"
sina.com,weibo.com,"Knows"
sina.com,weibo.com,"Knows"
sina.com,weibo.com,"Knows"
sina.com,weibo.com,"Knows"
sina.com,weibo.com,"Knows"
sinaimg.cn,weibo.com,"Knows"
sinaimg.cn,weibo.com,"Knows"
sinaimg.cn,weibo.com,"Knows"
sinaimg.cn,weibo.com,"Knows"
weibo.com,weibo.com,"Knows"
googleadservices.com,weibo.com,"Knows"
sina.com,weibo.com,"Knows"
sina.com,weibo.com,"Knows"
sinaimg.cn,weibo.com,"Knows"
sinaimg.cn,weibo.com,"Knows"
sinaimg.cn,weibo.com,"Knows"
google.com,weibo.com,"Knows"
sinaimg.cn,weibo.com,"Knows"
sinaimg.cn,weibo.com,"Knows"
sinaimg.cn,weibo.com,"Knows"
sinaimg.cn,weibo.com,"Knows"
sinaimg.cn,weibo.com,"Knows"
sinaimg.cn,weibo.com,"Knows"
google-analytics.com,weibo.com,"Knows"
gstatic.com,weibo.com,"Knows"
google-analytics.com,weibo.com,"Knows"
weibo.com,weibo.com,"Knows"
weibo.com,weibo.com,"Knows"
weibo.com,weibo.com,"Knows"
sina.com,weibo.com,"Knows"
weibo.com,weibo.com,"Knows"
weibo.com,weibo.com,"Knows"
weibo.com,weibo.com,"Knows"
weibo.com,weibo.com,"Knows"
yahoo.co.jp,yahoo.co.jp,"Knows"
yahoo.co.jp,yahoo.co.jp,"Knows"
yimg.jp,yahoo.co.jp,"Knows"
yimg.jp,yahoo.co.jp,"Knows"
yimg.jp,yahoo.co.jp,"Knows"
yahoo.co.jp,yahoo.co.jp,"Knows"
yimg.jp,yahoo.co.jp,"Knows"
yimg.jp,yahoo.co.jp,"Knows"
yimg.jp,yahoo.co.jp,"Knows"
yimg.jp,yahoo.co.jp,"Knows"
yimg.jp,yahoo.co.jp,"Knows"
yimg.jp,yahoo.co.jp,"Knows"
yimg.jp,yahoo.co.jp,"Knows"
yimg.jp,yahoo.co.jp,"Knows"
yimg.jp,yahoo.co.jp,"Knows"
yimg.jp,yahoo.co.jp,"Knows"
yimg.jp,yahoo.co.jp,"Knows"
yimg.jp,yahoo.co.jp,"Knows"
yimg.jp,yahoo.co.jp,"Knows"
yimg.jp,yahoo.co.jp,"Knows"
yimg.jp,yahoo.co.jp,"Knows"
yimg.jp,yahoo.co.jp,"Knows"
yimg.jp,yahoo.co.jp,"Knows"
yimg.jp,yahoo.co.jp,"Knows"
yimg.jp,yahoo.co.jp,"Knows"
yimg.jp,yahoo.co.jp,"Knows"
yimg.jp,yahoo.co.jp,"Knows"
yimg.jp,yahoo.co.jp,"Knows"
yimg.jp,yahoo.co.jp,"Knows"
yimg.jp,yahoo.co.jp,"Knows"
yimg.jp,yahoo.co.jp,"Knows"
yimg.jp,yahoo.co.jp,"Knows"
yimg.jp,yahoo.co.jp,"Knows"
yimg.jp,yahoo.co.jp,"Knows"
yimg.jp,yahoo.co.jp,"Knows"
yimg.jp,yahoo.co.jp,"Knows"
yimg.jp,yahoo.co.jp,"Knows"
yimg.jp,yahoo.co.jp,"Knows"
yimg.jp,yahoo.co.jp,"Knows"
yimg.jp,yahoo.co.jp,"Knows"
yimg.jp,yahoo.co.jp,"Knows"
yimg.jp,yahoo.co.jp,"Knows"
yimg.jp,yahoo.co.jp,"Knows"
yimg.jp,yahoo.co.jp,"Knows"
yimg.jp,yahoo.co.jp,"Knows"
yahoo.co.jp,yahoo.co.jp,"Knows"
yimg.jp,yahoo.co.jp,"Knows"
yahoo.co.jp,yahoo.co.jp,"Knows"
yimg.jp,yahoo.co.jp,"Knows"
yimg.jp,yahoo.co.jp,"Knows"
yjtag.jp,yahoo.co.jp,"Knows"
yimg.jp,yahoo.co.jp,"Knows"
yahoo.co.jp,yahoo.co.jp,"Knows"
thebrighttag.com,yahoo.co.jp,"Knows"
criteo.com,yahoo.co.jp,"Knows"
yahoo.co.jp,yahoo.co.jp,"Knows"
criteo.com,yahoo.co.jp,"Knows"
yahoo.co.jp,yahoo.co.jp,"Knows"
yimg.jp,yahoo.co.jp,"Knows"
yahoo.co.jp,yahoo.co.jp,"Knows"
yimg.jp,yahoo.co.jp,"Knows"
yahoo.co.jp,yahoo.co.jp,"Knows"
yahoo.co.jp,yahoo.com,"Knows"
yahoo.co.jp,yahoo.co.jp,"Knows"
thebrighttag.com,yahoo.co.jp,"Knows"
yahoo.co.jp,yahoo.co.jp,"Knows"
bing.com,bing.com,"Knows"
bing.com,bing.com,"Knows"
bing.com,bing.com,"Knows"
bing.com,bing.com,"Knows"
bing.com,bing.com,"Knows"
bing.com,bing.com,"Knows"
bing.com,bing.com,"Knows"
bing.com,bing.com,"Knows"
bing.com,bing.com,"Knows"
bing.com,bing.com,"Knows"
bing.com,bing.com,"Knows"
bing.com,bing.com,"Knows"
bing.com,bing.com,"Knows"
bing.com,bing.com,"Knows"
bing.com,bing.com,"Knows"
bing.com,bing.com,"Knows"
bing.com,bing.com,"Knows"
bing.com,bing.com,"Knows"
bing.com,bing.com,"Knows"
bing.com,bing.com,"Knows"
bing.com,bing.com,"Knows"
bing.com,bing.com,"Knows"
bing.com,bing.com,"Knows"
bing.com,bing.com,"Knows"
bing.com,bing.com,"Knows"
bing.com,bing.com,"Knows"
bing.com,bing.com,"Knows"
bing.com,bing.com,"Knows"
bing.com,bing.com,"Knows"
bing.com,bing.com,"Knows"
bing.com,bing.com,"Knows"
bing.com,bing.com,"Knows"
bing.com,bing.com,"Knows"
bing.com,bing.com,"Knows"
bing.com,bing.com,"Knows"
bing.com,bing.com,"Knows"
bing.com,bing.com,"Knows"
bing.com,bing.com,"Knows"
bing.com,bing.com,"Knows"
bing.com,bing.com,"Knows"
bing.com,bing.com,"Knows"
bing.com,bing.com,"Knows"
bing.com,bing.com,"Knows"
bing.com,bing.com,"Knows"
bing.com,bing.com,"Knows"
bing.com,bing.com,"Knows"
bing.com,bing.com,"Knows"
bing.com,bing.com,"Knows"
bing.com,bing.com,"Knows"
bing.com,bing.com,"Knows"
bing.com,bing.com,"Knows"
live.com,bing.com,"Knows"
bing.com,live.com,"Knows"
bing.com,bing.com,"Knows"
bing.com,bing.com,"Knows"
bing.com,bing.com,"Knows"
bing.com,bing.com,"Knows"
bing.com,bing.com,"Knows"
google.co.jp,google.co.jp,"Knows"
google.co.jp,google.co.jp,"Knows"
google.co.jp,google.co.jp,"Knows"
google.co.jp,google.co.jp,"Knows"
google.co.jp,google.co.jp,"Knows"
google.co.jp,google.co.jp,"Knows"
gstatic.com,google.co.jp,"Knows"
google.co.jp,google.co.jp,"Knows"
google.co.jp,google.co.jp,"Knows"
google.co.jp,google.co.jp,"Knows"
gstatic.com,google.co.jp,"Knows"
akamaized.net,msn.com,"Knows"
akamaized.net,msn.com,"Knows"
akamaized.net,msn.com,"Knows"
akamaized.net,msn.com,"Knows"
akamaized.net,msn.com,"Knows"
akamaized.net,msn.com,"Knows"
akamaized.net,msn.com,"Knows"
akamaized.net,msn.com,"Knows"
akamaized.net,msn.com,"Knows"
akamaized.net,msn.com,"Knows"
akamaized.net,msn.com,"Knows"
akamaized.net,msn.com,"Knows"
akamaized.net,msn.com,"Knows"
akamaized.net,msn.com,"Knows"
akamaized.net,msn.com,"Knows"
akamaized.net,msn.com,"Knows"
akamaized.net,msn.com,"Knows"
akamaized.net,msn.com,"Knows"
akamaized.net,msn.com,"Knows"
akamaized.net,msn.com,"Knows"
akamaized.net,msn.com,"Knows"
akamaized.net,msn.com,"Knows"
s-msn.com,msn.com,"Knows"
akamaized.net,msn.com,"Knows"
akamaized.net,msn.com,"Knows"
bing.com,msn.com,"Knows"
scorecardresearch.com,msn.com,"Knows"
criteo.com,msn.com,"Knows"
chartbeat.com,msn.com,"Knows"
akamaized.net,msn.com,"Knows"
akamaized.net,msn.com,"Knows"
akamaized.net,msn.com,"Knows"
akamaized.net,msn.com,"Knows"
akamaized.net,msn.com,"Knows"
akamaized.net,msn.com,"Knows"
akamaized.net,msn.com,"Knows"
akamaized.net,msn.com,"Knows"
akamaized.net,msn.com,"Knows"
akamaized.net,msn.com,"Knows"
akamaized.net,msn.com,"Knows"
akamaized.net,msn.com,"Knows"
akamaized.net,msn.com,"Knows"
akamaized.net,msn.com,"Knows"
akamaized.net,msn.com,"Knows"
akamaized.net,msn.com,"Knows"
akamaized.net,msn.com,"Knows"
bing.com,msn.com,"Knows"
live.com,msn.com,"Knows"
grvcdn.com,msn.com,"Knows"
chartbeat.net,msn.com,"Knows"
scorecardresearch.com,msn.com,"Knows"
gravity.com,msn.com,"Knows"
gravity.com,msn.com,"Knows"
advertising.com,msn.com,"Knows"
scorecardresearch.com,msn.com,"Knows"
akamaized.net,msn.com,"Knows"
s-msn.com,msn.com,"Knows"
akamaized.net,msn.com,"Knows"
akamaized.net,msn.com,"Knows"
akamaized.net,msn.com,"Knows"
akamaized.net,msn.com,"Knows"
akamaized.net,msn.com,"Knows"
akamaized.net,msn.com,"Knows"
akamaized.net,msn.com,"Knows"
akamaized.net,msn.com,"Knows"
vk.com,vk.com,"Knows"
vk.com,vk.com,"Knows"
vk.com,vk.com,"Knows"
vk.com,vk.com,"Knows"
vk.com,vk.com,"Knows"
vk.com,vk.com,"Knows"
vk.com,vk.com,"Knows"
vk.com,vk.com,"Knows"
vk.com,vk.com,"Knows"
vk.com,vk.com,"Knows"
vk.com,vk.com,"Knows"
vk.com,vk.com,"Knows"
vk.com,vk.com,"Knows"
vk.com,vk.com,"Knows"
vk.com,vk.com,"Knows"
vk.com,vk.com,"Knows"
scorecardresearch.com,vk.com,"Knows"
vk.com,vk.com,"Knows"
vk.com,vk.com,"Knows"
vk.com,vk.com,"Knows"
tns-counter.ru,vk.com,"Knows"
yadro.ru,vk.com,"Knows"
mail.ru,vk.com,"Knows"
vk.com,vk.com,"Knows"
vk.com,vk.com,"Knows"
mail.ru,vk.com,"Knows"
vk.com,vk.com,"Knows"
vk.com,vk.com,"Knows"
mail.ru,vk.com,"Knows"
yandex.ru,yandex.ru,"Knows"
yandex.ru,yandex.ru,"Knows"
yandex.ru,yandex.ru,"Knows"
yandex.ru,yandex.ru,"Knows"
yastatic.net,yandex.ru,"Knows"
yastatic.net,yandex.ru,"Knows"
yastatic.net,yandex.ru,"Knows"
yastatic.net,yandex.ru,"Knows"
yastatic.net,yandex.ru,"Knows"
yastatic.net,yandex.ru,"Knows"
yastatic.net,yandex.ru,"Knows"
yastatic.net,yandex.ru,"Knows"
yastatic.net,yandex.ru,"Knows"
yandex.ru,yandex.ru,"Knows"
yandex.ru,yandex.ru,"Knows"
yastatic.net,yandex.ru,"Knows"
yastatic.net,yandex.ru,"Knows"
yastatic.net,yandex.ru,"Knows"
yandex.ru,yandex.ru,"Knows"
yastatic.net,yandex.ru,"Knows"
yandex.ru,yandex.ru,"Knows"
yandex.ru,yandex.ru,"Knows"
yandex.ru,yandex.ru,"Knows"
yastatic.net,yandex.ru,"Knows"
yandex.ru,yandex.ru,"Knows"
yandex.ru,yandex.ru,"Knows"
yastatic.net,yandex.ru,"Knows"
yastatic.net,yandex.ru,"Knows"
tns-counter.ru,yandex.ru,"Knows"
yandex.net,yandex.ru,"Knows"
yandex.ru,yandex.ru,"Knows"
yandex.ru,yandex.ru,"Knows"
yandex.ru,yandex.ru,"Knows"
yandex.ru,yandex.ru,"Knows"
yandex.ru,yandex.ru,"Knows"
yandex.ru,yandex.ru,"Knows"
yandex.ru,yandex.ru,"Knows"
yastatic.net,yandex.ru,"Knows"
yastatic.net,yandex.ru,"Knows"
yastatic.net,yandex.ru,"Knows"
googleadservices.com,yandex.ru,"Knows"
linkedin.com,linkedin.com,"Knows"
linkedin.com,linkedin.com,"Knows"
linkedin.com,linkedin.com,"Knows"
licdn.com,linkedin.com,"Knows"
licdn.com,linkedin.com,"Knows"
licdn.com,linkedin.com,"Knows"
licdn.com,linkedin.com,"Knows"
licdn.com,linkedin.com,"Knows"
licdn.com,linkedin.com,"Knows"
licdn.com,linkedin.com,"Knows"
licdn.com,linkedin.com,"Knows"
licdn.com,linkedin.com,"Knows"
licdn.com,linkedin.com,"Knows"
linkedin.com,linkedin.com,"Knows"
linkedin.com,linkedin.com,"Knows"
scorecardresearch.com,linkedin.com,"Knows"
linkedin.com,linkedin.com,"Knows"
google-analytics.com,linkedin.com,"Knows"
licdn.com,linkedin.com,"Knows"
licdn.com,linkedin.com,"Knows"
linkedin.com,linkedin.com,"Knows"
linkedin.com,linkedin.com,"Knows"
ebayimg.com,ebay.com,"Knows"
ebayimg.com,ebay.com,"Knows"
ebayimg.com,ebay.com,"Knows"
ebayrtm.com,ebay.com,"Knows"
ebayimg.com,ebay.com,"Knows"
ebayimg.com,ebay.com,"Knows"
ebayimg.com,ebay.com,"Knows"
ebayimg.com,ebay.com,"Knows"
ebayimg.com,ebay.com,"Knows"
ebayimg.com,ebay.com,"Knows"
ebayimg.com,ebay.com,"Knows"
ebayimg.com,ebay.com,"Knows"
ebayimg.com,ebay.com,"Knows"
ebayimg.com,ebay.com,"Knows"
ebayimg.com,ebay.com,"Knows"
ebayimg.com,ebay.com,"Knows"
ebayimg.com,ebay.com,"Knows"
ebayimg.com,ebay.com,"Knows"
ebayrtm.com,ebay.com,"Knows"
ebayimg.com,ebay.com,"Knows"
ebayimg.com,ebay.com,"Knows"
ebayimg.com,ebay.com,"Knows"
ebayimg.com,ebay.com,"Knows"
ebayimg.com,ebay.com,"Knows"
ebayimg.com,ebay.com,"Knows"
ebayimg.com,ebay.com,"Knows"
ebayimg.com,ebay.com,"Knows"
ebayimg.com,ebay.com,"Knows"
ebayimg.com,ebay.com,"Knows"
ebayimg.com,ebay.com,"Knows"
ebayimg.com,ebay.com,"Knows"
ebayimg.com,ebay.com,"Knows"
ebayimg.com,ebay.com,"Knows"
ebayimg.com,ebay.com,"Knows"
ebayimg.com,ebay.com,"Knows"
ebayimg.com,ebay.com,"Knows"
ebayimg.com,ebay.com,"Knows"
ebayimg.com,ebay.com,"Knows"
ebayimg.com,ebay.com,"Knows"
ebayimg.com,ebay.com,"Knows"
ebayimg.com,ebay.com,"Knows"
ebayimg.com,ebay.com,"Knows"
ebayimg.com,ebay.com,"Knows"
ebayimg.com,ebay.com,"Knows"
ebayimg.com,ebay.com,"Knows"
ebayimg.com,ebay.com,"Knows"
ebayimg.com,ebay.com,"Knows"
ebayimg.com,ebay.com,"Knows"
ebayimg.com,ebay.com,"Knows"
ebayimg.com,ebay.com,"Knows"
ebayimg.com,ebay.com,"Knows"
ebayimg.com,ebay.com,"Knows"
ebayimg.com,ebay.com,"Knows"
ebayimg.com,ebay.com,"Knows"
ebayimg.com,ebay.com,"Knows"
ebayimg.com,ebay.com,"Knows"
ebayimg.com,ebay.com,"Knows"
ebayimg.com,ebay.com,"Knows"
ebayimg.com,ebay.com,"Knows"
ebayimg.com,ebay.com,"Knows"
ebayimg.com,ebay.com,"Knows"
ebayimg.com,ebay.com,"Knows"
ebayimg.com,ebay.com,"Knows"
ebayimg.com,ebay.com,"Knows"
ebayimg.com,ebay.com,"Knows"
ebayimg.com,ebay.com,"Knows"
ebayimg.com,ebay.com,"Knows"
ebayimg.com,ebay.com,"Knows"
ebayimg.com,ebay.com,"Knows"
ebayimg.com,ebay.com,"Knows"
ebayimg.com,ebay.com,"Knows"
ebayimg.com,ebay.com,"Knows"
ebayimg.com,ebay.com,"Knows"
ebayimg.com,ebay.com,"Knows"
ebayimg.com,ebay.com,"Knows"
ebayimg.com,ebay.com,"Knows"
ebayimg.com,ebay.com,"Knows"
ebayimg.com,ebay.com,"Knows"
ebayimg.com,ebay.com,"Knows"
ebayimg.com,ebay.com,"Knows"
ebayimg.com,ebay.com,"Knows"
ebayimg.com,ebay.com,"Knows"
ebayimg.com,ebay.com,"Knows"
ebayimg.com,ebay.com,"Knows"
ebayimg.com,ebay.com,"Knows"
ebayimg.com,ebay.com,"Knows"
ebayimg.com,ebay.com,"Knows"
ebayimg.com,ebay.com,"Knows"
ebayimg.com,ebay.com,"Knows"
ebayimg.com,ebay.com,"Knows"
ebayimg.com,ebay.com,"Knows"
ebayimg.com,ebay.com,"Knows"
ebayimg.com,ebay.com,"Knows"
ebayimg.com,ebay.com,"Knows"
ebayimg.com,ebay.com,"Knows"
ebayimg.com,ebay.com,"Knows"
ebayimg.com,ebay.com,"Knows"
ebayimg.com,ebay.com,"Knows"
ebayimg.com,ebay.com,"Knows"
ebayimg.com,ebay.com,"Knows"
ebayimg.com,ebay.com,"Knows"
ebayimg.com,ebay.com,"Knows"
ebayimg.com,ebay.com,"Knows"
ebayimg.com,ebay.com,"Knows"
ebayimg.com,ebay.com,"Knows"
ebayimg.com,ebay.com,"Knows"
ebayimg.com,ebay.com,"Knows"
ebayimg.com,ebay.com,"Knows"
ebayimg.com,ebay.com,"Knows"
ebayimg.com,ebay.com,"Knows"
ebayimg.com,ebay.com,"Knows"
ebayimg.com,ebay.com,"Knows"
ebayimg.com,ebay.com,"Knows"
ebayimg.com,ebay.com,"Knows"
ebayimg.com,ebay.com,"Knows"
ebayimg.com,ebay.com,"Knows"
ebayimg.com,ebay.com,"Knows"
ebayimg.com,ebay.com,"Knows"
ebayimg.com,ebay.com,"Knows"
ebayimg.com,ebay.com,"Knows"
ebayimg.com,ebay.com,"Knows"
ebayimg.com,ebay.com,"Knows"
ebayimg.com,ebay.com,"Knows"
ebayimg.com,ebay.com,"Knows"
ebayimg.com,ebay.com,"Knows"
ebayimg.com,ebay.com,"Knows"
ebayimg.com,ebay.com,"Knows"
ebayimg.com,ebay.com,"Knows"
ebayimg.com,ebay.com,"Knows"
ebayimg.com,ebay.com,"Knows"
ebayimg.com,ebay.com,"Knows"
ebayimg.com,ebay.com,"Knows"
ebayimg.com,ebay.com,"Knows"
ebayimg.com,ebay.com,"Knows"
mathtag.com,ebay.com,"Knows"
hao123.com,hao123.com,"Knows"
hao123.com,hao123.com,"Knows"
hao123.com,hao123.com,"Knows"
bdstatic.com,hao123.com,"Knows"
bdstatic.com,hao123.com,"Knows"
bdstatic.com,hao123.com,"Knows"
bdstatic.com,hao123.com,"Knows"
bdstatic.com,hao123.com,"Knows"
bdstatic.com,hao123.com,"Knows"
bdstatic.com,hao123.com,"Knows"
bdstatic.com,hao123.com,"Knows"
bdstatic.com,hao123.com,"Knows"
bdstatic.com,hao123.com,"Knows"
bdstatic.com,hao123.com,"Knows"
bdstatic.com,hao123.com,"Knows"
bdstatic.com,hao123.com,"Knows"
bdstatic.com,hao123.com,"Knows"
bdstatic.com,hao123.com,"Knows"
bdstatic.com,hao123.com,"Knows"
bdstatic.com,hao123.com,"Knows"
hao123.com,hao123.com,"Knows"
bdstatic.com,hao123.com,"Knows"
bdstatic.com,hao123.com,"Knows"
bdstatic.com,hao123.com,"Knows"
bdstatic.com,hao123.com,"Knows"
bdstatic.com,hao123.com,"Knows"
bdstatic.com,hao123.com,"Knows"
bdstatic.com,hao123.com,"Knows"
bdstatic.com,hao123.com,"Knows"
bdstatic.com,hao123.com,"Knows"
bdstatic.com,hao123.com,"Knows"
bdstatic.com,hao123.com,"Knows"
bdstatic.com,hao123.com,"Knows"
bdstatic.com,hao123.com,"Knows"
bdstatic.com,hao123.com,"Knows"
bdstatic.com,hao123.com,"Knows"
bdstatic.com,hao123.com,"Knows"
bdstatic.com,hao123.com,"Knows"
bdstatic.com,hao123.com,"Knows"
bdstatic.com,hao123.com,"Knows"
hao123.com,hao123.com,"Knows"
bdstatic.com,hao123.com,"Knows"
bdstatic.com,hao123.com,"Knows"
bdstatic.com,hao123.com,"Knows"
bdstatic.com,hao123.com,"Knows"
bdstatic.com,hao123.com,"Knows"
hao123.com,hao123.com,"Knows"
bdstatic.com,hao123.com,"Knows"
bdstatic.com,hao123.com,"Knows"
bdstatic.com,hao123.com,"Knows"
bdstatic.com,hao123.com,"Knows"
bdstatic.com,hao123.com,"Knows"
bdstatic.com,hao123.com,"Knows"
bdstatic.com,hao123.com,"Knows"
hao123.com,hao123.com,"Knows"
bdstatic.com,hao123.com,"Knows"
bdstatic.com,hao123.com,"Knows"
bdstatic.com,hao123.com,"Knows"
bdstatic.com,hao123.com,"Knows"
bdstatic.com,hao123.com,"Knows"
bdstatic.com,hao123.com,"Knows"
bdstatic.com,hao123.com,"Knows"
hao123.com,hao123.com,"Knows"
hao123.com,hao123.com,"Knows"
bdstatic.com,hao123.com,"Knows"
bdstatic.com,hao123.com,"Knows"
bdstatic.com,hao123.com,"Knows"
bdstatic.com,hao123.com,"Knows"
bdstatic.com,hao123.com,"Knows"
hao123.com,hao123.com,"Knows"
bdstatic.com,hao123.com,"Knows"
hao123.com,hao123.com,"Knows"
hao123.com,hao123.com,"Knows"
bdstatic.com,hao123.com,"Knows"
bdstatic.com,hao123.com,"Knows"
hao123.com,hao123.com,"Knows"
bdstatic.com,hao123.com,"Knows"
hao123.com,hao123.com,"Knows"
bdstatic.com,hao123.com,"Knows"
hao123.com,hao123.com,"Knows"
hao123.com,hao123.com,"Knows"
hao123.com,hao123.com,"Knows"
bdstatic.com,hao123.com,"Knows"
bdstatic.com,hao123.com,"Knows"
hao123.com,hao123.com,"Knows"
hao123.com,hao123.com,"Knows"
bdstatic.com,hao123.com,"Knows"
hao123.com,hao123.com,"Knows"
baidu.com,hao123.com,"Knows"
bdstatic.com,hao123.com,"Knows"
hao123.com,hao123.com,"Knows"
baidu.com,hao123.com,"Knows"
bdstatic.com,hao123.com,"Knows"
bdstatic.com,hao123.com,"Knows"
baidu.com,hao123.com,"Knows"
bdstatic.com,hao123.com,"Knows"
bdstatic.com,hao123.com,"Knows"
bdstatic.com,hao123.com,"Knows"
bdstatic.com,hao123.com,"Knows"
baidu.com,hao123.com,"Knows"
bdstatic.com,hao123.com,"Knows"
bdstatic.com,hao123.com,"Knows"
hao123.com,hao123.com,"Knows"
bdstatic.com,hao123.com,"Knows"
bdstatic.com,hao123.com,"Knows"
bdstatic.com,hao123.com,"Knows"
bdstatic.com,hao123.com,"Knows"
hao123.com,hao123.com,"Knows"
bdstatic.com,hao123.com,"Knows"
bdstatic.com,hao123.com,"Knows"
bdstatic.com,hao123.com,"Knows"
bdstatic.com,hao123.com,"Knows"
baidu.com,hao123.com,"Knows"
baidu.com,hao123.com,"Knows"
bdstatic.com,hao123.com,"Knows"
bdstatic.com,hao123.com,"Knows"
hao123.com,hao123.com,"Knows"
bdstatic.com,hao123.com,"Knows"
hao123.com,hao123.com,"Knows"
bdstatic.com,hao123.com,"Knows"
bdstatic.com,hao123.com,"Knows"
bdstatic.com,hao123.com,"Knows"
bdstatic.com,hao123.com,"Knows"
bdstatic.com,hao123.com,"Knows"
bdstatic.com,hao123.com,"Knows"
bdstatic.com,hao123.com,"Knows"
bdstatic.com,hao123.com,"Knows"
bdstatic.com,hao123.com,"Knows"
bdstatic.com,hao123.com,"Knows"
bdstatic.com,hao123.com,"Knows"
bdstatic.com,hao123.com,"Knows"
tanx.com,hao123.com,"Knows"
alicdn.com,hao123.com,"Knows"
alicdn.com,hao123.com,"Knows"
amazon.co.jp,amazon.co.jp,"Knows"
amazon.co.jp,amazon.co.jp,"Knows"
mozilla.com,amazon.co.jp,"Knows"
amazon.co.jp,amazon.co.jp,"Knows"
amazon.co.jp,amazon.co.jp,"Knows"
amazon.co.jp,amazon.co.jp,"Knows"
amazon.co.jp,amazon.co.jp,"Knows"
amazon.co.jp,amazon.co.jp,"Knows"
amazon.co.jp,amazon.co.jp,"Knows"
amazon.co.jp,amazon.co.jp,"Knows"
amazon.co.jp,amazon.co.jp,"Knows"
amazon.co.jp,amazon.co.jp,"Knows"
amazon.co.jp,amazon.co.jp,"Knows"
amazon.co.jp,amazon.co.jp,"Knows"
amazon.co.jp,amazon.co.jp,"Knows"
amazon.co.jp,amazon.co.jp,"Knows"
amazon.co.jp,amazon.co.jp,"Knows"
amazon.co.jp,amazon.co.jp,"Knows"
amazon.co.jp,amazon.co.jp,"Knows"
amazon.co.jp,amazon.co.jp,"Knows"
amazon.co.jp,amazon.co.jp,"Knows"
amazon.co.jp,amazon.co.jp,"Knows"
instagram.com,instagram.com,"Knows"
instagram.com,instagram.com,"Knows"
instagram.com,instagram.com,"Knows"
instagram.com,instagram.com,"Knows"
instagram.com,instagram.com,"Knows"
google.de,google.de,"Knows"
google.de,google.de,"Knows"
google.de,google.de,"Knows"
google.de,google.de,"Knows"
google.de,google.de,"Knows"
google.de,google.de,"Knows"
google.de,google.de,"Knows"
google.de,google.de,"Knows"
gstatic.com,google.de,"Knows"
gstatic.com,google.de,"Knows"
google.de,google.de,"Knows"
google.com,google.de,"Knows"
google.de,google.de,"Knows"
google.com,google.de,"Knows"
google.de,google.de,"Knows"
tmall.com,tmall.com,"Knows"
tmall.com,tmall.com,"Knows"
tmall.com,tmall.com,"Knows"
alicdn.com,tmall.com,"Knows"
alicdn.com,tmall.com,"Knows"
alicdn.com,tmall.com,"Knows"
alicdn.com,tmall.com,"Knows"
alicdn.com,tmall.com,"Knows"
alicdn.com,tmall.com,"Knows"
alicdn.com,tmall.com,"Knows"
alicdn.com,tmall.com,"Knows"
alicdn.com,tmall.com,"Knows"
alicdn.com,tmall.com,"Knows"
alicdn.com,tmall.com,"Knows"
tmall.com,tmall.com,"Knows"
alicdn.com,tmall.com,"Knows"
alicdn.com,tmall.com,"Knows"
alicdn.com,tmall.com,"Knows"
alicdn.com,tmall.com,"Knows"
alicdn.com,tmall.com,"Knows"
alicdn.com,tmall.com,"Knows"
alicdn.com,tmall.com,"Knows"
alicdn.com,tmall.com,"Knows"
taobao.com,tmall.com,"Knows"
alicdn.com,tmall.com,"Knows"
alicdn.com,tmall.com,"Knows"
alicdn.com,tmall.com,"Knows"
tmall.com,tmall.com,"Knows"
alicdn.com,tmall.com,"Knows"
alicdn.com,tmall.com,"Knows"
alicdn.com,tmall.com,"Knows"
tmall.com,tmall.com,"Knows"
alicdn.com,tmall.com,"Knows"
alicdn.com,tmall.com,"Knows"
alicdn.com,tmall.com,"Knows"
alicdn.com,tmall.com,"Knows"
tmall.com,tmall.com,"Knows"
alicdn.com,tmall.com,"Knows"
alicdn.com,tmall.com,"Knows"
alicdn.com,tmall.com,"Knows"
alicdn.com,tmall.com,"Knows"
alicdn.com,tmall.com,"Knows"
alicdn.com,tmall.com,"Knows"
mmstat.com,tmall.com,"Knows"
mmstat.com,tmall.com,"Knows"
alicdn.com,tmall.com,"Knows"
alicdn.com,tmall.com,"Knows"
alicdn.com,tmall.com,"Knows"
alicdn.com,tmall.com,"Knows"
alicdn.com,tmall.com,"Knows"
alicdn.com,tmall.com,"Knows"
alicdn.com,tmall.com,"Knows"
alicdn.com,tmall.com,"Knows"
alicdn.com,tmall.com,"Knows"
mmstat.com,tmall.com,"Knows"
alicdn.com,tmall.com,"Knows"
mmstat.com,tmall.com,"Knows"
alicdn.com,tmall.com,"Knows"
alicdn.com,tmall.com,"Knows"
alicdn.com,tmall.com,"Knows"
alicdn.com,tmall.com,"Knows"
mmstat.com,tmall.com,"Knows"
mmstat.com,tmall.com,"Knows"
mmstat.com,tmall.com,"Knows"
alicdn.com,tmall.com,"Knows"
alicdn.com,tmall.com,"Knows"
mmstat.com,tmall.com,"Knows"
mmstat.com,tmall.com,"Knows"
mmstat.com,tmall.com,"Knows"
alicdn.com,tmall.com,"Knows"
mmstat.com,tmall.com,"Knows"
mmstat.com,tmall.com,"Knows"
mmstat.com,tmall.com,"Knows"
alicdn.com,tmall.com,"Knows"
alicdn.com,tmall.com,"Knows"
taobao.com,tmall.com,"Knows"
mmstat.com:443,tmall.com,"Knows"
tmall.com,tmall.com,"Knows"
tmall.com,tmall.com,"Knows"
mail.ru,mail.ru,"Knows"
mail.ru,mail.ru,"Knows"
mail.ru,mail.ru,"Knows"
mail.ru,mail.ru,"Knows"
mradx.net,mail.ru,"Knows"
imgsmail.ru,mail.ru,"Knows"
mail.ru,mail.ru,"Knows"
mradx.net,mail.ru,"Knows"
imgsmail.ru,mail.ru,"Knows"
mail.ru,mail.ru,"Knows"
imgsmail.ru,mail.ru,"Knows"
mradx.net,mail.ru,"Knows"
imgsmail.ru,mail.ru,"Knows"
mradx.net,mail.ru,"Knows"
mail.ru,mail.ru,"Knows"
mail.ru,mail.ru,"Knows"
mradx.net,mail.ru,"Knows"
mradx.net,mail.ru,"Knows"
mail.ru,mail.ru,"Knows"
imgsmail.ru,mail.ru,"Knows"
imgsmail.ru,mail.ru,"Knows"
mail.ru,mail.ru,"Knows"
mradx.net,mail.ru,"Knows"
imgsmail.ru,mail.ru,"Knows"
imgsmail.ru,mail.ru,"Knows"
mradx.net,mail.ru,"Knows"
yadro.ru,mail.ru,"Knows"
imgsmail.ru,mail.ru,"Knows"
mail.ru,mail.ru,"Knows"
mradx.net,mail.ru,"Knows"
tns-counter.ru,mail.ru,"Knows"
mail.ru,mail.ru,"Knows"
mail.ru,mail.ru,"Knows"
imgsmail.ru,mail.ru,"Knows"
mail.ru,mail.ru,"Knows"
mradx.net,mail.ru,"Knows"
mail.ru,mail.ru,"Knows"
mail.ru,mail.ru,"Knows"
mail.ru,mail.ru,"Knows"
mail.ru,mail.ru,"Knows"
mradx.net,mail.ru,"Knows"
mail.ru,mail.ru,"Knows"
mail.ru,mail.ru,"Knows"
mail.ru,mail.ru,"Knows"
mradx.net,mail.ru,"Knows"
mail.ru,mail.ru,"Knows"
imgsmail.ru,mail.ru,"Knows"
mradx.net,mail.ru,"Knows"
mradx.net,mail.ru,"Knows"
imgsmail.ru,mail.ru,"Knows"
mail.ru,mail.ru,"Knows"
mail.ru,mail.ru,"Knows"
mail.ru,mail.ru,"Knows"
mail.ru,mail.ru,"Knows"
yandex.ru,mail.ru,"Knows"
mail.ru,yandex.ru,"Knows"
mradx.net,mail.ru,"Knows"
mradx.net,mail.ru,"Knows"
mail.ru,mail.ru,"Knows"
mail.ru,mail.ru,"Knows"
mradx.net,mail.ru,"Knows"
mradx.net,mail.ru,"Knows"
mail.ru,mail.ru,"Knows"
mradx.net,mail.ru,"Knows"
mail.ru,mail.ru,"Knows"
mradx.net,mail.ru,"Knows"
mradx.net,mail.ru,"Knows"
mail.ru,mail.ru,"Knows"
imgsmail.ru,mail.ru,"Knows"
mail.ru,mail.ru,"Knows"
mail.ru,mail.ru,"Knows"
mail.ru,mail.ru,"Knows"
mail.ru,mail.ru,"Knows"
mradx.net,mail.ru,"Knows"
mradx.net,mail.ru,"Knows"
mradx.net,mail.ru,"Knows"
mradx.net,mail.ru,"Knows"
mradx.net,mail.ru,"Knows"
mail.ru,mail.ru,"Knows"
mradx.net,mail.ru,"Knows"
mail.ru,mail.ru,"Knows"
ok.ru,mail.ru,"Knows"
mail.ru,mail.ru,"Knows"
imgsmail.ru,mail.ru,"Knows"
mail.ru,mail.ru,"Knows"
mail.ru,mail.ru,"Knows"
gstatic.com,mail.ru,"Knows"
google.com,mail.ru,"Knows"
simpli.fi,mail.ru,"Knows"
imgsmail.ru,mail.ru,"Knows"
mail.ru,mail.ru,"Knows"
imgsmail.ru,mail.ru,"Knows"
imgsmail.ru,mail.ru,"Knows"
imgsmail.ru,mail.ru,"Knows"
mail.ru,mail.ru,"Knows"
google.co.uk,google.co.uk,"Knows"
google.co.uk,google.co.uk,"Knows"
google.co.uk,google.co.uk,"Knows"
google.co.uk,google.co.uk,"Knows"
google.co.uk,google.co.uk,"Knows"
google.co.uk,google.co.uk,"Knows"
gstatic.com,google.co.uk,"Knows"
google.co.uk,google.co.uk,"Knows"
gstatic.com,google.co.uk,"Knows"
google.co.uk,google.co.uk,"Knows"
google.com,google.co.uk,"Knows"
google.com,google.co.uk,"Knows"
google.co.uk,google.co.uk,"Knows"
google.co.uk,google.co.uk,"Knows"
google.co.uk,google.co.uk,"Knows"
redditstatic.com,reddit.com,"Knows"
redditstatic.com,reddit.com,"Knows"
redditstatic.com,reddit.com,"Knows"
redditstatic.com,reddit.com,"Knows"
redditstatic.com,reddit.com,"Knows"
redditstatic.com,reddit.com,"Knows"
redditstatic.com,reddit.com,"Knows"
redditmedia.com,reddit.com,"Knows"
redditmedia.com,reddit.com,"Knows"
redditmedia.com,reddit.com,"Knows"
redditmedia.com,reddit.com,"Knows"
redditmedia.com,reddit.com,"Knows"
redditmedia.com,reddit.com,"Knows"
redditmedia.com,reddit.com,"Knows"
redditmedia.com,reddit.com,"Knows"
redditmedia.com,reddit.com,"Knows"
redditmedia.com,reddit.com,"Knows"
redditmedia.com,reddit.com,"Knows"
redditmedia.com,reddit.com,"Knows"
redditmedia.com,reddit.com,"Knows"
redditmedia.com,reddit.com,"Knows"
redditmedia.com,reddit.com,"Knows"
redditmedia.com,reddit.com,"Knows"
redditmedia.com,reddit.com,"Knows"
redditmedia.com,reddit.com,"Knows"
redditmedia.com,reddit.com,"Knows"
redditmedia.com,reddit.com,"Knows"
redditmedia.com,reddit.com,"Knows"
redditmedia.com,reddit.com,"Knows"
redditmedia.com,reddit.com,"Knows"
redditmedia.com,reddit.com,"Knows"
redditstatic.com,reddit.com,"Knows"
redditstatic.com,reddit.com,"Knows"
google-analytics.com,reddit.com,"Knows"
google-analytics.com,reddit.com,"Knows"
redditmedia.com,reddit.com,"Knows"
redditmedia.com,reddit.com,"Knows"
redditstatic.com,reddit.com,"Knows"
google-analytics.com,reddit.com,"Knows"
redditstatic.com,reddit.com,"Knows"
redditstatic.com,reddit.com,"Knows"
redditmedia.com,reddit.com,"Knows"
zkcdn.net,reddit.com,"Knows"
google-analytics.com,reddit.com,"Knows"
redditstatic.com,reddit.com,"Knows"
redditmedia.com,reddit.com,"Knows"
zkcdn.net,reddit.com,"Knows"
googletagmanager.com,reddit.com,"Knows"
zkcdn.net,reddit.com,"Knows"
zkcdn.net,reddit.com,"Knows"
scorecardresearch.com,reddit.com,"Knows"
redditmedia.com,reddit.com,"Knows"
pinterest.com,pinterest.com,"Knows"
pinterest.com,pinterest.com,"Knows"
pinterest.com,pinterest.com,"Knows"
pinimg.com,pinterest.com,"Knows"
pinimg.com,pinterest.com,"Knows"
pinimg.com,pinterest.com,"Knows"
pinimg.com,pinterest.com,"Knows"
pinimg.com,pinterest.com,"Knows"
pinimg.com,pinterest.com,"Knows"
pinimg.com,pinterest.com,"Knows"
pinimg.com,pinterest.com,"Knows"
pinimg.com,pinterest.com,"Knows"
pinimg.com,pinterest.com,"Knows"
pinimg.com,pinterest.com,"Knows"
pinimg.com,pinterest.com,"Knows"
pinimg.com,pinterest.com,"Knows"
pinimg.com,pinterest.com,"Knows"
pinimg.com,pinterest.com,"Knows"
pinimg.com,pinterest.com,"Knows"
pinimg.com,pinterest.com,"Knows"
pinimg.com,pinterest.com,"Knows"
pinimg.com,pinterest.com,"Knows"
pinterest.com,pinterest.com,"Knows"
pinimg.com,pinterest.com,"Knows"
google-analytics.com,pinterest.com,"Knows"
pinterest.com,pinterest.com,"Knows"
pinterest.com,pinterest.com,"Knows"
pinterest.com,pinterest.com,"Knows"
paypal.com,paypal.com,"Knows"
paypal.com,paypal.com,"Knows"
paypal.com,paypal.com,"Knows"
paypal.com,paypal.com,"Knows"
paypalobjects.com,paypal.com,"Knows"
paypalobjects.com,paypal.com,"Knows"
paypalobjects.com,paypal.com,"Knows"
paypalobjects.com,paypal.com,"Knows"
paypalobjects.com,paypal.com,"Knows"
paypalobjects.com,paypal.com,"Knows"
paypalobjects.com,paypal.com,"Knows"
paypalobjects.com,paypal.com,"Knows"
paypalobjects.com,paypal.com,"Knows"
paypalobjects.com,paypal.com,"Knows"
paypalobjects.com,paypal.com,"Knows"
paypalobjects.com,paypal.com,"Knows"
paypalobjects.com,paypal.com,"Knows"
paypalobjects.com,paypal.com,"Knows"
paypalobjects.com,paypal.com,"Knows"
paypalobjects.com,paypal.com,"Knows"
ensighten.com,paypal.com,"Knows"
paypalobjects.com,paypal.com,"Knows"
paypalobjects.com,paypal.com,"Knows"
paypalobjects.com,paypal.com,"Knows"
paypalobjects.com,paypal.com,"Knows"
paypalobjects.com,paypal.com,"Knows"
paypal.com,paypal.com,"Knows"
mediaplex.com,dotomi.com,"Cookie Syncing"
google-analytics.com,paypal.com,"Knows"
bluelithium.com,paypal.com,"Knows"
omtrdc.net,paypal.com,"Knows"
google.ru,google.ru,"Knows"
google.ru,google.ru,"Knows"
google.ru,google.ru,"Knows"
google.ru,google.ru,"Knows"
google.ru,google.ru,"Knows"
google.ru,google.ru,"Knows"
google.ru,google.ru,"Knows"
gstatic.com,google.ru,"Knows"
google.ru,google.ru,"Knows"
google.ru,google.ru,"Knows"
google.ru,google.ru,"Knows"
google.com.br,google.com.br,"Knows"
google.com.br,google.com.br,"Knows"
google.com.br,google.com.br,"Knows"
google.com.br,google.com.br,"Knows"
google.com.br,google.com.br,"Knows"
google.com.br,google.com.br,"Knows"
google.com.br,google.com.br,"Knows"
google.com.br,google.com.br,"Knows"
google.com.br,google.com.br,"Knows"
google.com.br,google.com.br,"Knows"
google.fr,google.fr,"Knows"
google.fr,google.fr,"Knows"
google.fr,google.fr,"Knows"
google.fr,google.fr,"Knows"
google.fr,google.fr,"Knows"
google.fr,google.fr,"Knows"
google.fr,google.fr,"Knows"
google.fr,google.fr,"Knows"
google.fr,google.fr,"Knows"
google.fr,google.fr,"Knows"
google.fr,google.fr,"Knows"
sohu.com,sohu.com,"Knows"
sohu.com,sohu.com,"Knows"
sohu.com,sohu.com,"Knows"
sohu.com,sohu.com,"Knows"
sohu.com,sohu.com,"Knows"
sohu.com,sohu.com,"Knows"
mediav.com,sohu.com,"Knows"
sohu.com,sohu.com,"Knows"
sohu.com,sohu.com,"Knows"
sohu.com,sohu.com,"Knows"
sohu.com,sohu.com,"Knows"
sohu.com,sohu.com,"Knows"
sohu.com,sohu.com,"Knows"
sohu.com,sohu.com,"Knows"
sohu.com,sohu.com,"Knows"
sohu.com,sohu.com,"Knows"
sohu.com,sohu.com,"Knows"
itc.cn,sohu.com,"Knows"
itc.cn,sohu.com,"Knows"
itc.cn,sohu.com,"Knows"
itc.cn,sohu.com,"Knows"
itc.cn,sohu.com,"Knows"
itc.cn,sohu.com,"Knows"
itc.cn,sohu.com,"Knows"
itc.cn,sohu.com,"Knows"
itc.cn,sohu.com,"Knows"
itc.cn,sohu.com,"Knows"
itc.cn,sohu.com,"Knows"
sohu.com,sohu.com,"Knows"
itc.cn,sohu.com,"Knows"
itc.cn,sohu.com,"Knows"
sohu.com,sohu.com,"Knows"
sohu.com,sohu.com,"Knows"
itc.cn,sohu.com,"Knows"
itc.cn,sohu.com,"Knows"
itc.cn,sohu.com,"Knows"
itc.cn,sohu.com,"Knows"
itc.cn,sohu.com,"Knows"
itc.cn,sohu.com,"Knows"
sohu.com,sohu.com,"Knows"
sohu.com,sohu.com,"Knows"
sohu.com,sohu.com,"Knows"
sohu.com,sohu.com,"Knows"
sohu.com,sohu.com,"Knows"
itc.cn,sohu.com,"Knows"
itc.cn,sohu.com,"Knows"
itc.cn,sohu.com,"Knows"
itc.cn,sohu.com,"Knows"
sohu.com,sohu.com,"Knows"
sohu.com,sohu.com,"Knows"
sohu.com,sohu.com,"Knows"
sohu.com,sohu.com,"Knows"
itc.cn,sohu.com,"Knows"
sohu.com,sohu.com,"Knows"
sohu.com,sohu.com,"Knows"
sohu.com,sohu.com,"Knows"
sohu.com,sohu.com,"Knows"
sohu.com,sohu.com,"Knows"
sohu.com,sohu.com,"Knows"
sohu.com,sohu.com,"Knows"
sohu.com,sohu.com,"Knows"
sohu.com,sohu.com,"Knows"
sohu.com,sohu.com,"Knows"
sohu.com,sohu.com,"Knows"
sohu.com,sohu.com,"Knows"
sohu.com,sohu.com,"Knows"
sohu.com,sohu.com,"Knows"
sohu.com,sohu.com,"Knows"
sohu.com,sohu.com,"Knows"
itc.cn,sohu.com,"Knows"
sohu.com,sohu.com,"Knows"
sohu.com,sohu.com,"Knows"
sohu.com,sohu.com,"Knows"
sohu.com,sohu.com,"Knows"
sohu.com,sohu.com,"Knows"
sohu.com,sohu.com,"Knows"
sohu.com,sohu.com,"Knows"
optaim.com,sohu.com,"Knows"
sohu.com,sohu.com,"Knows"
optaim.com,sohu.com,"Knows"
sohu.com,sohu.com,"Knows"
sohu.com,sohu.com,"Knows"
sohu.com,sohu.com,"Knows"
sohu.com,sohu.com,"Knows"
sohu.com,sohu.com,"Knows"
sohu.com,sohu.com,"Knows"
sohu.com,sohu.com,"Knows"
itc.cn,sohu.com,"Knows"
sohu.com,sohu.com,"Knows"
itc.cn,sohu.com,"Knows"
sohu.com,sohu.com,"Knows"
optaim.com,sohu.com,"Knows"
sohu.com,sohu.com,"Knows"
sohu.com,sohu.com,"Knows"
sohu.com,sohu.com,"Knows"
sohu.com,sohu.com,"Knows"
sohu.com,sohu.com,"Knows"
sohu.com,sohu.com,"Knows"
sohu.com,sohu.com,"Knows"
sohu.com,sohu.com,"Knows"
sohu.com,sohu.com,"Knows"
sohu.com,sohu.com,"Knows"
sohu.com,sohu.com,"Knows"
itc.cn,sohu.com,"Knows"
sohu.com,sohu.com,"Knows"
itc.cn,sohu.com,"Knows"
itc.cn,sohu.com,"Knows"
sohu.com,sohu.com,"Knows"
sohu.com,sohu.com,"Knows"
itc.cn,sohu.com,"Knows"
sohu.com,sohu.com,"Knows"
sohu.com,sohu.com,"Knows"
optaim.com,sohu.com,"Knows"
sohu.com,sohu.com,"Knows"
17173cdn.com,sohu.com,"Knows"
itc.cn,sohu.com,"Knows"
optaim.com,sohu.com,"Knows"
optaim.com,sohu.com,"Knows"
sohu.com,sohu.com,"Knows"
sohu.com,sohu.com,"Knows"
sohu.com,sohu.com,"Knows"
sohu.com,sohu.com,"Knows"
sohu.com,sohu.com,"Knows"
sohu.com,sohu.com,"Knows"
sohu.com,sohu.com,"Knows"
sohu.com,sohu.com,"Knows"
sohu.com,sohu.com,"Knows"
sohu.com,sohu.com,"Knows"
sohu.com,sohu.com,"Knows"
sohu.com,sohu.com,"Knows"
sohu.com,sohu.com,"Knows"
sohu.com,sohu.com,"Knows"
sohu.com,sohu.com,"Knows"
sohu.com,sohu.com,"Knows"
sohu.com,sohu.com,"Knows"
sohu.com,sohu.com,"Knows"
sohu.com,sohu.com,"Knows"
sohu.com,sohu.com,"Knows"
sohu.com,sohu.com,"Knows"
sohu.com,sohu.com,"Knows"
sohu.com,sohu.com,"Knows"
sohu.com,sohu.com,"Knows"
sohu.com,sohu.com,"Knows"
optaim.com,sohu.com,"Knows"
sohu.com,sohu.com,"Knows"
sohu.com,sohu.com,"Knows"
sohu.com,sohu.com,"Knows"
sohu.com,sohu.com,"Knows"
sohu.com,sohu.com,"Knows"
jd.com,sohu.com,"Knows"
sohu.com,sohu.com,"Knows"
sohu.com,sohu.com,"Knows"
sohu.com,sohu.com,"Knows"
sohu.com,sohu.com,"Knows"
sohu.com,sohu.com,"Knows"
sohu.com,sohu.com,"Knows"
sohu.com,sohu.com,"Knows"
sohu.com,sohu.com,"Knows"
sohu.com,sohu.com,"Knows"
sohu.com,sohu.com,"Knows"
sohu.com,sohu.com,"Knows"
sohu.com,sohu.com,"Knows"
sohu.com,sohu.com,"Knows"
sohu.com,sohu.com,"Knows"
sohu.com,sohu.com,"Knows"
sohu.com,sohu.com,"Knows"
sohu.com,sohu.com,"Knows"
optaim.com,sohu.com,"Knows"
sohu.com,sohu.com,"Knows"
sohu.com,sohu.com,"Knows"
sohu.com,sohu.com,"Knows"
sohu.com,sohu.com,"Knows"
sohu.com,sohu.com,"Knows"
sohu.com,sohu.com,"Knows"
sohu.com,sohu.com,"Knows"
sohu.com,sohu.com,"Knows"
sohu.com,sohu.com,"Knows"
sohu.com,sohu.com,"Knows"
sohu.com,sohu.com,"Knows"
sohu.com,sohu.com,"Knows"
sohu.com,sohu.com,"Knows"
sohu.com,sohu.com,"Knows"
sohu.com,sohu.com,"Knows"
sohu.com,sohu.com,"Knows"
sohu.com,sohu.com,"Knows"
sohu.com,sohu.com,"Knows"
sohu.com,sohu.com,"Knows"
sohu.com,sohu.com,"Knows"
sohu.com,sohu.com,"Knows"
sohu.com,sohu.com,"Knows"
sohu.com,sohu.com,"Knows"
sohu.com,sohu.com,"Knows"
360buyimg.com,sohu.com,"Knows"
360buyimg.com,sohu.com,"Knows"
360buyimg.com,sohu.com,"Knows"
sohu.com,sohu.com,"Knows"
sohu.com,sohu.com,"Knows"
sohu.com,sohu.com,"Knows"
sohu.com,sohu.com,"Knows"
d-adasia.com,sohu.com,"Knows"
sohu.com,sohu.com,"Knows"
optaim.com,sohu.com,"Knows"
optaim.com,sohu.com,"Knows"
jd.com,sohu.com,"Knows"
360buyimg.com,sohu.com,"Knows"
360buyimg.com,sohu.com,"Knows"
360buyimg.com,sohu.com,"Knows"
360buyimg.com,sohu.com,"Knows"
360buyimg.com,sohu.com,"Knows"
360buyimg.com,sohu.com,"Knows"
360buyimg.com,sohu.com,"Knows"
360buyimg.com,sohu.com,"Knows"
jd.com,sohu.com,"Knows"
jd.com,sohu.com,"Knows"
360buyimg.com,sohu.com,"Knows"
360buyimg.com,sohu.com,"Knows"
jd.com,sohu.com,"Knows"
sohu.com,sohu.com,"Knows"
360buyimg.com,sohu.com,"Knows"
360buyimg.com,sohu.com,"Knows"
360buyimg.com,sohu.com,"Knows"
360buyimg.com,sohu.com,"Knows"
jd.com,sohu.com,"Knows"
jd.com,sohu.com,"Knows"
jd.com,sohu.com,"Knows"
google.com,sohu.com,"Knows"
qtmojo.com,sohu.com,"Knows"
360buyimg.com,sohu.com,"Knows"
optaim.com,sohu.com,"Knows"
360buyimg.com,sohu.com,"Knows"
3.cn,sohu.com,"Knows"
jd.com,sohu.com,"Knows"
sohu.com,sohu.com,"Knows"
jd.com,sohu.com,"Knows"
sohu.com,sohu.com,"Knows"
optaim.com,sohu.com,"Knows"
jd.com,sohu.com,"Knows"
sohu.com,sohu.com,"Knows"
jd.com,sohu.com,"Knows"
jd.com,sohu.com,"Knows"
jd.com,sohu.com,"Knows"
jd.com,sohu.com,"Knows"
360buyimg.com,sohu.com,"Knows"
jd.com,sohu.com,"Knows"
mozilla.com,gmw.cn,"Knows"
gmw.cn,gmw.cn,"Knows"
csbew.com,gmw.cn,"Knows"
gmw.cn,gmw.cn,"Knows"
gmw.cn,gmw.cn,"Knows"
gmw.cn,gmw.cn,"Knows"
gmw.cn,gmw.cn,"Knows"
gmw.cn,gmw.cn,"Knows"
gmw.cn,gmw.cn,"Knows"
gmw.cn,gmw.cn,"Knows"
gmw.cn,gmw.cn,"Knows"
gmw.cn,gmw.cn,"Knows"
gmw.cn,gmw.cn,"Knows"
gmw.cn,gmw.cn,"Knows"
gmw.cn,gmw.cn,"Knows"
gmw.cn,gmw.cn,"Knows"
gmw.cn,gmw.cn,"Knows"
gmw.cn,gmw.cn,"Knows"
gmw.cn,gmw.cn,"Knows"
google-analytics.com,gmw.cn,"Knows"
gmw.cn,gmw.cn,"Knows"
gmw.cn,gmw.cn,"Knows"
gmw.cn,gmw.cn,"Knows"
gmw.cn,gmw.cn,"Knows"
gmw.cn,gmw.cn,"Knows"
gmw.cn,gmw.cn,"Knows"
gmw.cn,gmw.cn,"Knows"
gmw.cn,gmw.cn,"Knows"
gmw.cn,gmw.cn,"Knows"
gmw.cn,gmw.cn,"Knows"
gmw.cn,gmw.cn,"Knows"
gmw.cn,gmw.cn,"Knows"
gmw.cn,gmw.cn,"Knows"
gmw.cn,gmw.cn,"Knows"
gmw.cn,gmw.cn,"Knows"
gmw.cn,gmw.cn,"Knows"
gmw.cn,gmw.cn,"Knows"
gmw.cn,gmw.cn,"Knows"
gmw.cn,gmw.cn,"Knows"
gmw.cn,gmw.cn,"Knows"
gmw.cn,gmw.cn,"Knows"
gmw.cn,gmw.cn,"Knows"
gmw.cn,gmw.cn,"Knows"
gmw.cn,gmw.cn,"Knows"
gmw.cn,gmw.cn,"Knows"
gmw.cn,gmw.cn,"Knows"
gmw.cn,gmw.cn,"Knows"
gmw.cn,gmw.cn,"Knows"
gmw.cn,gmw.cn,"Knows"
google-analytics.com,gmw.cn,"Knows"
gmw.cn,gmw.cn,"Knows"
gmw.cn,gmw.cn,"Knows"
gmw.cn,gmw.cn,"Knows"
gmw.cn,gmw.cn,"Knows"
gmw.cn,gmw.cn,"Knows"
gmw.cn,gmw.cn,"Knows"
gmw.cn,gmw.cn,"Knows"
gmw.cn,gmw.cn,"Knows"
gmw.cn,gmw.cn,"Knows"
gmw.cn,gmw.cn,"Knows"
gmw.cn,gmw.cn,"Knows"
gmw.cn,gmw.cn,"Knows"
gmw.cn,gmw.cn,"Knows"
gmw.cn,gmw.cn,"Knows"
gmw.cn,gmw.cn,"Knows"
gmw.cn,gmw.cn,"Knows"
gmw.cn,gmw.cn,"Knows"
webterren.com,gmw.cn,"Knows"
gmw.cn,gmw.cn,"Knows"
gmw.cn,gmw.cn,"Knows"
gmw.cn,gmw.cn,"Knows"
gmw.cn,gmw.cn,"Knows"
gmw.cn,gmw.cn,"Knows"
gmw.cn,gmw.cn,"Knows"
gmw.cn,gmw.cn,"Knows"
gmw.cn,gmw.cn,"Knows"
gmw.cn,gmw.cn,"Knows"
chinaso.com,gmw.cn,"Knows"
webterren.com,gmw.cn,"Knows"
chinaso.com,gmw.cn,"Knows"
chinaso.com,gmw.cn,"Knows"
gmw.cn,gmw.cn,"Knows"
csbew.com,gmw.cn,"Knows"
csbew.com,gmw.cn,"Knows"
csbew.com,gmw.cn,"Knows"
csbew.com,gmw.cn,"Knows"
mlt01.com,gmw.cn,"Knows"
csbew.com,gmw.cn,"Knows"
csbew.com,gmw.cn,"Knows"
csbew.com,gmw.cn,"Knows"
csbew.com,gmw.cn,"Knows"
csbew.com,gmw.cn,"Knows"
csbew.com,gmw.cn,"Knows"
csbew.com,gmw.cn,"Knows"
chinaso.com,gmw.cn,"Knows"
chinaso.com,gmw.cn,"Knows"
csbew.com,gmw.cn,"Knows"
chinaso.com,gmw.cn,"Knows"
chinaso.com,gmw.cn,"Knows"
csbew.com,gmw.cn,"Knows"
chinaso.com,gmw.cn,"Knows"
chinaso.com,gmw.cn,"Knows"
csbew.com,gmw.cn,"Knows"
csbew.com,gmw.cn,"Knows"
csbew.com,gmw.cn,"Knows"
csbew.com,gmw.cn,"Knows"
csbew.com,gmw.cn,"Knows"
csbew.com,gmw.cn,"Knows"
csbew.com,gmw.cn,"Knows"
csbew.com,gmw.cn,"Knows"
csbew.com,gmw.cn,"Knows"
csbew.com,gmw.cn,"Knows"
csbew.com,gmw.cn,"Knows"
csbew.com,gmw.cn,"Knows"
csbew.com,gmw.cn,"Knows"
csbew.com,gmw.cn,"Knows"
csbew.com,gmw.cn,"Knows"
csbew.com,gmw.cn,"Knows"
csbew.com,gmw.cn,"Knows"
csbew.com,gmw.cn,"Knows"
csbew.com,gmw.cn,"Knows"
csbew.com,gmw.cn,"Knows"
csbew.com,gmw.cn,"Knows"
csbew.com,gmw.cn,"Knows"
csbew.com,gmw.cn,"Knows"
csbew.com,gmw.cn,"Knows"
csbew.com,gmw.cn,"Knows"
csbew.com,gmw.cn,"Knows"
csbew.com,gmw.cn,"Knows"
csbew.com,gmw.cn,"Knows"
csbew.com,gmw.cn,"Knows"
csbew.com,gmw.cn,"Knows"
csbew.com,gmw.cn,"Knows"
csbew.com,gmw.cn,"Knows"
gmw.cn,gmw.cn,"Knows"
netflix.com,netflix.com,"Knows"
netflix.com,netflix.com,"Knows"
netflix.com,netflix.com,"Knows"
netflix.com,netflix.com,"Knows"
netflix.com,netflix.com,"Knows"
netflix.com,netflix.com,"Knows"
netflix.com,netflix.com,"Knows"
nflxext.com,netflix.com,"Knows"
netflix.com,netflix.com,"Knows"
nflxext.com,netflix.com,"Knows"
nflxext.com,netflix.com,"Knows"
nflxext.com,netflix.com,"Knows"
netflix.com,netflix.com,"Knows"
netflix.com,netflix.com,"Knows"
nflximg.net,netflix.com,"Knows"
netflix.com,netflix.com,"Knows"
netflix.com,netflix.com,"Knows"
nflximg.net,netflix.com,"Knows"
netflix.com,netflix.com,"Knows"
nflximg.net,netflix.com,"Knows"
nflximg.net,netflix.com,"Knows"
nflximg.net,netflix.com,"Knows"
nflximg.net,netflix.com,"Knows"
nflximg.net,netflix.com,"Knows"
nflximg.net,netflix.com,"Knows"
nflximg.net,netflix.com,"Knows"
nflximg.net,netflix.com,"Knows"
nflximg.net,netflix.com,"Knows"
nflximg.net,netflix.com,"Knows"
nflximg.net,netflix.com,"Knows"
nflximg.net,netflix.com,"Knows"
netflix.com,netflix.com,"Knows"
nflximg.net,netflix.com,"Knows"
nflximg.net,netflix.com,"Knows"
nflximg.net,netflix.com,"Knows"
nflximg.net,netflix.com,"Knows"
nflximg.net,netflix.com,"Knows"
nflximg.net,netflix.com,"Knows"
nflximg.net,netflix.com,"Knows"
nflximg.net,netflix.com,"Knows"
nflximg.net,netflix.com,"Knows"
nflximg.net,netflix.com,"Knows"
nflximg.net,netflix.com,"Knows"
nflximg.net,netflix.com,"Knows"
nflximg.net,netflix.com,"Knows"
nflximg.net,netflix.com,"Knows"
nflximg.net,netflix.com,"Knows"
thebrighttag.com,netflix.com,"Knows"
btstatic.com,netflix.com,"Knows"
thebrighttag.com,netflix.com,"Knows"
google-analytics.com,netflix.com,"Knows"
netflix.com,netflix.com,"Knows"
google-analytics.com,netflix.com,"Knows"
netflix.com,netflix.com,"Knows"
netflix.com,netflix.com,"Knows"
nflxext.com,netflix.com,"Knows"
netflix.com,netflix.com,"Knows"
nflximg.net,netflix.com,"Knows"
nflximg.net,netflix.com,"Knows"
nflximg.net,netflix.com,"Knows"
nflximg.net,netflix.com,"Knows"
nflximg.net,netflix.com,"Knows"
nflximg.net,netflix.com,"Knows"
nflximg.net,netflix.com,"Knows"
nflximg.net,netflix.com,"Knows"
nflximg.net,netflix.com,"Knows"
nflximg.net,netflix.com,"Knows"
nflximg.net,netflix.com,"Knows"
nflximg.net,netflix.com,"Knows"
nflximg.net,netflix.com,"Knows"
nflximg.net,netflix.com,"Knows"
nflximg.net,netflix.com,"Knows"
nflximg.net,netflix.com,"Knows"
nflximg.net,netflix.com,"Knows"
nflximg.net,netflix.com,"Knows"
nflximg.net,netflix.com,"Knows"
netflix.com,netflix.com,"Knows"
nflximg.net,netflix.com,"Knows"
nflximg.net,netflix.com,"Knows"
nflximg.net,netflix.com,"Knows"
nflximg.net,netflix.com,"Knows"
nflximg.net,netflix.com,"Knows"
nflximg.net,netflix.com,"Knows"
nflximg.net,netflix.com,"Knows"
netflix.com,netflix.com,"Knows"
nflxext.com,netflix.com,"Knows"
nflximg.net,netflix.com,"Knows"
nflximg.net,netflix.com,"Knows"
nflximg.net,netflix.com,"Knows"
nflximg.net,netflix.com,"Knows"
nflximg.net,netflix.com,"Knows"
nflximg.net,netflix.com,"Knows"
nflximg.net,netflix.com,"Knows"
nflximg.net,netflix.com,"Knows"
nflximg.net,netflix.com,"Knows"
nflximg.net,netflix.com,"Knows"
nflximg.net,netflix.com,"Knows"
nflximg.net,netflix.com,"Knows"
nflximg.net,netflix.com,"Knows"
nflximg.net,netflix.com,"Knows"
nflximg.net,netflix.com,"Knows"
nflximg.net,netflix.com,"Knows"
nflximg.net,netflix.com,"Knows"
nflximg.net,netflix.com,"Knows"
nflximg.net,netflix.com,"Knows"
nflximg.net,netflix.com,"Knows"
nflximg.net,netflix.com,"Knows"
nflximg.net,netflix.com,"Knows"
nflximg.net,netflix.com,"Knows"
nflximg.net,netflix.com,"Knows"
nflximg.net,netflix.com,"Knows"
netflix.com,netflix.com,"Knows"
nflximg.net,netflix.com,"Knows"
nflximg.net,netflix.com,"Knows"
nflximg.net,netflix.com,"Knows"
netflix.com,netflix.com,"Knows"
netflix.com,netflix.com,"Knows"
googleadservices.com,onclickads.net,"Knows"
googleapis.com,onclickads.net,"Knows"
gstatic.com,onclickads.net,"Knows"
aspnetcdn.com,microsoft.com,"Knows"
aspnetcdn.com,microsoft.com,"Knows"
webtrends.com,microsoft.com,"Knows"
s-microsoft.com,microsoft.com,"Knows"
s-microsoft.com,microsoft.com,"Knows"
s-microsoft.com,microsoft.com,"Knows"
s-microsoft.com,microsoft.com,"Knows"
s-microsoft.com,microsoft.com,"Knows"
s-microsoft.com,microsoft.com,"Knows"
btttag.com,microsoft.com,"Knows"
onestore.ms,microsoft.com,"Knows"
s-microsoft.com,microsoft.com,"Knows"
onestore.ms,microsoft.com,"Knows"
gfx.ms,microsoft.com,"Knows"
onestore.ms,microsoft.com,"Knows"
onestore.ms,microsoft.com,"Knows"
onestore.ms,microsoft.com,"Knows"
s-microsoft.com,microsoft.com,"Knows"
s-microsoft.com,microsoft.com,"Knows"
s-microsoft.com,microsoft.com,"Knows"
s-microsoft.com,microsoft.com,"Knows"
s-microsoft.com,microsoft.com,"Knows"
s-microsoft.com,microsoft.com,"Knows"
s-microsoft.com,microsoft.com,"Knows"
s-microsoft.com,microsoft.com,"Knows"
s-microsoft.com,microsoft.com,"Knows"
s-microsoft.com,microsoft.com,"Knows"
s-microsoft.com,microsoft.com,"Knows"
onestore.ms,microsoft.com,"Knows"
s-microsoft.com,microsoft.com,"Knows"
s-microsoft.com,microsoft.com,"Knows"
s-microsoft.com,microsoft.com,"Knows"
s-microsoft.com,microsoft.com,"Knows"
s-microsoft.com,microsoft.com,"Knows"
s-microsoft.com,microsoft.com,"Knows"
onestore.ms,microsoft.com,"Knows"
s-microsoft.com,microsoft.com,"Knows"
s-microsoft.com,microsoft.com,"Knows"
webtrends.com,microsoft.com,"Knows"
webtrends.com,microsoft.com,"Knows"
s-microsoft.com,microsoft.com,"Knows"
s-microsoft.com,microsoft.com,"Knows"
bkrtx.com,microsoft.com,"Knows"
gfx.ms,microsoft.com,"Knows"
microsoftstore.com,microsoft.com,"Knows"
s-microsoft.com,microsoft.com,"Knows"
s-microsoft.com,microsoft.com,"Knows"
clicktale.net,microsoft.com,"Knows"
s-microsoft.com,microsoft.com,"Knows"
s-microsoft.com,microsoft.com,"Knows"
s-microsoft.com,microsoft.com,"Knows"
s-microsoft.com,microsoft.com,"Knows"
s-microsoft.com,microsoft.com,"Knows"
s-microsoft.com,microsoft.com,"Knows"
s-microsoft.com,microsoft.com,"Knows"
s-microsoft.com,microsoft.com,"Knows"
s-microsoft.com,microsoft.com,"Knows"
s-microsoft.com,microsoft.com,"Knows"
s-microsoft.com,microsoft.com,"Knows"
onestore.ms,microsoft.com,"Knows"
bing.com,microsoft.com,"Knows"
s-microsoft.com,microsoft.com,"Knows"
s-microsoft.com,microsoft.com,"Knows"
s-microsoft.com,microsoft.com,"Knows"
s-microsoft.com,microsoft.com,"Knows"
gfx.ms,microsoft.com,"Knows"
clicktale.net,microsoft.com,"Knows"
bluekai.com,microsoft.com,"Knows"
clicktale.net,microsoft.com,"Knows"
webtrends.com,microsoft.com,"Knows"
s-microsoft.com,microsoft.com,"Knows"
clicktale.net,microsoft.com,"Knows"
gfx.ms,microsoft.com,"Knows"
s-microsoft.com,microsoft.com,"Knows"
s-microsoft.com,microsoft.com,"Knows"
s-microsoft.com,microsoft.com,"Knows"
s-microsoft.com,microsoft.com,"Knows"
s-microsoft.com,microsoft.com,"Knows"
go-mpulse.net,microsoft.com,"Knows"
go-mpulse.net,microsoft.com,"Knows"
scorecardresearch.com,microsoft.com,"Knows"
btttag.com,microsoft.com,"Knows"
mpstat.us,microsoft.com,"Knows"
mpstat.us,microsoft.com,"Knows"
scorecardresearch.com,tumblr.com,"Knows"
google-analytics.com,tumblr.com,"Knows"
scorecardresearch.com,tumblr.com,"Knows"
google-analytics.com,tumblr.com,"Knows"
google-analytics.com,tumblr.com,"Knows"
google-analytics.com,tumblr.com,"Knows"
cedexis-radar.net,tumblr.com,"Knows"
cedexis.com,tumblr.com,"Knows"
cedexis.com,tumblr.com,"Knows"
cedexis.com,tumblr.com,"Knows"
cedexis.com,tumblr.com,"Knows"
googleapis.com,wordpress.com,"Knows"
gstatic.com,wordpress.com,"Knows"
gstatic.com,wordpress.com,"Knows"
google-analytics.com,wordpress.com,"Knows"
blogger.com,blogspot.com,"Knows"
blogger.com,google.com,"Knows"
youtube.com,blogspot.com,"Knows"
gstatic.com,blogspot.com,"Knows"
gstatic.com,blogspot.com,"Knows"
gstatic.com,blogspot.com,"Knows"
gstatic.com,blogspot.com,"Knows"
gstatic.com,blogspot.com,"Knows"
google.com,blogspot.com,"Knows"
googleapis.com,imgur.com,"Knows"
googletagservices.com,imgur.com,"Knows"
scorecardresearch.com,imgur.com,"Knows"
twitter.com,imgur.com,"Knows"
quantserve.com,imgur.com,"Knows"
googleadservices.com,imgur.com,"Knows"
scorecardresearch.com,imgur.com,"Knows"
quantserve.com,imgur.com,"Knows"
twitter.com,imgur.com,"Knows"
google-analytics.com,imgur.com,"Knows"
twitter.com,imgur.com,"Knows"
twitter.com,imgur.com,"Knows"
360.cn,360.cn,"Knows"
360.com,360.cn,"Knows"
qhimg.com,360.cn,"Knows"
qhimg.com,360.cn,"Knows"
qhimg.com,360.cn,"Knows"
qhimg.com,360.cn,"Knows"
qhimg.com,360.cn,"Knows"
qhimg.com,360.cn,"Knows"
qhimg.com,360.cn,"Knows"
qhimg.com,360.cn,"Knows"
qhimg.com,360.cn,"Knows"
qhimg.com,360.cn,"Knows"
qhimg.com,360.cn,"Knows"
qhimg.com,360.cn,"Knows"
qhimg.com,360.cn,"Knows"
qhimg.com,360.cn,"Knows"
qhimg.com,360.cn,"Knows"
qhimg.com,360.cn,"Knows"
qhimg.com,360.cn,"Knows"
qhimg.com,360.cn,"Knows"
qhimg.com,360.cn,"Knows"
qhimg.com,360.cn,"Knows"
qhimg.com,360.cn,"Knows"
qhimg.com,360.cn,"Knows"
qhimg.com,360.cn,"Knows"
qhimg.com,360.cn,"Knows"
qhimg.com,360.cn,"Knows"
qhimg.com,360.cn,"Knows"
qhimg.com,360.cn,"Knows"
qhimg.com,360.cn,"Knows"
qhimg.com,360.cn,"Knows"
qhimg.com,360.cn,"Knows"
qhimg.com,360.cn,"Knows"
qhimg.com,360.cn,"Knows"
qhimg.com,360.cn,"Knows"
qhimg.com,360.cn,"Knows"
qhimg.com,360.cn,"Knows"
qhimg.com,360.cn,"Knows"
qhimg.com,360.cn,"Knows"
qhimg.com,360.cn,"Knows"
qhimg.com,360.cn,"Knows"
qhimg.com,360.cn,"Knows"
qhimg.com,360.cn,"Knows"
qhimg.com,360.cn,"Knows"
qhimg.com,360.cn,"Knows"
qhimg.com,360.cn,"Knows"
qhimg.com,360.cn,"Knows"
qhimg.com,360.cn,"Knows"
qhimg.com,360.cn,"Knows"
qhimg.com,360.cn,"Knows"
qhimg.com,360.cn,"Knows"
qhimg.com,360.cn,"Knows"
qhimg.com,360.cn,"Knows"
qhimg.com,360.cn,"Knows"
qhimg.com,360.cn,"Knows"
qhimg.com,360.cn,"Knows"
qhimg.com,360.cn,"Knows"
qhimg.com,360.cn,"Knows"
qhimg.com,360.cn,"Knows"
qhimg.com,360.cn,"Knows"
qhimg.com,360.cn,"Knows"
qhimg.com,360.cn,"Knows"
qhimg.com,360.cn,"Knows"
qhimg.com,360.cn,"Knows"
qhimg.com,360.cn,"Knows"
qhimg.com,360.cn,"Knows"
qhimg.com,360.cn,"Knows"
qhimg.com,360.cn,"Knows"
qhimg.com,360.cn,"Knows"
qhimg.com,360.cn,"Knows"
qhimg.com,360.cn,"Knows"
qhimg.com,360.cn,"Knows"
qhimg.com,360.cn,"Knows"
qhimg.com,360.cn,"Knows"
qhimg.com,360.cn,"Knows"
qhimg.com,360.cn,"Knows"
qhimg.com,360.cn,"Knows"
qhimg.com,360.cn,"Knows"
qhimg.com,360.cn,"Knows"
qhimg.com,360.cn,"Knows"
qhimg.com,360.cn,"Knows"
qhimg.com,360.cn,"Knows"
qhimg.com,360.cn,"Knows"
qhimg.com,360.cn,"Knows"
qhimg.com,360.cn,"Knows"
qhimg.com,360.cn,"Knows"
qhimg.com,360.cn,"Knows"
qhimg.com,360.cn,"Knows"
360.cn,360.cn,"Knows"
qhimg.com,360.cn,"Knows"
qhimg.com,360.cn,"Knows"
qhimg.com,360.cn,"Knows"
qhimg.com,360.cn,"Knows"
qhimg.com,360.cn,"Knows"
qhimg.com,360.cn,"Knows"
qhimg.com,360.cn,"Knows"
qhimg.com,360.cn,"Knows"
qhimg.com,360.cn,"Knows"
qhimg.com,360.cn,"Knows"
qhimg.com,360.cn,"Knows"
qhimg.com,360.cn,"Knows"
qhimg.com,360.cn,"Knows"
qhimg.com,360.cn,"Knows"
qhimg.com,360.cn,"Knows"
qhimg.com,360.cn,"Knows"
qhimg.com,360.cn,"Knows"
qhimg.com,360.cn,"Knows"
qhimg.com,360.cn,"Knows"
qhimg.com,360.cn,"Knows"
qhimg.com,360.cn,"Knows"
qhimg.com,360.cn,"Knows"
qhimg.com,360.cn,"Knows"
qhimg.com,360.cn,"Knows"
qhimg.com,360.cn,"Knows"
qhimg.com,360.cn,"Knows"
qhimg.com,360.cn,"Knows"
qhimg.com,360.cn,"Knows"
qhimg.com,360.cn,"Knows"
qhimg.com,360.cn,"Knows"
qhimg.com,360.cn,"Knows"
qhimg.com,360.cn,"Knows"
qhimg.com,360.cn,"Knows"
qhimg.com,360.cn,"Knows"
qhimg.com,360.cn,"Knows"
qhimg.com,360.cn,"Knows"
qhimg.com,360.cn,"Knows"
qhimg.com,360.cn,"Knows"
qhimg.com,360.cn,"Knows"
qhimg.com,360.cn,"Knows"
qhimg.com,360.cn,"Knows"
qhimg.com,360.cn,"Knows"
qhimg.com,360.cn,"Knows"
qhimg.com,360.cn,"Knows"
qhimg.com,360.cn,"Knows"
qhimg.com,360.cn,"Knows"
qhimg.com,360.cn,"Knows"
qhimg.com,360.cn,"Knows"
qhimg.com,360.cn,"Knows"
qhimg.com,360.cn,"Knows"
qhimg.com,360.cn,"Knows"
qhimg.com,360.cn,"Knows"
qhimg.com,360.cn,"Knows"
qhimg.com,360.cn,"Knows"
qhimg.com,360.cn,"Knows"
qhimg.com,360.cn,"Knows"
qhimg.com,360.cn,"Knows"
360.cn,360.cn,"Knows"
google-analytics.com,360.cn,"Knows"
qhimg.com,360.cn,"Knows"
qhimg.com,360.cn,"Knows"
qhimg.com,360.cn,"Knows"
qhimg.com,360.cn,"Knows"
qhimg.com,360.cn,"Knows"
qhimg.com,360.cn,"Knows"
qhimg.com,360.cn,"Knows"
qhimg.com,360.cn,"Knows"
qhimg.com,360.cn,"Knows"
qhimg.com,360.cn,"Knows"
qhimg.com,360.cn,"Knows"
360.cn,360.cn,"Knows"
360.cn,360.cn,"Knows"
qihoo.com,360.cn,"Knows"
360.cn,360.cn,"Knows"
qihoo.com,360.cn,"Knows"
imdb.com,imdb.com,"Knows"
imdb.com,imdb.com,"Knows"
scorecardresearch.com,imdb.com,"Knows"
imdb.com,imdb.com,"Knows"
imdb.com,imdb.com,"Knows"
imdb.com,imdb.com,"Knows"
twitter.com,imdb.com,"Knows"
twitter.com,imdb.com,"Knows"
twimg.com,imdb.com,"Knows"
universalstudios.com,imdb.com,"Knows"
twimg.com,imdb.com,"Knows"
twimg.com,imdb.com,"Knows"
twitter.com,imdb.com,"Knows"
twimg.com,imdb.com,"Knows"
twimg.com,imdb.com,"Knows"
twimg.com,imdb.com,"Knows"
twimg.com,imdb.com,"Knows"
twimg.com,imdb.com,"Knows"
twimg.com,imdb.com,"Knows"
twimg.com,imdb.com,"Knows"
twimg.com,imdb.com,"Knows"
twimg.com,imdb.com,"Knows"
twimg.com,imdb.com,"Knows"
twimg.com,imdb.com,"Knows"
twimg.com,imdb.com,"Knows"
twimg.com,imdb.com,"Knows"
twimg.com,imdb.com,"Knows"
twimg.com,imdb.com,"Knows"
twimg.com,imdb.com,"Knows"
twimg.com,imdb.com,"Knows"
twimg.com,imdb.com,"Knows"
twimg.com,imdb.com,"Knows"
twimg.com,imdb.com,"Knows"
twimg.com,imdb.com,"Knows"
ask.com,ask.com,"Knows"
ask.com,ask.com,"Knows"
ask.com,ask.com,"Knows"
ask.com,ask.com,"Knows"
ask.com,ask.com,"Knows"
ask.com,ask.com,"Knows"
ask.com,ask.com,"Knows"
ask.com,ask.com,"Knows"
ask.com,ask.com,"Knows"
ask.com,ask.com,"Knows"
googletagmanager.com,ask.com,"Knows"
crwdcntrl.net,ask.com,"Knows"
ask.com,ask.com,"Knows"
crwdcntrl.net,ask.com,"Knows"
ask.com,ask.com,"Knows"
ask.com,ask.com,"Knows"
scorecardresearch.com,ask.com,"Knows"
google-analytics.com,ask.com,"Knows"
google-analytics.com,ask.com,"Knows"
google-analytics.com,ask.com,"Knows"
crwdcntrl.net,ask.com,"Knows"
ask.com,ask.com,"Knows"
eyeota.net,ask.com,"Knows"
addthis.com,ask.com,"Knows"
rlcdn.com,ask.com,"Knows"
exelator.com,ask.com,"Knows"
bluekai.com,ask.com,"Knows"
amazon.de,amazon.de,"Knows"
amazon.de,amazon.de,"Knows"
amazon.de,amazon.de,"Knows"
amazon.de,amazon.de,"Knows"
amazon.de,amazon.de,"Knows"
amazon.de,amazon.de,"Knows"
amazon.de,amazon.de,"Knows"
amazon.de,amazon.de,"Knows"
amazon.de,amazon.de,"Knows"
amazon.de,amazon.de,"Knows"
amazon.de,amazon.de,"Knows"
amazon.de,amazon.de,"Knows"
amazon.de,amazon.de,"Knows"
amazon.de,amazon.de,"Knows"
amazon.de,amazon.de,"Knows"
amazon.de,amazon.de,"Knows"
amazon.de,amazon.de,"Knows"
amazon.de,amazon.de,"Knows"
amazon.de,amazon.de,"Knows"
amazon.de,amazon.de,"Knows"
amazon.de,amazon.de,"Knows"
amazon.de,amazon.de,"Knows"
amazon.de,amazon.de,"Knows"
amazon.de,amazon.de,"Knows"
apple.com,apple.com,"Knows"
apple.com,apple.com,"Knows"
apple.com,apple.com,"Knows"
apple.com,apple.com,"Knows"
apple.com,apple.com,"Knows"
apple.com,apple.com,"Knows"
apple.com,apple.com,"Knows"
apple.com,apple.com,"Knows"
apple.com,apple.com,"Knows"
apple.com,apple.com,"Knows"
apple.com,apple.com,"Knows"
apple.com,apple.com,"Knows"
apple.com,apple.com,"Knows"
apple.com,apple.com,"Knows"
apple.com,apple.com,"Knows"
apple.com,apple.com,"Knows"
apple.com,apple.com,"Knows"
apple.com,apple.com,"Knows"
apple.com,apple.com,"Knows"
apple.com,apple.com,"Knows"
apple.com,apple.com,"Knows"
apple.com,apple.com,"Knows"
apple.com,apple.com,"Knows"
apple.com,apple.com,"Knows"
apple.com,apple.com,"Knows"
apple.com,apple.com,"Knows"
apple.com,apple.com,"Knows"
apple.com,apple.com,"Knows"
apple.com,apple.com,"Knows"
apple.com,apple.com,"Knows"
apple.com,apple.com,"Knows"
apple.com,apple.com,"Knows"
apple.com,apple.com,"Knows"
apple.com,apple.com,"Knows"
apple.com,apple.com,"Knows"
apple.com,apple.com,"Knows"
apple.com,apple.com,"Knows"
apple.com,apple.com,"Knows"
apple.com,apple.com,"Knows"
apple.com,apple.com,"Knows"
apple.com,apple.com,"Knows"
google.it,google.it,"Knows"
google.it,google.it,"Knows"
google.it,google.it,"Knows"
google.it,google.it,"Knows"
gstatic.com,google.it,"Knows"
google.it,google.it,"Knows"
google.it,google.it,"Knows"
google.it,google.it,"Knows"
gstatic.com,google.it,"Knows"
google.it,google.it,"Knows"
google.com,google.it,"Knows"
google.it,google.it,"Knows"
google.com,google.it,"Knows"
google.it,google.it,"Knows"
google.it,google.it,"Knows"
mozilla.com,youtube.com,"Knows"
blogger.com,youtube.com,"Knows"
gravity.com,amazon.com,"Knows"
mozilla.com,amazon.com,"Knows"
twimg.com,amazon.com,"Knows"
google-analytics.com,amazon.com,"Knows"
tmall.com,qq.com,"Knows"
googleapis.com,qq.com,"Knows"
google.com,qq.com,"Knows"
gstatic.com,qq.com,"Knows"
tbcdn.cn,qq.com,"Knows"
mozilla.com,google.co.in,"Knows"
blogger.com,google.co.in,"Knows"
tanx.com,taobao.com,"Knows"
mmstat.com:443,taobao.com,"Knows"
mozilla.com,taobao.com,"Knows"
blogger.com,taobao.com,"Knows"
sina.com,sina.com.cn,"Knows"
googletagservices.com,sina.com.cn,"Knows"
googleadservices.com,sina.com.cn,"Knows"
google.com,sina.com.cn,"Knows"
google-analytics.com,sina.com.cn,"Knows"
gstatic.com,sina.com.cn,"Knows"
gtimg.com,sina.com.cn,"Knows"
gtimg.cn,sina.com.cn,"Knows"
com.cn,sina.com.cn,"Knows"
trafficjam.cn,sina.com.cn,"Knows"
mmstat.com,sina.com.cn,"Knows"
tmall.com,sina.com.cn,"Knows"
googleapis.com,sina.com.cn,"Knows"
tbcdn.cn,sina.com.cn,"Knows"
mmstat.com:443,sina.com.cn,"Knows"
mozilla.com,sina.com.cn,"Knows"
blogger.com,sina.com.cn,"Knows"
sinastorage.com,weibo.com,"Knows"
esfimg.com,weibo.com,"Knows"
sinajs.cn,weibo.com,"Knows"
wrating.com,weibo.com,"Knows"
mediav.com,weibo.com,"Knows"
tanx.com,weibo.com,"Knows"
alicdn.com,weibo.com,"Knows"
baifendian.com,weibo.com,"Knows"
gtags.net,weibo.com,"Knows"
miaozhen.com,weibo.com,"Knows"
leju.com,weibo.com,"Knows"
qq.com,weibo.com,"Knows"
taobao.com,weibo.com,"Knows"
uuzuonline.com,weibo.com,"Knows"
alibaba.com,weibo.com,"Knows"
taobaocdn.com,weibo.com,"Knows"
jd.com,weibo.com,"Knows"
360buyimg.com,weibo.com,"Knows"
youku.com,weibo.com,"Knows"
3.cn,weibo.com,"Knows"
alipay.com,weibo.com,"Knows"
gtimg.com,weibo.com,"Knows"
gtimg.cn,weibo.com,"Knows"
com.cn,weibo.com,"Knows"
trafficjam.cn,weibo.com,"Knows"
mmstat.com,weibo.com,"Knows"
tmall.com,weibo.com,"Knows"
googleapis.com,weibo.com,"Knows"
tbcdn.cn,weibo.com,"Knows"
mmstat.com:443,weibo.com,"Knows"
mozilla.com,weibo.com,"Knows"
blogger.com,weibo.com,"Knows"
yimg.jp,yahoo.com,"Knows"
yjtag.jp,yahoo.com,"Knows"
thebrighttag.com,yahoo.com,"Knows"
criteo.com,yahoo.com,"Knows"
gfx.ms,bing.com,"Knows"
gfx.ms,msn.com,"Knows"
mradx.net,vk.com,"Knows"
imgsmail.ru,vk.com,"Knows"
yandex.ru,vk.com,"Knows"
ok.ru,vk.com,"Knows"
gstatic.com,vk.com,"Knows"
google.com,vk.com,"Knows"
simpli.fi,vk.com,"Knows"
abmr.net,ebay.com,"Knows"
mozilla.com,google.de,"Knows"
blogger.com,google.de,"Knows"
googleapis.com,tmall.com,"Knows"
google.com,tmall.com,"Knows"
gstatic.com,tmall.com,"Knows"
tbcdn.cn,tmall.com,"Knows"
tanx.com,tmall.com,"Knows"
mozilla.com,tmall.com,"Knows"
blogger.com,tmall.com,"Knows"
yastatic.net,mail.ru,"Knows"
yandex.net,mail.ru,"Knows"
googleadservices.com,mail.ru,"Knows"
mradx.net,yandex.ru,"Knows"
imgsmail.ru,yandex.ru,"Knows"
yadro.ru,yandex.ru,"Knows"
ok.ru,yandex.ru,"Knows"
gstatic.com,yandex.ru,"Knows"
google.com,yandex.ru,"Knows"
simpli.fi,yandex.ru,"Knows"
mozilla.com,mail.ru,"Knows"
blogger.com,mail.ru,"Knows"
mozilla.com,google.co.uk,"Knows"
blogger.com,google.co.uk,"Knows"
mozilla.com,sohu.com,"Knows"
gstatic.com,sohu.com,"Knows"
blogger.com,sohu.com,"Knows"
live.com,microsoft.com,"Knows"
ggpht.com,blogspot.com,"Knows"
googlevideo.com,blogspot.com,"Knows"
mozilla.com,blogspot.com,"Knows"
mozilla.com,imgur.com,"Knows"
twimg.com,imgur.com,"Knows"
mozilla.com,imdb.com,"Knows"
google-analytics.com,imdb.com,"Knows"
mozilla.com,google.it,"Knows"
blogger.com,google.it,"Knows"
mmstat.com:443,qq.com,"Knows"
mozilla.com,qq.com,"Knows"
blogger.com,qq.com,"Knows"
yastatic.net,vk.com,"Knows"
yandex.net,vk.com,"Knows"
googleadservices.com,vk.com,"Knows"
mozilla.com,vk.com,"Knows"
blogger.com,vk.com,"Knows"
mozilla.com,yandex.ru,"Knows"
blogger.com,yandex.ru,"Knows"
