google.com,google.com,"Access"
google.com,google.com,"Access"
google.com,google.com,"Access"
google.com,mozilla.com,"Access"
google.com,google.com,"Access"
google.com,google.com,"Access"
google.com,google.com,"Access"
google.com,google.com,"Access"
google.com,google.com,"Access"
google.com,gstatic.com,"Access"
google.com,gstatic.com,"Access"
google.com,google.com,"Access"
google.com,google.com,"Access"
google.com,google.com,"Access"
google.com,google.com,"Access"
youtube.com,youtube.com,"Access"
youtube.com,youtube.com,"Access"
youtube.com,youtube.com,"Access"
youtube.com,ggpht.com,"Access"
youtube.com,ggpht.com,"Access"
youtube.com,ggpht.com,"Access"
youtube.com,ggpht.com,"Access"
youtube.com,ggpht.com,"Access"
youtube.com,gstatic.com,"Access"
youtube.com,gstatic.com,"Access"
youtube.com,youtube.com,"Access"
youtube.com,youtube.com,"Access"
youtube.com,ggpht.com,"Access"
youtube.com,ggpht.com,"Access"
youtube.com,youtube.com,"Access"
youtube.com,youtube.com,"Access"
youtube.com,google.com,"Access"
youtube.com,google.com,"Access"
youtube.com,google.com,"Access"
youtube.com,youtube.com,"Access"
youtube.com,ggpht.com,"Access"
youtube.com,ggpht.com,"Access"
youtube.com,youtube.com,"Access"
youtube.com,google.com,"Access"
youtube.com,youtube.com,"Access"
youtube.com,youtube.com,"Access"
youtube.com,youtube.com,"Access"
youtube.com,googlevideo.com,"Access"
youtube.com,googlevideo.com,"Access"
youtube.com,googlevideo.com,"Access"
youtube.com,googlevideo.com,"Access"
youtube.com,youtube.com,"Access"
youtube.com,googlevideo.com,"Access"
youtube.com,googlevideo.com,"Access"
youtube.com,googlevideo.com,"Access"
youtube.com,youtube.com,"Access"
youtube.com,googlevideo.com,"Access"
youtube.com,youtube.com,"Access"
youtube.com,gstatic.com,"Access"
youtube.com,youtube.com,"Access"
youtube.com,youtube.com,"Access"
youtube.com,googlevideo.com,"Access"
youtube.com,google.com,"Access"
youtube.com,youtube.com,"Access"
youtube.com,youtube.com,"Access"
youtube.com,youtube.com,"Access"
youtube.com,googlevideo.com,"Access"
youtube.com,youtube.com,"Access"
youtube.com,youtube.com,"Access"
youtube.com,googlevideo.com,"Access"
youtube.com,youtube.com,"Access"
youtube.com,youtube.com,"Access"
baidu.com,baidu.com,"Access"
baidu.com,baidu.com,"Access"
baidu.com,baidu.com,"Access"
baidu.com,baidu.com,"Access"
baidu.com,baidu.com,"Access"
baidu.com,bdstatic.com,"Access"
baidu.com,bdstatic.com,"Access"
baidu.com,bdstatic.com,"Access"
baidu.com,bdstatic.com,"Access"
baidu.com,baidu.com,"Access"
baidu.com,bdstatic.com,"Access"
baidu.com,bdstatic.com,"Access"
baidu.com,bdstatic.com,"Access"
baidu.com,bdstatic.com,"Access"
baidu.com,bdstatic.com,"Access"
baidu.com,bdstatic.com,"Access"
baidu.com,bdstatic.com,"Access"
baidu.com,baidu.com,"Access"
baidu.com,baidu.com,"Access"
yahoo.com,scorecardresearch.com,"Access"
scorecardresearch.com,scorecardresearch.com,"Access"
doubleclick.net,agkn.com,"Access"
yahoo.com,googleapis.com,"Access"
yahoo.com,gstatic.com,"Access"
yahoo.com,footprint.net,"Access"
amazon.com,advertising.com,"Access"
amazon.com,twitter.com,"Access"
wikipedia.org,wikipedia.org,"Access"
wikipedia.org,wikipedia.org,"Access"
wikipedia.org,wikipedia.org,"Access"
wikipedia.org,wikipedia.org,"Access"
wikipedia.org,wikipedia.org,"Access"
wikipedia.org,wikipedia.org,"Access"
wikipedia.org,wikipedia.org,"Access"
wikipedia.org,wikipedia.org,"Access"
wikipedia.org,wikipedia.org,"Access"
wikipedia.org,wikipedia.org,"Access"
wikipedia.org,wikipedia.org,"Access"
wikipedia.org,wikipedia.org,"Access"
wikipedia.org,wikipedia.org,"Access"
wikipedia.org,wikipedia.org,"Access"
wikipedia.org,wikipedia.org,"Access"
wikipedia.org,wikipedia.org,"Access"
wikipedia.org,wikipedia.org,"Access"
wikipedia.org,wikipedia.org,"Access"
wikipedia.org,wikipedia.org,"Access"
wikipedia.org,wikimedia.org,"Access"
wikipedia.org,wikipedia.org,"Access"
qq.com,qq.com,"Access"
qq.com,qq.com,"Access"
qq.com,qq.com,"Access"
qq.com,gtimg.com,"Access"
qq.com,gtimg.com,"Access"
qq.com,gtimg.com,"Access"
qq.com,gtimg.com,"Access"
qq.com,gtimg.com,"Access"
qq.com,gtimg.com,"Access"
qq.com,gtimg.cn,"Access"
qq.com,gtimg.cn,"Access"
qq.com,gtimg.com,"Access"
qq.com,qq.com,"Access"
qq.com,gtimg.com,"Access"
qq.com,gtimg.com,"Access"
qq.com,gtimg.com,"Access"
qq.com,gtimg.com,"Access"
qq.com,gtimg.com,"Access"
qq.com,gtimg.com,"Access"
qq.com,gtimg.com,"Access"
qq.com,gtimg.com,"Access"
qq.com,gtimg.com,"Access"
qq.com,gtimg.com,"Access"
qq.com,gtimg.com,"Access"
qq.com,gtimg.com,"Access"
qq.com,gtimg.com,"Access"
qq.com,gtimg.com,"Access"
qq.com,gtimg.com,"Access"
qq.com,gtimg.com,"Access"
qq.com,gtimg.com,"Access"
qq.com,gtimg.com,"Access"
qq.com,gtimg.com,"Access"
qq.com,gtimg.com,"Access"
qq.com,gtimg.com,"Access"
qq.com,gtimg.com,"Access"
qq.com,gtimg.com,"Access"
qq.com,gtimg.com,"Access"
qq.com,gtimg.com,"Access"
qq.com,gtimg.com,"Access"
qq.com,gtimg.com,"Access"
qq.com,gtimg.com,"Access"
qq.com,gtimg.com,"Access"
qq.com,gtimg.com,"Access"
qq.com,gtimg.cn,"Access"
qq.com,gtimg.cn,"Access"
qq.com,gtimg.com,"Access"
qq.com,gtimg.com,"Access"
qq.com,gtimg.com,"Access"
qq.com,gtimg.cn,"Access"
qq.com,gtimg.com,"Access"
qq.com,gtimg.com,"Access"
qq.com,gtimg.com,"Access"
qq.com,gtimg.com,"Access"
qq.com,gtimg.com,"Access"
qq.com,gtimg.com,"Access"
qq.com,gtimg.com,"Access"
qq.com,gtimg.com,"Access"
qq.com,gtimg.com,"Access"
qq.com,gtimg.com,"Access"
qq.com,gtimg.com,"Access"
qq.com,gtimg.com,"Access"
qq.com,gtimg.com,"Access"
qq.com,gtimg.com,"Access"
qq.com,gtimg.com,"Access"
qq.com,gtimg.com,"Access"
qq.com,gtimg.com,"Access"
qq.com,qq.com,"Access"
qq.com,gtimg.com,"Access"
qq.com,gtimg.com,"Access"
qq.com,gtimg.com,"Access"
qq.com,gtimg.com,"Access"
qq.com,gtimg.com,"Access"
qq.com,gtimg.com,"Access"
qq.com,qq.com,"Access"
qq.com,qq.com,"Access"
qq.com,qq.com,"Access"
qq.com,gtimg.com,"Access"
qq.com,gtimg.com,"Access"
qq.com,qq.com,"Access"
qq.com,gtimg.com,"Access"
qq.com,gtimg.com,"Access"
qq.com,gtimg.com,"Access"
qq.com,qq.com,"Access"
qq.com,gtimg.com,"Access"
qq.com,gtimg.com,"Access"
qq.com,gtimg.com,"Access"
qq.com,gtimg.com,"Access"
qq.com,gtimg.com,"Access"
qq.com,gtimg.com,"Access"
qq.com,gtimg.com,"Access"
qq.com,qq.com,"Access"
qq.com,gtimg.com,"Access"
qq.com,gtimg.com,"Access"
qq.com,qq.com,"Access"
qq.com,gtimg.com,"Access"
qq.com,gtimg.com,"Access"
qq.com,gtimg.com,"Access"
qq.com,gtimg.com,"Access"
qq.com,qq.com,"Access"
qq.com,gtimg.com,"Access"
qq.com,qq.com,"Access"
qq.com,qq.com,"Access"
qq.com,gtimg.com,"Access"
qq.com,gtimg.com,"Access"
qq.com,gtimg.com,"Access"
qq.com,qq.com,"Access"
qq.com,gtimg.com,"Access"
qq.com,gtimg.com,"Access"
qq.com,gtimg.com,"Access"
qq.com,gtimg.com,"Access"
qq.com,gtimg.com,"Access"
qq.com,gtimg.com,"Access"
qq.com,gtimg.com,"Access"
qq.com,qq.com,"Access"
qq.com,qq.com,"Access"
qq.com,qq.com,"Access"
qq.com,gtimg.com,"Access"
qq.com,qq.com,"Access"
qq.com,gtimg.com,"Access"
qq.com,qq.com,"Access"
qq.com,gtimg.com,"Access"
qq.com,gtimg.com,"Access"
qq.com,gtimg.com,"Access"
qq.com,gtimg.com,"Access"
qq.com,qq.com,"Access"
qq.com,qq.com,"Access"
qq.com,gtimg.com,"Access"
gtimg.com,gtimg.com,"Access"
gtimg.com,gtimg.com,"Access"
gtimg.com,gtimg.com,"Access"
qq.com,qq.com,"Access"
qq.com,gtimg.com,"Access"
qq.com,qq.com,"Access"
qq.com,qq.com,"Access"
qq.com,qq.com,"Access"
qq.com,gtimg.com,"Access"
qq.com,qq.com,"Access"
qq.com,qq.com,"Access"
qq.com,qq.com,"Access"
qq.com,qq.com,"Access"
qq.com,qq.com,"Access"
qq.com,qq.com,"Access"
qq.com,qq.com,"Access"
qq.com,qq.com,"Access"
qq.com,qq.com,"Access"
qq.com,qq.com,"Access"
qq.com,gtimg.com,"Access"
gtimg.com,gtimg.com,"Access"
gtimg.com,gtimg.com,"Access"
qq.com,qq.com,"Access"
qq.com,qq.com,"Access"
qq.com,qq.com,"Access"
qq.com,qq.com,"Access"
qq.com,qq.com,"Access"
qq.com,qq.com,"Access"
qq.com,qq.com,"Access"
qq.com,gtimg.com,"Access"
gtimg.com,gtimg.com,"Access"
gtimg.com,gtimg.com,"Access"
gtimg.com,gtimg.com,"Access"
gtimg.com,gtimg.com,"Access"
gtimg.com,gtimg.com,"Access"
gtimg.com,gtimg.com,"Access"
gtimg.com,gtimg.com,"Access"
qq.com,qq.com,"Access"
qq.com,qq.com,"Access"
qq.com,gtimg.com,"Access"
gtimg.com,gtimg.com,"Access"
gtimg.com,gtimg.com,"Access"
gtimg.com,gtimg.com,"Access"
gtimg.com,gtimg.com,"Access"
gtimg.com,gtimg.com,"Access"
gtimg.com,gtimg.com,"Access"
gtimg.com,gtimg.com,"Access"
gtimg.com,gtimg.com,"Access"
gtimg.com,gtimg.com,"Access"
qq.com,gtimg.cn,"Access"
qq.com,gtimg.com,"Access"
gtimg.com,gtimg.com,"Access"
gtimg.com,gtimg.com,"Access"
gtimg.com,gtimg.com,"Access"
gtimg.com,gtimg.com,"Access"
gtimg.com,gtimg.com,"Access"
gtimg.com,gtimg.com,"Access"
gtimg.com,gtimg.com,"Access"
gtimg.com,gtimg.com,"Access"
gtimg.com,gtimg.com,"Access"
gtimg.com,gtimg.com,"Access"
gtimg.com,gtimg.com,"Access"
gtimg.com,gtimg.com,"Access"
gtimg.com,gtimg.com,"Access"
gtimg.com,gtimg.com,"Access"
gtimg.com,gtimg.com,"Access"
gtimg.com,gtimg.com,"Access"
gtimg.com,gtimg.com,"Access"
gtimg.com,gtimg.com,"Access"
gtimg.com,gtimg.com,"Access"
qq.com,qq.com,"Access"
qq.com,com.cn,"Access"
qq.com,gtimg.com,"Access"
gtimg.com,gtimg.com,"Access"
qq.com,gtimg.com,"Access"
qq.com,gtimg.com,"Access"
gtimg.com,gtimg.com,"Access"
gtimg.com,gtimg.com,"Access"
qq.com,gtimg.com,"Access"
gtimg.com,gtimg.com,"Access"
qq.com,gtimg.com,"Access"
gtimg.com,gtimg.com,"Access"
gtimg.com,gtimg.com,"Access"
qq.com,gtimg.com,"Access"
qq.com,gtimg.com,"Access"
gtimg.com,gtimg.com,"Access"
gtimg.com,gtimg.com,"Access"
gtimg.com,gtimg.com,"Access"
gtimg.com,gtimg.com,"Access"
gtimg.com,gtimg.com,"Access"
gtimg.com,gtimg.com,"Access"
gtimg.com,gtimg.com,"Access"
gtimg.com,gtimg.com,"Access"
gtimg.com,gtimg.com,"Access"
gtimg.com,gtimg.com,"Access"
gtimg.com,gtimg.com,"Access"
gtimg.com,gtimg.com,"Access"
gtimg.com,gtimg.com,"Access"
gtimg.com,gtimg.com,"Access"
qq.com,qq.com,"Access"
qq.com,qq.com,"Access"
qq.com,qq.com,"Access"
qq.com,gtimg.com,"Access"
qq.com,tanx.com,"Access"
qq.com,gtimg.cn,"Access"
qq.com,alicdn.com,"Access"
qq.com,alicdn.com,"Access"
qq.com,gtimg.com,"Access"
qq.com,gtimg.com,"Access"
qq.com,tanx.com,"Access"
qq.com,tanx.com,"Access"
qq.com,taobaocdn.com,"Access"
qq.com,jd.com,"Access"
qq.com,alicdn.com,"Access"
qq.com,alicdn.com,"Access"
qq.com,taobao.com,"Access"
qq.com,tanx.com,"Access"
qq.com,360buyimg.com,"Access"
qq.com,360buyimg.com,"Access"
qq.com,360buyimg.com,"Access"
qq.com,jd.com,"Access"
qq.com,360buyimg.com,"Access"
qq.com,360buyimg.com,"Access"
qq.com,360buyimg.com,"Access"
qq.com,360buyimg.com,"Access"
qq.com,360buyimg.com,"Access"
qq.com,360buyimg.com,"Access"
qq.com,360buyimg.com,"Access"
qq.com,360buyimg.com,"Access"
qq.com,360buyimg.com,"Access"
qq.com,trafficjam.cn,"Access"
qq.com,jd.com,"Access"
qq.com,3.cn,"Access"
qq.com,tanx.com,"Access"
qq.com,taobao.com,"Access"
qq.com,taobaocdn.com,"Access"
qq.com,taobaocdn.com,"Access"
qq.com,tanx.com,"Access"
qq.com,taobaocdn.com,"Access"
qq.com,alicdn.com,"Access"
qq.com,jd.com,"Access"
qq.com,mmstat.com,"Access"
mmstat.com,tanx.com,"Access"
qq.com,alicdn.com,"Access"
qq.com,gtimg.cn,"Access"
qq.com,alicdn.com,"Access"
qq.com,jd.com,"Access"
qq.com,jd.com,"Access"
qq.com,alicdn.com,"Access"
qq.com,360buyimg.com,"Access"
qq.com,jd.com,"Access"
qq.com,taobao.com,"Access"
qq.com,alicdn.com,"Access"
qq.com,jd.com,"Access"
qq.com,alicdn.com,"Access"
qq.com,jd.com,"Access"
qq.com,alicdn.com,"Access"
qq.com,alicdn.com,"Access"
qq.com,alicdn.com,"Access"
qq.com,alicdn.com,"Access"
qq.com,alicdn.com,"Access"
qq.com,alicdn.com,"Access"
qq.com,alicdn.com,"Access"
qq.com,alicdn.com,"Access"
qq.com,alicdn.com,"Access"
qq.com,alicdn.com,"Access"
qq.com,alicdn.com,"Access"
twitter.com,twitter.com,"Access"
twitter.com,twitter.com,"Access"
twitter.com,mozilla.com,"Access"
twitter.com,twimg.com,"Access"
twitter.com,twimg.com,"Access"
twitter.com,twimg.com,"Access"
twitter.com,twimg.com,"Access"
twitter.com,twimg.com,"Access"
twitter.com,twimg.com,"Access"
twitter.com,twimg.com,"Access"
twitter.com,twimg.com,"Access"
twitter.com,twimg.com,"Access"
twitter.com,twimg.com,"Access"
twitter.com,google-analytics.com,"Access"
twitter.com,twitter.com,"Access"
twitter.com,google-analytics.com,"Access"
doubleclick.net,google.com,"Access"
twitter.com,twitter.com,"Access"
google.co.in,google.co.in,"Access"
google.co.in,google.co.in,"Access"
google.co.in,google.co.in,"Access"
google.co.in,google.co.in,"Access"
google.co.in,gstatic.com,"Access"
google.co.in,google.co.in,"Access"
google.co.in,google.co.in,"Access"
google.co.in,google.co.in,"Access"
google.co.in,gstatic.com,"Access"
google.co.in,google.co.in,"Access"
google.co.in,google.com,"Access"
google.co.in,google.co.in,"Access"
google.co.in,google.com,"Access"
google.co.in,google.co.in,"Access"
google.co.in,google.co.in,"Access"
taobao.com,taobao.com,"Access"
taobao.com,taobao.com,"Access"
taobao.com,taobao.com,"Access"
taobao.com,taobao.com,"Access"
taobao.com,alicdn.com,"Access"
taobao.com,alicdn.com,"Access"
taobao.com,alicdn.com,"Access"
taobao.com,alicdn.com,"Access"
taobao.com,alicdn.com,"Access"
taobao.com,alicdn.com,"Access"
taobao.com,alicdn.com,"Access"
taobao.com,alicdn.com,"Access"
taobao.com,alicdn.com,"Access"
taobao.com,alicdn.com,"Access"
taobao.com,alicdn.com,"Access"
taobao.com,alicdn.com,"Access"
taobao.com,alicdn.com,"Access"
taobao.com,alicdn.com,"Access"
taobao.com,alicdn.com,"Access"
taobao.com,alicdn.com,"Access"
taobao.com,alicdn.com,"Access"
taobao.com,alicdn.com,"Access"
taobao.com,alicdn.com,"Access"
taobao.com,alicdn.com,"Access"
taobao.com,alicdn.com,"Access"
taobao.com,alicdn.com,"Access"
taobao.com,alicdn.com,"Access"
taobao.com,alicdn.com,"Access"
taobao.com,alicdn.com,"Access"
taobao.com,alicdn.com,"Access"
taobao.com,alicdn.com,"Access"
taobao.com,alicdn.com,"Access"
taobao.com,alicdn.com,"Access"
taobao.com,alicdn.com,"Access"
taobao.com,alicdn.com,"Access"
taobao.com,alicdn.com,"Access"
taobao.com,alicdn.com,"Access"
taobao.com,alicdn.com,"Access"
taobao.com,alicdn.com,"Access"
taobao.com,alicdn.com,"Access"
taobao.com,alicdn.com,"Access"
taobao.com,alicdn.com,"Access"
taobao.com,alicdn.com,"Access"
taobao.com,alicdn.com,"Access"
taobao.com,alicdn.com,"Access"
taobao.com,alicdn.com,"Access"
taobao.com,alicdn.com,"Access"
taobao.com,alicdn.com,"Access"
taobao.com,alicdn.com,"Access"
taobao.com,alicdn.com,"Access"
taobao.com,alicdn.com,"Access"
taobao.com,alicdn.com,"Access"
taobao.com,alicdn.com,"Access"
taobao.com,alicdn.com,"Access"
taobao.com,alicdn.com,"Access"
taobao.com,alicdn.com,"Access"
taobao.com,alicdn.com,"Access"
taobao.com,alicdn.com,"Access"
taobao.com,alicdn.com,"Access"
taobao.com,alicdn.com,"Access"
taobao.com,alicdn.com,"Access"
taobao.com,alicdn.com,"Access"
taobao.com,alicdn.com,"Access"
taobao.com,alicdn.com,"Access"
taobao.com,alicdn.com,"Access"
taobao.com,alicdn.com,"Access"
taobao.com,taobao.com,"Access"
taobao.com,alicdn.com,"Access"
taobao.com,alicdn.com,"Access"
taobao.com,alicdn.com,"Access"
taobao.com,alicdn.com,"Access"
taobao.com,alicdn.com,"Access"
taobao.com,taobao.com,"Access"
taobao.com,taobao.com,"Access"
taobao.com,taobao.com,"Access"
taobao.com,taobao.com,"Access"
taobao.com,alicdn.com,"Access"
taobao.com,alicdn.com,"Access"
taobao.com,mmstat.com,"Access"
mmstat.com,taobao.com,"Access"
taobao.com,alicdn.com,"Access"
taobao.com,alicdn.com,"Access"
taobao.com,alicdn.com,"Access"
taobao.com,alicdn.com,"Access"
taobao.com,alicdn.com,"Access"
taobao.com,taobao.com,"Access"
taobao.com,taobao.com,"Access"
taobao.com,taobao.com,"Access"
taobao.com,alicdn.com,"Access"
taobao.com,alicdn.com,"Access"
taobao.com,alicdn.com,"Access"
taobao.com,alicdn.com,"Access"
taobao.com,alicdn.com,"Access"
taobao.com,alicdn.com,"Access"
taobao.com,alicdn.com,"Access"
taobao.com,alicdn.com,"Access"
taobao.com,alicdn.com,"Access"
taobao.com,alicdn.com,"Access"
taobao.com,alicdn.com,"Access"
taobao.com,alicdn.com,"Access"
taobao.com,alicdn.com,"Access"
taobao.com,alicdn.com,"Access"
taobao.com,taobao.com,"Access"
taobao.com,taobao.com,"Access"
taobao.com,tmall.com,"Access"
tmall.com,tmall.com,"Access"
taobao.com,alicdn.com,"Access"
taobao.com,alicdn.com,"Access"
taobao.com,taobao.com,"Access"
taobao.com,googleapis.com,"Access"
taobao.com,googleapis.com,"Access"
taobao.com,google.com,"Access"
taobao.com,gstatic.com,"Access"
taobao.com,mmstat.com,"Access"
taobao.com,tbcdn.cn,"Access"
taobao.com,taobao.com,"Access"
live.com,live.com,"Access"
live.com,live.com,"Access"
live.com,live.com,"Access"
live.com,live.com,"Access"
live.com,gfx.ms,"Access"
live.com,gfx.ms,"Access"
live.com,gfx.ms,"Access"
live.com,gfx.ms,"Access"
live.com,gfx.ms,"Access"
live.com,live.com,"Access"
live.com,live.com,"Access"
live.com,live.com,"Access"
live.com,live.com,"Access"
live.com,live.com,"Access"
live.com,live.com,"Access"
live.com,live.com,"Access"
sina.com.cn,sina.com.cn,"Access"
sina.com.cn,sina.com.cn,"Access"
sina.com.cn,sina.com.cn,"Access"
sina.com.cn,sina.com.cn,"Access"
sina.com.cn,sina.com.cn,"Access"
sina.com.cn,sina.com.cn,"Access"
sina.com.cn,sina.com.cn,"Access"
sina.com.cn,sina.com.cn,"Access"
sina.com.cn,sina.com.cn,"Access"
sina.com.cn,sina.com.cn,"Access"
sina.com.cn,sinaimg.cn,"Access"
sina.com.cn,sina.com.cn,"Access"
sina.com.cn,sina.com.cn,"Access"
sina.com.cn,sina.com.cn,"Access"
sina.com.cn,sinaimg.cn,"Access"
sina.com.cn,sinaimg.cn,"Access"
sina.com.cn,sinaimg.cn,"Access"
sina.com.cn,sinaimg.cn,"Access"
sina.com.cn,sinaimg.cn,"Access"
sina.com.cn,sina.com.cn,"Access"
sina.com.cn,sina.com.cn,"Access"
sina.com.cn,sinaimg.cn,"Access"
sina.com.cn,sinaimg.cn,"Access"
sina.com.cn,sinaimg.cn,"Access"
sina.com.cn,sinaimg.cn,"Access"
sina.com.cn,sina.com.cn,"Access"
sina.com.cn,sinaimg.cn,"Access"
sina.com.cn,sinaimg.cn,"Access"
sina.com.cn,sinaimg.cn,"Access"
sina.com.cn,sinastorage.com,"Access"
sina.com.cn,esfimg.com,"Access"
sina.com.cn,sina.com.cn,"Access"
sina.com.cn,sina.com.cn,"Access"
sina.com.cn,sinajs.cn,"Access"
sina.com.cn,sinaimg.cn,"Access"
sina.com.cn,sina.com.cn,"Access"
sina.com.cn,sina.com.cn,"Access"
sina.com.cn,sinaimg.cn,"Access"
sina.com.cn,sina.com.cn,"Access"
sina.com.cn,sinaimg.cn,"Access"
sina.com.cn,sina.com.cn,"Access"
sina.com.cn,sinajs.cn,"Access"
sina.com.cn,sina.com.cn,"Access"
sina.com.cn,sina.com.cn,"Access"
sina.com.cn,sinajs.cn,"Access"
sina.com.cn,sina.com.cn,"Access"
sina.com.cn,sina.com.cn,"Access"
sina.com.cn,sina.com.cn,"Access"
sina.com.cn,sina.com.cn,"Access"
sina.com.cn,sina.com.cn,"Access"
sina.com.cn,sina.com.cn,"Access"
sina.com.cn,sinaimg.cn,"Access"
sina.com.cn,sina.com.cn,"Access"
sina.com.cn,sinaimg.cn,"Access"
sina.com.cn,sinaimg.cn,"Access"
sina.com.cn,sinaimg.cn,"Access"
sina.com.cn,sinaimg.cn,"Access"
sina.com.cn,sinaimg.cn,"Access"
sina.com.cn,sina.com.cn,"Access"
sina.com.cn,weibo.com,"Access"
sina.com.cn,sinaimg.cn,"Access"
sina.com.cn,sinaimg.cn,"Access"
sina.com.cn,sinaimg.cn,"Access"
sina.com.cn,sina.com.cn,"Access"
sina.com.cn,sina.com.cn,"Access"
sina.com.cn,sina.com.cn,"Access"
sina.com.cn,sinaimg.cn,"Access"
sina.com.cn,sina.com.cn,"Access"
sina.com.cn,sina.com.cn,"Access"
sina.com.cn,sinaimg.cn,"Access"
sina.com.cn,sina.com.cn,"Access"
sina.com.cn,sinaimg.cn,"Access"
sina.com.cn,sina.com.cn,"Access"
sina.com.cn,sinaimg.cn,"Access"
sina.com.cn,sinaimg.cn,"Access"
sina.com.cn,sina.com.cn,"Access"
sina.com.cn,sina.com.cn,"Access"
sina.com.cn,sina.com.cn,"Access"
sina.com.cn,sina.com.cn,"Access"
sina.com.cn,sina.com.cn,"Access"
sina.com.cn,sinaimg.cn,"Access"
sina.com.cn,sinaimg.cn,"Access"
sina.com.cn,sinaimg.cn,"Access"
sina.com.cn,sinaimg.cn,"Access"
sina.com.cn,sina.com.cn,"Access"
sina.com.cn,sina.com.cn,"Access"
sina.com.cn,sina.com.cn,"Access"
sina.com.cn,sina.com.cn,"Access"
sina.com.cn,sina.com.cn,"Access"
sina.com.cn,sina.com.cn,"Access"
sina.com.cn,sina.com.cn,"Access"
sina.com.cn,sina.com.cn,"Access"
sina.com.cn,sina.com.cn,"Access"
sina.com.cn,sina.com.cn,"Access"
sina.com.cn,sina.com.cn,"Access"
sina.com.cn,sina.com.cn,"Access"
sina.com.cn,sina.com.cn,"Access"
sina.com.cn,sina.com.cn,"Access"
sina.com.cn,sina.com.cn,"Access"
sina.com.cn,sina.com.cn,"Access"
sina.com.cn,sina.com.cn,"Access"
sina.com.cn,sina.com.cn,"Access"
sina.com.cn,sina.com.cn,"Access"
sina.com.cn,sina.com.cn,"Access"
sina.com.cn,sina.com.cn,"Access"
sina.com.cn,sina.com.cn,"Access"
sina.com.cn,sina.com.cn,"Access"
sina.com.cn,sina.com.cn,"Access"
sina.com.cn,sina.com.cn,"Access"
sina.com.cn,sina.com.cn,"Access"
sina.com.cn,sina.com.cn,"Access"
sina.com.cn,sina.com.cn,"Access"
sina.com.cn,sina.com.cn,"Access"
sina.com.cn,sina.com.cn,"Access"
sina.com.cn,sina.com.cn,"Access"
sina.com.cn,sina.com.cn,"Access"
sina.com.cn,sina.com.cn,"Access"
sina.com.cn,sina.com.cn,"Access"
sina.com.cn,sina.com.cn,"Access"
sina.com.cn,sina.com.cn,"Access"
sina.com.cn,sinaimg.cn,"Access"
sina.com.cn,sina.com.cn,"Access"
sina.com.cn,sinaimg.cn,"Access"
sina.com.cn,sina.com.cn,"Access"
sina.com.cn,sina.com.cn,"Access"
sina.com.cn,sina.com.cn,"Access"
sina.com.cn,sina.com.cn,"Access"
sina.com.cn,sina.com.cn,"Access"
sina.com.cn,sina.com.cn,"Access"
sina.com.cn,sinaimg.cn,"Access"
sina.com.cn,sina.com.cn,"Access"
sina.com.cn,sina.com.cn,"Access"
sina.com.cn,sina.com.cn,"Access"
sina.com.cn,sina.com.cn,"Access"
sina.com.cn,sina.com.cn,"Access"
sina.com.cn,sina.com.cn,"Access"
sina.com.cn,sina.com.cn,"Access"
sina.com.cn,sinaimg.cn,"Access"
sina.com.cn,sina.com.cn,"Access"
sina.com.cn,sinaimg.cn,"Access"
sina.com.cn,sinaimg.cn,"Access"
sina.com.cn,sinaimg.cn,"Access"
sina.com.cn,sinaimg.cn,"Access"
sina.com.cn,sinaimg.cn,"Access"
sina.com.cn,sinaimg.cn,"Access"
sina.com.cn,sinaimg.cn,"Access"
sina.com.cn,sinaimg.cn,"Access"
sina.com.cn,sina.com.cn,"Access"
sina.com.cn,sinaimg.cn,"Access"
sina.com.cn,sinaimg.cn,"Access"
sina.com.cn,sinaimg.cn,"Access"
sina.com.cn,sinaimg.cn,"Access"
sina.com.cn,sinaimg.cn,"Access"
sina.com.cn,sinaimg.cn,"Access"
sina.com.cn,sina.com.cn,"Access"
sina.com.cn,sina.com.cn,"Access"
sina.com.cn,sina.com.cn,"Access"
sina.com.cn,sina.com.cn,"Access"
sina.com.cn,sina.com.cn,"Access"
sina.com.cn,wrating.com,"Access"
sina.com.cn,sina.com.cn,"Access"
sina.com.cn,sina.com.cn,"Access"
sina.com.cn,sinaimg.cn,"Access"
sina.com.cn,sinaimg.cn,"Access"
sina.com.cn,sinaimg.cn,"Access"
sina.com.cn,sinaimg.cn,"Access"
sina.com.cn,sina.com.cn,"Access"
sina.com.cn,sinaimg.cn,"Access"
sina.com.cn,sinaimg.cn,"Access"
sina.com.cn,sina.com.cn,"Access"
sina.com.cn,sina.com.cn,"Access"
sina.com.cn,sinaimg.cn,"Access"
sina.com.cn,sina.com.cn,"Access"
sina.com.cn,sina.com.cn,"Access"
sina.com.cn,sinaimg.cn,"Access"
sina.com.cn,sina.com.cn,"Access"
sina.com.cn,sinaimg.cn,"Access"
sina.com.cn,sina.com.cn,"Access"
sina.com.cn,sina.com.cn,"Access"
sina.com.cn,sinaimg.cn,"Access"
sina.com.cn,sinaimg.cn,"Access"
sina.com.cn,sinaimg.cn,"Access"
sina.com.cn,sinaimg.cn,"Access"
sina.com.cn,sinaimg.cn,"Access"
sina.com.cn,sinaimg.cn,"Access"
sina.com.cn,sinaimg.cn,"Access"
sina.com.cn,sinaimg.cn,"Access"
sina.com.cn,sina.com.cn,"Access"
sina.com.cn,sinaimg.cn,"Access"
sina.com.cn,sinaimg.cn,"Access"
sina.com.cn,sinaimg.cn,"Access"
sina.com.cn,sina.com.cn,"Access"
sina.com.cn,sinaimg.cn,"Access"
sina.com.cn,sinaimg.cn,"Access"
sina.com.cn,sina.com.cn,"Access"
sina.com.cn,sinaimg.cn,"Access"
sina.com.cn,sina.com.cn,"Access"
sina.com.cn,sina.com.cn,"Access"
sina.com.cn,sinaimg.cn,"Access"
sina.com.cn,sinaimg.cn,"Access"
sina.com.cn,sina.com.cn,"Access"
sina.com.cn,sina.com.cn,"Access"
sina.com.cn,sinaimg.cn,"Access"
sina.com.cn,sinaimg.cn,"Access"
sina.com.cn,sina.com.cn,"Access"
sina.com.cn,sina.com.cn,"Access"
sina.com.cn,sina.com.cn,"Access"
sina.com.cn,sina.com.cn,"Access"
sina.com.cn,sina.com.cn,"Access"
sina.com.cn,sina.com.cn,"Access"
sina.com.cn,sina.com.cn,"Access"
sina.com.cn,sina.com.cn,"Access"
sina.com.cn,sina.com.cn,"Access"
sina.com.cn,sina.com.cn,"Access"
sina.com.cn,sina.com.cn,"Access"
sina.com.cn,sina.com.cn,"Access"
sina.com.cn,sina.com.cn,"Access"
sina.com.cn,sina.com.cn,"Access"
sina.com.cn,sinaimg.cn,"Access"
sina.com.cn,sinaimg.cn,"Access"
sina.com.cn,sina.com.cn,"Access"
sina.com.cn,sina.com.cn,"Access"
sina.com.cn,sinaimg.cn,"Access"
sina.com.cn,sinaimg.cn,"Access"
sina.com.cn,sinaimg.cn,"Access"
sina.com.cn,sina.com.cn,"Access"
sina.com.cn,sina.com.cn,"Access"
sina.com.cn,sina.com.cn,"Access"
sina.com.cn,sina.com.cn,"Access"
sina.com.cn,sina.com.cn,"Access"
sina.com.cn,sina.com.cn,"Access"
sina.com.cn,sina.com.cn,"Access"
sina.com.cn,sinaimg.cn,"Access"
sina.com.cn,sina.com.cn,"Access"
sina.com.cn,sina.com.cn,"Access"
sina.com.cn,sina.com.cn,"Access"
sina.com.cn,sina.com.cn,"Access"
sina.com.cn,sina.com.cn,"Access"
sina.com.cn,sina.com.cn,"Access"
sina.com.cn,sina.com.cn,"Access"
sina.com.cn,sina.com.cn,"Access"
sina.com.cn,sina.com.cn,"Access"
sina.com.cn,sina.com.cn,"Access"
sina.com.cn,sina.com.cn,"Access"
sina.com.cn,sina.com.cn,"Access"
sina.com.cn,sina.com.cn,"Access"
sina.com.cn,sinaimg.cn,"Access"
sina.com.cn,sina.com.cn,"Access"
sina.com.cn,sinaimg.cn,"Access"
sina.com.cn,sina.com.cn,"Access"
sina.com.cn,sina.com.cn,"Access"
sina.com.cn,sina.com.cn,"Access"
sina.com.cn,sina.com.cn,"Access"
sina.com.cn,sina.com.cn,"Access"
sina.com.cn,sina.com.cn,"Access"
sina.com.cn,sina.com.cn,"Access"
sina.com.cn,sina.com.cn,"Access"
sina.com.cn,sina.com.cn,"Access"
sina.com.cn,sina.com.cn,"Access"
sina.com.cn,sina.com.cn,"Access"
sina.com.cn,sina.com.cn,"Access"
sina.com.cn,sina.com.cn,"Access"
sina.com.cn,sina.com.cn,"Access"
sina.com.cn,sina.com.cn,"Access"
sina.com.cn,sina.com.cn,"Access"
sina.com.cn,sina.com.cn,"Access"
sina.com.cn,sina.com.cn,"Access"
sina.com.cn,sina.com.cn,"Access"
sina.com.cn,sina.com.cn,"Access"
sina.com.cn,sina.com.cn,"Access"
sina.com.cn,sina.com.cn,"Access"
sina.com.cn,sina.com.cn,"Access"
sina.com.cn,sina.com.cn,"Access"
sina.com.cn,sinaimg.cn,"Access"
sina.com.cn,sina.com.cn,"Access"
sina.com.cn,sina.com.cn,"Access"
sina.com.cn,sina.com.cn,"Access"
sina.com.cn,sina.com.cn,"Access"
sina.com.cn,sina.com.cn,"Access"
sina.com.cn,sina.com.cn,"Access"
sina.com.cn,sina.com.cn,"Access"
sina.com.cn,sina.com.cn,"Access"
sina.com.cn,sina.com.cn,"Access"
sina.com.cn,sina.com.cn,"Access"
sina.com.cn,sina.com.cn,"Access"
sina.com.cn,sina.com.cn,"Access"
sina.com.cn,sina.com.cn,"Access"
sina.com.cn,sina.com.cn,"Access"
sina.com.cn,sina.com.cn,"Access"
sina.com.cn,sina.com.cn,"Access"
sina.com.cn,sina.com.cn,"Access"
sina.com.cn,sinaimg.cn,"Access"
sina.com.cn,sina.com.cn,"Access"
sina.com.cn,sina.com.cn,"Access"
sina.com.cn,mediav.com,"Access"
sina.com.cn,sina.com.cn,"Access"
sina.com.cn,tanx.com,"Access"
sina.com.cn,sina.com.cn,"Access"
sina.com.cn,alicdn.com,"Access"
sina.com.cn,baifendian.com,"Access"
baifendian.com,sina.com.cn,"Access"
sina.com.cn,weibo.com,"Access"
sina.com.cn,weibo.com,"Access"
sina.com.cn,sinaimg.cn,"Access"
sina.com.cn,sina.com.cn,"Access"
sina.com.cn,sina.com.cn,"Access"
sina.com.cn,gtags.net,"Access"
gtags.net,sina.com.cn,"Access"
sina.com.cn,sina.com.cn,"Access"
sina.com.cn,sina.com.cn,"Access"
sina.com.cn,miaozhen.com,"Access"
miaozhen.com,sina.com.cn,"Access"
sina.com.cn,tanx.com,"Access"
sina.com.cn,tanx.com,"Access"
sina.com.cn,tanx.com,"Access"
sina.com.cn,sina.com.cn,"Access"
sina.com.cn,sina.com.cn,"Access"
sina.com.cn,sina.com.cn,"Access"
sina.com.cn,sinajs.cn,"Access"
sina.com.cn,alicdn.com,"Access"
sina.com.cn,tanx.com,"Access"
sina.com.cn,leju.com,"Access"
sina.com.cn,weibo.com,"Access"
sina.com.cn,tanx.com,"Access"
doubleclick.net,tanx.com,"Access"
sina.com.cn,tanx.com,"Access"
sina.com.cn,alicdn.com,"Access"
sina.com.cn,alicdn.com,"Access"
sina.com.cn,alicdn.com,"Access"
sina.com.cn,alicdn.com,"Access"
sina.com.cn,alicdn.com,"Access"
sina.com.cn,weibo.com,"Access"
sina.com.cn,sina.com.cn,"Access"
sina.com.cn,alicdn.com,"Access"
sina.com.cn,qq.com,"Access"
qq.com,tanx.com,"Access"
sina.com.cn,alicdn.com,"Access"
sina.com.cn,sina.com.cn,"Access"
sina.com.cn,alicdn.com,"Access"
sina.com.cn,tanx.com,"Access"
sina.com.cn,tanx.com,"Access"
sina.com.cn,sina.com.cn,"Access"
sina.com.cn,sina.com.cn,"Access"
sina.com.cn,sina.com.cn,"Access"
sina.com.cn,sina.com.cn,"Access"
sina.com.cn,tanx.com,"Access"
sina.com.cn,tanx.com,"Access"
sina.com.cn,taobao.com,"Access"
sina.com.cn,uuzuonline.com,"Access"
sina.com.cn,alicdn.com,"Access"
sina.com.cn,tanx.com,"Access"
sina.com.cn,alibaba.com,"Access"
sina.com.cn,sina.com.cn,"Access"
sina.com.cn,sina.com.cn,"Access"
sina.com.cn,tanx.com,"Access"
sina.com.cn,sina.com.cn,"Access"
sina.com.cn,sina.com.cn,"Access"
sina.com.cn,tanx.com,"Access"
tanx.com,tanx.com,"Access"
sina.com.cn,sinajs.cn,"Access"
sina.com.cn,taobaocdn.com,"Access"
sina.com.cn,sinajs.cn,"Access"
sina.com.cn,tanx.com,"Access"
sina.com.cn,tanx.com,"Access"
sina.com.cn,taobao.com,"Access"
sina.com.cn,taobao.com,"Access"
sina.com.cn,sina.com.cn,"Access"
sina.com.cn,tanx.com,"Access"
sina.com.cn,alicdn.com,"Access"
sina.com.cn,sina.com.cn,"Access"
sina.com.cn,taobaocdn.com,"Access"
sina.com.cn,mediav.com,"Access"
sina.com.cn,mediav.com,"Access"
sina.com.cn,mediav.com,"Access"
sina.com.cn,tanx.com,"Access"
sina.com.cn,taobao.com,"Access"
sina.com.cn,jd.com,"Access"
sina.com.cn,sina.com.cn,"Access"
sina.com.cn,tanx.com,"Access"
tanx.com,tanx.com,"Access"
sina.com.cn,alicdn.com,"Access"
sina.com.cn,taobaocdn.com,"Access"
sina.com.cn,sinajs.cn,"Access"
sina.com.cn,mediav.com,"Access"
sina.com.cn,360buyimg.com,"Access"
sina.com.cn,360buyimg.com,"Access"
sina.com.cn,360buyimg.com,"Access"
sina.com.cn,sina.com.cn,"Access"
sina.com.cn,360buyimg.com,"Access"
sina.com.cn,360buyimg.com,"Access"
sina.com.cn,360buyimg.com,"Access"
sina.com.cn,360buyimg.com,"Access"
sina.com.cn,taobao.com,"Access"
sina.com.cn,360buyimg.com,"Access"
sina.com.cn,360buyimg.com,"Access"
sina.com.cn,360buyimg.com,"Access"
sina.com.cn,360buyimg.com,"Access"
sina.com.cn,360buyimg.com,"Access"
sina.com.cn,360buyimg.com,"Access"
sina.com.cn,360buyimg.com,"Access"
sina.com.cn,360buyimg.com,"Access"
sina.com.cn,360buyimg.com,"Access"
sina.com.cn,360buyimg.com,"Access"
sina.com.cn,360buyimg.com,"Access"
sina.com.cn,360buyimg.com,"Access"
sina.com.cn,360buyimg.com,"Access"
sina.com.cn,360buyimg.com,"Access"
sina.com.cn,360buyimg.com,"Access"
sina.com.cn,360buyimg.com,"Access"
sina.com.cn,360buyimg.com,"Access"
sina.com.cn,tanx.com,"Access"
sina.com.cn,tanx.com,"Access"
sina.com.cn,alicdn.com,"Access"
sina.com.cn,jd.com,"Access"
sina.com.cn,alicdn.com,"Access"
sina.com.cn,360buyimg.com,"Access"
sina.com.cn,youku.com,"Access"
youku.com,mediav.com,"Access"
sina.com.cn,alicdn.com,"Access"
sina.com.cn,jd.com,"Access"
sina.com.cn,jd.com,"Access"
sina.com.cn,3.cn,"Access"
sina.com.cn,taobaocdn.com,"Access"
sina.com.cn,jd.com,"Access"
sina.com.cn,jd.com,"Access"
sina.com.cn,jd.com,"Access"
sina.com.cn,jd.com,"Access"
sina.com.cn,sina.com.cn,"Access"
sina.com.cn,sinajs.cn,"Access"
sina.com.cn,jd.com,"Access"
sina.com.cn,jd.com,"Access"
sina.com.cn,taobao.com,"Access"
sina.com.cn,jd.com,"Access"
sina.com.cn,jd.com,"Access"
sina.com.cn,jd.com,"Access"
sina.com.cn,mediav.com,"Access"
sina.com.cn,jd.com,"Access"
sina.com.cn,sina.com.cn,"Access"
sina.com.cn,taobao.com,"Access"
sina.com.cn,alicdn.com,"Access"
sina.com.cn,alicdn.com,"Access"
sina.com.cn,alicdn.com,"Access"
sina.com.cn,alicdn.com,"Access"
sina.com.cn,jd.com,"Access"
sina.com.cn,taobaocdn.com,"Access"
sina.com.cn,weibo.com,"Access"
sina.com.cn,alipay.com,"Access"
sina.com.cn,sina.com.cn,"Access"
sina.com.cn,jd.com,"Access"
sina.com.cn,mediav.com,"Access"
sina.com.cn,sina.com.cn,"Access"
sina.com.cn,sinajs.cn,"Access"
sina.com.cn,taobaocdn.com,"Access"
sina.com.cn,jd.com,"Access"
sina.com.cn,alicdn.com,"Access"
sina.com.cn,jd.com,"Access"
sina.com.cn,jd.com,"Access"
sina.com.cn,jd.com,"Access"
sina.com.cn,alibaba.com,"Access"
sina.com.cn,alicdn.com,"Access"
sina.com.cn,alicdn.com,"Access"
sina.com.cn,jd.com,"Access"
sina.com.cn,alicdn.com,"Access"
sina.com.cn,sinajs.cn,"Access"
sina.com.cn,alicdn.com,"Access"
sina.com.cn,taobaocdn.com,"Access"
sina.com.cn,jd.com,"Access"
sina.com.cn,360buyimg.com,"Access"
sina.com.cn,alicdn.com,"Access"
sina.com.cn,taobaocdn.com,"Access"
sina.com.cn,alicdn.com,"Access"
sina.com.cn,alicdn.com,"Access"
sina.com.cn,sinajs.cn,"Access"
sina.com.cn,taobaocdn.com,"Access"
sina.com.cn,sinajs.cn,"Access"
sina.com.cn,sina.com.cn,"Access"
sina.com.cn,sina.com.cn,"Access"
sina.com.cn,sina.com.cn,"Access"
sina.com.cn,sinaimg.cn,"Access"
sina.com.cn,sinaimg.cn,"Access"
weibo.com,weibo.com,"Access"
weibo.com,weibo.com,"Access"
weibo.com,weibo.com,"Access"
weibo.com,sina.com,"Access"
weibo.com,sina.com,"Access"
weibo.com,sina.com,"Access"
weibo.com,sina.com,"Access"
weibo.com,sina.com,"Access"
weibo.com,sina.com,"Access"
weibo.com,sina.com,"Access"
weibo.com,sina.com,"Access"
weibo.com,sina.com,"Access"
weibo.com,sina.com,"Access"
weibo.com,sina.com,"Access"
weibo.com,sina.com.cn,"Access"
weibo.com,weibo.com,"Access"
weibo.com,weibo.com,"Access"
weibo.com,weibo.com,"Access"
weibo.com,weibo.com,"Access"
weibo.com,weibo.com,"Access"
weibo.com,weibo.com,"Access"
weibo.com,weibo.com,"Access"
weibo.com,weibo.com,"Access"
weibo.com,weibo.com,"Access"
weibo.com,weibo.com,"Access"
weibo.com,weibo.com,"Access"
weibo.com,weibo.com,"Access"
weibo.com,weibo.com,"Access"
weibo.com,sina.com,"Access"
weibo.com,sina.com,"Access"
weibo.com,sina.com,"Access"
weibo.com,sina.com,"Access"
weibo.com,sina.com,"Access"
weibo.com,googletagservices.com,"Access"
weibo.com,sina.com,"Access"
weibo.com,sina.com,"Access"
weibo.com,sina.com,"Access"
weibo.com,sina.com,"Access"
weibo.com,sina.com,"Access"
weibo.com,sina.com,"Access"
weibo.com,sina.com,"Access"
weibo.com,sina.com,"Access"
weibo.com,sina.com,"Access"
weibo.com,sina.com,"Access"
weibo.com,sina.com,"Access"
weibo.com,sina.com,"Access"
weibo.com,sina.com,"Access"
weibo.com,sina.com,"Access"
weibo.com,sina.com,"Access"
weibo.com,sina.com,"Access"
weibo.com,sina.com,"Access"
weibo.com,sinaimg.cn,"Access"
weibo.com,sinaimg.cn,"Access"
weibo.com,sinaimg.cn,"Access"
weibo.com,sinaimg.cn,"Access"
weibo.com,weibo.com,"Access"
weibo.com,googleadservices.com,"Access"
weibo.com,sina.com,"Access"
weibo.com,sina.com,"Access"
weibo.com,sinaimg.cn,"Access"
weibo.com,sinaimg.cn,"Access"
weibo.com,sinaimg.cn,"Access"
weibo.com,google.com,"Access"
weibo.com,sinaimg.cn,"Access"
weibo.com,sinaimg.cn,"Access"
weibo.com,sinaimg.cn,"Access"
weibo.com,sinaimg.cn,"Access"
weibo.com,sinaimg.cn,"Access"
weibo.com,sinaimg.cn,"Access"
weibo.com,google-analytics.com,"Access"
weibo.com,gstatic.com,"Access"
weibo.com,google-analytics.com,"Access"
weibo.com,weibo.com,"Access"
weibo.com,weibo.com,"Access"
weibo.com,weibo.com,"Access"
weibo.com,sina.com,"Access"
weibo.com,weibo.com,"Access"
weibo.com,weibo.com,"Access"
weibo.com,weibo.com,"Access"
weibo.com,weibo.com,"Access"
yahoo.co.jp,yahoo.co.jp,"Access"
yahoo.co.jp,yahoo.co.jp,"Access"
yahoo.co.jp,yimg.jp,"Access"
yahoo.co.jp,yimg.jp,"Access"
yahoo.co.jp,yimg.jp,"Access"
yahoo.co.jp,yahoo.co.jp,"Access"
yahoo.co.jp,yimg.jp,"Access"
yahoo.co.jp,yimg.jp,"Access"
yahoo.co.jp,yimg.jp,"Access"
yahoo.co.jp,yimg.jp,"Access"
yahoo.co.jp,yimg.jp,"Access"
yahoo.co.jp,yimg.jp,"Access"
yahoo.co.jp,yimg.jp,"Access"
yahoo.co.jp,yimg.jp,"Access"
yahoo.co.jp,yimg.jp,"Access"
yahoo.co.jp,yimg.jp,"Access"
yahoo.co.jp,yimg.jp,"Access"
yahoo.co.jp,yimg.jp,"Access"
yahoo.co.jp,yimg.jp,"Access"
yahoo.co.jp,yimg.jp,"Access"
yahoo.co.jp,yimg.jp,"Access"
yahoo.co.jp,yimg.jp,"Access"
yahoo.co.jp,yimg.jp,"Access"
yahoo.co.jp,yimg.jp,"Access"
yahoo.co.jp,yimg.jp,"Access"
yahoo.co.jp,yimg.jp,"Access"
yahoo.co.jp,yimg.jp,"Access"
yahoo.co.jp,yimg.jp,"Access"
yahoo.co.jp,yimg.jp,"Access"
yahoo.co.jp,yimg.jp,"Access"
yahoo.co.jp,yimg.jp,"Access"
yahoo.co.jp,yimg.jp,"Access"
yahoo.co.jp,yimg.jp,"Access"
yahoo.co.jp,yimg.jp,"Access"
yahoo.co.jp,yimg.jp,"Access"
yahoo.co.jp,yimg.jp,"Access"
yahoo.co.jp,yimg.jp,"Access"
yahoo.co.jp,yimg.jp,"Access"
yahoo.co.jp,yimg.jp,"Access"
yahoo.co.jp,yimg.jp,"Access"
yahoo.co.jp,yimg.jp,"Access"
yahoo.co.jp,yimg.jp,"Access"
yahoo.co.jp,yimg.jp,"Access"
yahoo.co.jp,yimg.jp,"Access"
yahoo.co.jp,yimg.jp,"Access"
yahoo.co.jp,yahoo.co.jp,"Access"
yahoo.co.jp,yimg.jp,"Access"
yahoo.co.jp,yahoo.co.jp,"Access"
yahoo.co.jp,yimg.jp,"Access"
yahoo.co.jp,yimg.jp,"Access"
yahoo.co.jp,yjtag.jp,"Access"
yahoo.co.jp,yimg.jp,"Access"
yahoo.co.jp,yahoo.co.jp,"Access"
yahoo.co.jp,thebrighttag.com,"Access"
yahoo.co.jp,criteo.com,"Access"
yahoo.co.jp,yahoo.co.jp,"Access"
yahoo.co.jp,criteo.com,"Access"
yahoo.co.jp,yahoo.co.jp,"Access"
yahoo.co.jp,yimg.jp,"Access"
yahoo.co.jp,yahoo.co.jp,"Access"
yahoo.co.jp,yimg.jp,"Access"
yahoo.co.jp,yahoo.co.jp,"Access"
yahoo.com,yahoo.co.jp,"Access"
yahoo.co.jp,yahoo.co.jp,"Access"
yahoo.co.jp,thebrighttag.com,"Access"
yahoo.co.jp,yahoo.co.jp,"Access"
bing.com,bing.com,"Access"
bing.com,bing.com,"Access"
bing.com,bing.com,"Access"
bing.com,bing.com,"Access"
bing.com,bing.com,"Access"
bing.com,bing.com,"Access"
bing.com,bing.com,"Access"
bing.com,bing.com,"Access"
bing.com,bing.com,"Access"
bing.com,bing.com,"Access"
bing.com,bing.com,"Access"
bing.com,bing.com,"Access"
bing.com,bing.com,"Access"
bing.com,bing.com,"Access"
bing.com,bing.com,"Access"
bing.com,bing.com,"Access"
bing.com,bing.com,"Access"
bing.com,bing.com,"Access"
bing.com,bing.com,"Access"
bing.com,bing.com,"Access"
bing.com,bing.com,"Access"
bing.com,bing.com,"Access"
bing.com,bing.com,"Access"
bing.com,bing.com,"Access"
bing.com,bing.com,"Access"
bing.com,bing.com,"Access"
bing.com,bing.com,"Access"
bing.com,bing.com,"Access"
bing.com,bing.com,"Access"
bing.com,bing.com,"Access"
bing.com,bing.com,"Access"
bing.com,bing.com,"Access"
bing.com,bing.com,"Access"
bing.com,bing.com,"Access"
bing.com,bing.com,"Access"
bing.com,bing.com,"Access"
bing.com,bing.com,"Access"
bing.com,bing.com,"Access"
bing.com,bing.com,"Access"
bing.com,bing.com,"Access"
bing.com,bing.com,"Access"
bing.com,bing.com,"Access"
bing.com,bing.com,"Access"
bing.com,bing.com,"Access"
bing.com,bing.com,"Access"
bing.com,bing.com,"Access"
bing.com,bing.com,"Access"
bing.com,bing.com,"Access"
bing.com,bing.com,"Access"
bing.com,bing.com,"Access"
bing.com,bing.com,"Access"
bing.com,live.com,"Access"
live.com,bing.com,"Access"
bing.com,bing.com,"Access"
bing.com,bing.com,"Access"
bing.com,bing.com,"Access"
bing.com,bing.com,"Access"
bing.com,bing.com,"Access"
google.co.jp,google.co.jp,"Access"
google.co.jp,google.co.jp,"Access"
google.co.jp,google.co.jp,"Access"
google.co.jp,google.co.jp,"Access"
google.co.jp,google.co.jp,"Access"
google.co.jp,google.co.jp,"Access"
google.co.jp,gstatic.com,"Access"
google.co.jp,google.co.jp,"Access"
google.co.jp,google.co.jp,"Access"
google.co.jp,google.co.jp,"Access"
google.co.jp,gstatic.com,"Access"
msn.com,akamaized.net,"Access"
msn.com,akamaized.net,"Access"
msn.com,akamaized.net,"Access"
msn.com,akamaized.net,"Access"
msn.com,akamaized.net,"Access"
msn.com,akamaized.net,"Access"
msn.com,akamaized.net,"Access"
msn.com,akamaized.net,"Access"
msn.com,akamaized.net,"Access"
msn.com,akamaized.net,"Access"
msn.com,akamaized.net,"Access"
msn.com,akamaized.net,"Access"
msn.com,akamaized.net,"Access"
msn.com,akamaized.net,"Access"
msn.com,akamaized.net,"Access"
msn.com,akamaized.net,"Access"
msn.com,akamaized.net,"Access"
msn.com,akamaized.net,"Access"
msn.com,akamaized.net,"Access"
msn.com,akamaized.net,"Access"
msn.com,akamaized.net,"Access"
msn.com,akamaized.net,"Access"
msn.com,s-msn.com,"Access"
msn.com,akamaized.net,"Access"
msn.com,akamaized.net,"Access"
msn.com,bing.com,"Access"
msn.com,scorecardresearch.com,"Access"
msn.com,criteo.com,"Access"
msn.com,chartbeat.com,"Access"
msn.com,akamaized.net,"Access"
msn.com,akamaized.net,"Access"
msn.com,akamaized.net,"Access"
msn.com,akamaized.net,"Access"
msn.com,akamaized.net,"Access"
msn.com,akamaized.net,"Access"
msn.com,akamaized.net,"Access"
msn.com,akamaized.net,"Access"
msn.com,akamaized.net,"Access"
msn.com,akamaized.net,"Access"
msn.com,akamaized.net,"Access"
msn.com,akamaized.net,"Access"
msn.com,akamaized.net,"Access"
msn.com,akamaized.net,"Access"
msn.com,akamaized.net,"Access"
msn.com,akamaized.net,"Access"
msn.com,akamaized.net,"Access"
msn.com,bing.com,"Access"
msn.com,live.com,"Access"
msn.com,grvcdn.com,"Access"
msn.com,chartbeat.net,"Access"
msn.com,scorecardresearch.com,"Access"
msn.com,gravity.com,"Access"
msn.com,gravity.com,"Access"
msn.com,advertising.com,"Access"
advertising.com,gravity.com,"Access"
msn.com,scorecardresearch.com,"Access"
msn.com,akamaized.net,"Access"
msn.com,s-msn.com,"Access"
msn.com,akamaized.net,"Access"
msn.com,akamaized.net,"Access"
msn.com,akamaized.net,"Access"
msn.com,akamaized.net,"Access"
msn.com,akamaized.net,"Access"
msn.com,akamaized.net,"Access"
msn.com,akamaized.net,"Access"
msn.com,akamaized.net,"Access"
vk.com,vk.com,"Access"
vk.com,vk.com,"Access"
vk.com,vk.com,"Access"
vk.com,vk.com,"Access"
vk.com,vk.com,"Access"
vk.com,vk.com,"Access"
vk.com,vk.com,"Access"
vk.com,vk.com,"Access"
vk.com,vk.com,"Access"
vk.com,vk.com,"Access"
vk.com,vk.com,"Access"
vk.com,vk.com,"Access"
vk.com,vk.com,"Access"
vk.com,vk.com,"Access"
vk.com,vk.com,"Access"
vk.com,vk.com,"Access"
vk.com,scorecardresearch.com,"Access"
vk.com,vk.com,"Access"
vk.com,vk.com,"Access"
vk.com,vk.com,"Access"
vk.com,tns-counter.ru,"Access"
tns-counter.ru,tns-counter.ru,"Access"
vk.com,yadro.ru,"Access"
vk.com,mail.ru,"Access"
vk.com,vk.com,"Access"
vk.com,vk.com,"Access"
vk.com,mail.ru,"Access"
vk.com,vk.com,"Access"
vk.com,vk.com,"Access"
vk.com,mail.ru,"Access"
yandex.ru,yandex.ru,"Access"
yandex.ru,yandex.ru,"Access"
yandex.ru,yandex.ru,"Access"
yandex.ru,yandex.ru,"Access"
yandex.ru,yastatic.net,"Access"
yandex.ru,yastatic.net,"Access"
yandex.ru,yastatic.net,"Access"
yandex.ru,yastatic.net,"Access"
yandex.ru,yastatic.net,"Access"
yandex.ru,yastatic.net,"Access"
yandex.ru,yastatic.net,"Access"
yandex.ru,yastatic.net,"Access"
yandex.ru,yastatic.net,"Access"
yandex.ru,yandex.ru,"Access"
yandex.ru,yandex.ru,"Access"
yandex.ru,yastatic.net,"Access"
yandex.ru,yastatic.net,"Access"
yandex.ru,yastatic.net,"Access"
yandex.ru,yandex.ru,"Access"
yandex.ru,yastatic.net,"Access"
yandex.ru,yandex.ru,"Access"
yandex.ru,yandex.ru,"Access"
yandex.ru,yandex.ru,"Access"
yandex.ru,yastatic.net,"Access"
yandex.ru,yandex.ru,"Access"
yandex.ru,yandex.ru,"Access"
yandex.ru,yastatic.net,"Access"
yandex.ru,yastatic.net,"Access"
yandex.ru,tns-counter.ru,"Access"
yandex.ru,yandex.net,"Access"
yandex.ru,yandex.ru,"Access"
yandex.ru,yandex.ru,"Access"
yandex.ru,yandex.ru,"Access"
yandex.ru,yandex.ru,"Access"
yandex.ru,yandex.ru,"Access"
yandex.ru,yandex.ru,"Access"
yandex.ru,yandex.ru,"Access"
yandex.ru,yastatic.net,"Access"
yandex.ru,yastatic.net,"Access"
yandex.ru,yastatic.net,"Access"
yandex.ru,googleadservices.com,"Access"
doubleclick.net,google.com,"Access"
doubleclick.net,google.com,"Access"
linkedin.com,linkedin.com,"Access"
linkedin.com,linkedin.com,"Access"
linkedin.com,linkedin.com,"Access"
linkedin.com,licdn.com,"Access"
linkedin.com,licdn.com,"Access"
linkedin.com,licdn.com,"Access"
linkedin.com,licdn.com,"Access"
linkedin.com,licdn.com,"Access"
linkedin.com,licdn.com,"Access"
linkedin.com,licdn.com,"Access"
linkedin.com,licdn.com,"Access"
linkedin.com,licdn.com,"Access"
linkedin.com,licdn.com,"Access"
linkedin.com,linkedin.com,"Access"
linkedin.com,linkedin.com,"Access"
linkedin.com,scorecardresearch.com,"Access"
linkedin.com,linkedin.com,"Access"
linkedin.com,google-analytics.com,"Access"
doubleclick.net,google.com,"Access"
linkedin.com,licdn.com,"Access"
linkedin.com,licdn.com,"Access"
linkedin.com,linkedin.com,"Access"
linkedin.com,linkedin.com,"Access"
ebay.com,ebayimg.com,"Access"
ebay.com,ebayimg.com,"Access"
ebay.com,ebayimg.com,"Access"
ebay.com,ebayrtm.com,"Access"
ebay.com,ebayimg.com,"Access"
ebay.com,ebayimg.com,"Access"
ebay.com,ebayimg.com,"Access"
ebay.com,ebayimg.com,"Access"
ebay.com,ebayimg.com,"Access"
ebay.com,ebayimg.com,"Access"
ebay.com,ebayimg.com,"Access"
ebay.com,ebayimg.com,"Access"
ebay.com,ebayimg.com,"Access"
ebay.com,ebayimg.com,"Access"
ebay.com,ebayimg.com,"Access"
ebay.com,ebayimg.com,"Access"
ebay.com,ebayimg.com,"Access"
ebay.com,ebayimg.com,"Access"
ebay.com,ebayrtm.com,"Access"
ebayrtm.com,ebayrtm.com,"Access"
ebay.com,ebayimg.com,"Access"
ebay.com,ebayimg.com,"Access"
ebay.com,ebayimg.com,"Access"
ebay.com,ebayimg.com,"Access"
ebay.com,ebayimg.com,"Access"
ebay.com,ebayimg.com,"Access"
ebay.com,ebayimg.com,"Access"
ebay.com,ebayimg.com,"Access"
ebay.com,ebayimg.com,"Access"
ebay.com,ebayimg.com,"Access"
ebay.com,ebayimg.com,"Access"
ebay.com,ebayimg.com,"Access"
ebay.com,ebayimg.com,"Access"
ebay.com,ebayimg.com,"Access"
ebay.com,ebayimg.com,"Access"
ebay.com,ebayimg.com,"Access"
ebay.com,ebayimg.com,"Access"
ebay.com,ebayimg.com,"Access"
ebay.com,ebayimg.com,"Access"
ebay.com,ebayimg.com,"Access"
ebay.com,ebayimg.com,"Access"
ebay.com,ebayimg.com,"Access"
ebay.com,ebayimg.com,"Access"
ebay.com,ebayimg.com,"Access"
ebay.com,ebayimg.com,"Access"
ebay.com,ebayimg.com,"Access"
ebay.com,ebayimg.com,"Access"
ebay.com,ebayimg.com,"Access"
ebay.com,ebayimg.com,"Access"
ebay.com,ebayimg.com,"Access"
ebay.com,ebayimg.com,"Access"
ebay.com,ebayimg.com,"Access"
ebay.com,ebayimg.com,"Access"
ebay.com,ebayimg.com,"Access"
ebay.com,ebayimg.com,"Access"
ebay.com,ebayimg.com,"Access"
ebay.com,ebayimg.com,"Access"
ebay.com,ebayimg.com,"Access"
ebay.com,ebayimg.com,"Access"
ebay.com,ebayimg.com,"Access"
ebay.com,ebayimg.com,"Access"
ebay.com,ebayimg.com,"Access"
ebay.com,ebayimg.com,"Access"
ebay.com,ebayimg.com,"Access"
ebay.com,ebayimg.com,"Access"
ebay.com,ebayimg.com,"Access"
ebay.com,ebayimg.com,"Access"
ebay.com,ebayimg.com,"Access"
ebay.com,ebayimg.com,"Access"
ebay.com,ebayimg.com,"Access"
ebay.com,ebayimg.com,"Access"
ebay.com,ebayimg.com,"Access"
ebay.com,ebayimg.com,"Access"
ebay.com,ebayimg.com,"Access"
ebay.com,ebayimg.com,"Access"
ebay.com,ebayimg.com,"Access"
ebay.com,ebayimg.com,"Access"
ebay.com,ebayimg.com,"Access"
ebay.com,ebayimg.com,"Access"
ebay.com,ebayimg.com,"Access"
ebay.com,ebayimg.com,"Access"
ebay.com,ebayimg.com,"Access"
ebay.com,ebayimg.com,"Access"
ebay.com,ebayimg.com,"Access"
ebay.com,ebayimg.com,"Access"
ebay.com,ebayimg.com,"Access"
ebay.com,ebayimg.com,"Access"
ebay.com,ebayimg.com,"Access"
ebay.com,ebayimg.com,"Access"
ebay.com,ebayimg.com,"Access"
ebay.com,ebayimg.com,"Access"
ebay.com,ebayimg.com,"Access"
ebay.com,ebayimg.com,"Access"
ebay.com,ebayimg.com,"Access"
ebay.com,ebayimg.com,"Access"
ebay.com,ebayimg.com,"Access"
ebay.com,ebayimg.com,"Access"
ebay.com,ebayimg.com,"Access"
ebay.com,ebayimg.com,"Access"
ebay.com,ebayimg.com,"Access"
ebay.com,ebayimg.com,"Access"
ebay.com,ebayimg.com,"Access"
ebay.com,ebayimg.com,"Access"
ebay.com,ebayimg.com,"Access"
ebay.com,ebayimg.com,"Access"
ebay.com,ebayimg.com,"Access"
ebay.com,ebayimg.com,"Access"
ebay.com,ebayimg.com,"Access"
ebay.com,ebayimg.com,"Access"
ebay.com,ebayimg.com,"Access"
ebay.com,ebayimg.com,"Access"
ebay.com,ebayimg.com,"Access"
ebay.com,ebayimg.com,"Access"
ebay.com,ebayimg.com,"Access"
ebay.com,ebayimg.com,"Access"
ebay.com,ebayimg.com,"Access"
ebay.com,ebayimg.com,"Access"
ebay.com,ebayimg.com,"Access"
ebay.com,ebayimg.com,"Access"
ebay.com,ebayimg.com,"Access"
ebay.com,ebayimg.com,"Access"
ebay.com,ebayimg.com,"Access"
ebay.com,ebayimg.com,"Access"
ebay.com,ebayimg.com,"Access"
ebay.com,ebayimg.com,"Access"
ebay.com,ebayimg.com,"Access"
ebay.com,ebayimg.com,"Access"
ebay.com,ebayimg.com,"Access"
ebay.com,ebayimg.com,"Access"
ebay.com,ebayimg.com,"Access"
ebay.com,ebayimg.com,"Access"
ebay.com,ebayimg.com,"Access"
ebay.com,ebayimg.com,"Access"
ebay.com,ebayimg.com,"Access"
ebay.com,ebayimg.com,"Access"
ebay.com,mathtag.com,"Access"
mathtag.com,mathtag.com,"Access"
mathtag.com,abmr.net,"Access"
abmr.net,mathtag.com,"Access"
hao123.com,hao123.com,"Access"
hao123.com,hao123.com,"Access"
hao123.com,hao123.com,"Access"
hao123.com,bdstatic.com,"Access"
hao123.com,bdstatic.com,"Access"
hao123.com,bdstatic.com,"Access"
hao123.com,bdstatic.com,"Access"
hao123.com,bdstatic.com,"Access"
hao123.com,bdstatic.com,"Access"
hao123.com,bdstatic.com,"Access"
hao123.com,bdstatic.com,"Access"
hao123.com,bdstatic.com,"Access"
hao123.com,bdstatic.com,"Access"
hao123.com,bdstatic.com,"Access"
hao123.com,bdstatic.com,"Access"
hao123.com,bdstatic.com,"Access"
hao123.com,bdstatic.com,"Access"
hao123.com,bdstatic.com,"Access"
hao123.com,bdstatic.com,"Access"
hao123.com,bdstatic.com,"Access"
hao123.com,hao123.com,"Access"
hao123.com,bdstatic.com,"Access"
hao123.com,bdstatic.com,"Access"
hao123.com,bdstatic.com,"Access"
hao123.com,bdstatic.com,"Access"
hao123.com,bdstatic.com,"Access"
hao123.com,bdstatic.com,"Access"
hao123.com,bdstatic.com,"Access"
hao123.com,bdstatic.com,"Access"
hao123.com,bdstatic.com,"Access"
hao123.com,bdstatic.com,"Access"
hao123.com,bdstatic.com,"Access"
hao123.com,bdstatic.com,"Access"
hao123.com,bdstatic.com,"Access"
hao123.com,bdstatic.com,"Access"
hao123.com,bdstatic.com,"Access"
hao123.com,bdstatic.com,"Access"
hao123.com,bdstatic.com,"Access"
hao123.com,bdstatic.com,"Access"
hao123.com,bdstatic.com,"Access"
hao123.com,hao123.com,"Access"
hao123.com,bdstatic.com,"Access"
hao123.com,bdstatic.com,"Access"
hao123.com,bdstatic.com,"Access"
hao123.com,bdstatic.com,"Access"
hao123.com,bdstatic.com,"Access"
hao123.com,hao123.com,"Access"
hao123.com,bdstatic.com,"Access"
hao123.com,bdstatic.com,"Access"
hao123.com,bdstatic.com,"Access"
hao123.com,bdstatic.com,"Access"
hao123.com,bdstatic.com,"Access"
hao123.com,bdstatic.com,"Access"
hao123.com,bdstatic.com,"Access"
hao123.com,hao123.com,"Access"
hao123.com,bdstatic.com,"Access"
hao123.com,bdstatic.com,"Access"
hao123.com,bdstatic.com,"Access"
hao123.com,bdstatic.com,"Access"
hao123.com,bdstatic.com,"Access"
hao123.com,bdstatic.com,"Access"
hao123.com,bdstatic.com,"Access"
hao123.com,hao123.com,"Access"
hao123.com,hao123.com,"Access"
hao123.com,bdstatic.com,"Access"
hao123.com,bdstatic.com,"Access"
hao123.com,bdstatic.com,"Access"
hao123.com,bdstatic.com,"Access"
hao123.com,bdstatic.com,"Access"
hao123.com,hao123.com,"Access"
hao123.com,bdstatic.com,"Access"
hao123.com,hao123.com,"Access"
hao123.com,hao123.com,"Access"
hao123.com,bdstatic.com,"Access"
hao123.com,bdstatic.com,"Access"
hao123.com,hao123.com,"Access"
hao123.com,bdstatic.com,"Access"
hao123.com,hao123.com,"Access"
hao123.com,bdstatic.com,"Access"
hao123.com,hao123.com,"Access"
hao123.com,hao123.com,"Access"
hao123.com,hao123.com,"Access"
hao123.com,bdstatic.com,"Access"
hao123.com,bdstatic.com,"Access"
hao123.com,hao123.com,"Access"
hao123.com,hao123.com,"Access"
hao123.com,bdstatic.com,"Access"
hao123.com,hao123.com,"Access"
hao123.com,baidu.com,"Access"
hao123.com,bdstatic.com,"Access"
hao123.com,hao123.com,"Access"
hao123.com,baidu.com,"Access"
hao123.com,bdstatic.com,"Access"
hao123.com,bdstatic.com,"Access"
hao123.com,baidu.com,"Access"
hao123.com,bdstatic.com,"Access"
hao123.com,bdstatic.com,"Access"
hao123.com,bdstatic.com,"Access"
hao123.com,bdstatic.com,"Access"
hao123.com,baidu.com,"Access"
hao123.com,bdstatic.com,"Access"
hao123.com,bdstatic.com,"Access"
hao123.com,hao123.com,"Access"
hao123.com,bdstatic.com,"Access"
hao123.com,bdstatic.com,"Access"
hao123.com,bdstatic.com,"Access"
hao123.com,bdstatic.com,"Access"
hao123.com,hao123.com,"Access"
hao123.com,bdstatic.com,"Access"
hao123.com,bdstatic.com,"Access"
hao123.com,bdstatic.com,"Access"
hao123.com,bdstatic.com,"Access"
hao123.com,baidu.com,"Access"
hao123.com,baidu.com,"Access"
hao123.com,bdstatic.com,"Access"
hao123.com,bdstatic.com,"Access"
hao123.com,hao123.com,"Access"
hao123.com,bdstatic.com,"Access"
hao123.com,hao123.com,"Access"
hao123.com,bdstatic.com,"Access"
hao123.com,bdstatic.com,"Access"
hao123.com,bdstatic.com,"Access"
hao123.com,bdstatic.com,"Access"
hao123.com,bdstatic.com,"Access"
hao123.com,bdstatic.com,"Access"
hao123.com,bdstatic.com,"Access"
hao123.com,bdstatic.com,"Access"
hao123.com,bdstatic.com,"Access"
hao123.com,bdstatic.com,"Access"
hao123.com,bdstatic.com,"Access"
hao123.com,bdstatic.com,"Access"
hao123.com,tanx.com,"Access"
hao123.com,alicdn.com,"Access"
hao123.com,alicdn.com,"Access"
amazon.co.jp,amazon.co.jp,"Access"
amazon.co.jp,amazon.co.jp,"Access"
amazon.co.jp,mozilla.com,"Access"
amazon.co.jp,amazon.co.jp,"Access"
amazon.co.jp,amazon.co.jp,"Access"
amazon.co.jp,amazon.co.jp,"Access"
amazon.co.jp,amazon.co.jp,"Access"
amazon.co.jp,amazon.co.jp,"Access"
amazon.co.jp,amazon.co.jp,"Access"
amazon.co.jp,amazon.co.jp,"Access"
amazon.co.jp,amazon.co.jp,"Access"
amazon.co.jp,amazon.co.jp,"Access"
amazon.co.jp,amazon.co.jp,"Access"
amazon.co.jp,amazon.co.jp,"Access"
amazon.co.jp,amazon.co.jp,"Access"
amazon.co.jp,amazon.co.jp,"Access"
amazon.co.jp,amazon.co.jp,"Access"
amazon.co.jp,amazon.co.jp,"Access"
amazon.co.jp,amazon.co.jp,"Access"
amazon.co.jp,amazon.co.jp,"Access"
amazon.co.jp,amazon.co.jp,"Access"
amazon.co.jp,amazon.co.jp,"Access"
instagram.com,instagram.com,"Access"
instagram.com,instagram.com,"Access"
instagram.com,instagram.com,"Access"
instagram.com,instagram.com,"Access"
instagram.com,instagram.com,"Access"
google.de,google.de,"Access"
google.de,google.de,"Access"
google.de,google.de,"Access"
google.de,google.de,"Access"
google.de,google.de,"Access"
google.de,google.de,"Access"
google.de,google.de,"Access"
google.de,google.de,"Access"
google.de,gstatic.com,"Access"
google.de,gstatic.com,"Access"
google.de,google.de,"Access"
google.de,google.com,"Access"
google.de,google.de,"Access"
google.de,google.com,"Access"
google.de,google.de,"Access"
tmall.com,tmall.com,"Access"
tmall.com,tmall.com,"Access"
tmall.com,tmall.com,"Access"
tmall.com,alicdn.com,"Access"
tmall.com,alicdn.com,"Access"
tmall.com,alicdn.com,"Access"
tmall.com,alicdn.com,"Access"
tmall.com,alicdn.com,"Access"
tmall.com,alicdn.com,"Access"
tmall.com,alicdn.com,"Access"
tmall.com,alicdn.com,"Access"
tmall.com,alicdn.com,"Access"
tmall.com,alicdn.com,"Access"
tmall.com,alicdn.com,"Access"
tmall.com,tmall.com,"Access"
tmall.com,alicdn.com,"Access"
tmall.com,alicdn.com,"Access"
tmall.com,alicdn.com,"Access"
tmall.com,alicdn.com,"Access"
tmall.com,alicdn.com,"Access"
tmall.com,alicdn.com,"Access"
tmall.com,alicdn.com,"Access"
tmall.com,alicdn.com,"Access"
tmall.com,taobao.com,"Access"
tmall.com,alicdn.com,"Access"
tmall.com,alicdn.com,"Access"
tmall.com,alicdn.com,"Access"
tmall.com,tmall.com,"Access"
tmall.com,alicdn.com,"Access"
tmall.com,alicdn.com,"Access"
tmall.com,alicdn.com,"Access"
tmall.com,tmall.com,"Access"
tmall.com,alicdn.com,"Access"
tmall.com,alicdn.com,"Access"
tmall.com,alicdn.com,"Access"
tmall.com,alicdn.com,"Access"
tmall.com,tmall.com,"Access"
tmall.com,alicdn.com,"Access"
tmall.com,alicdn.com,"Access"
tmall.com,alicdn.com,"Access"
tmall.com,alicdn.com,"Access"
tmall.com,alicdn.com,"Access"
tmall.com,alicdn.com,"Access"
tmall.com,mmstat.com,"Access"
tmall.com,mmstat.com,"Access"
tmall.com,alicdn.com,"Access"
tmall.com,alicdn.com,"Access"
tmall.com,alicdn.com,"Access"
tmall.com,alicdn.com,"Access"
tmall.com,alicdn.com,"Access"
tmall.com,alicdn.com,"Access"
tmall.com,alicdn.com,"Access"
tmall.com,alicdn.com,"Access"
tmall.com,alicdn.com,"Access"
tmall.com,mmstat.com,"Access"
tmall.com,alicdn.com,"Access"
tmall.com,mmstat.com,"Access"
tmall.com,alicdn.com,"Access"
tmall.com,alicdn.com,"Access"
tmall.com,alicdn.com,"Access"
tmall.com,alicdn.com,"Access"
tmall.com,mmstat.com,"Access"
tmall.com,mmstat.com,"Access"
tmall.com,mmstat.com,"Access"
tmall.com,alicdn.com,"Access"
tmall.com,alicdn.com,"Access"
tmall.com,mmstat.com,"Access"
tmall.com,mmstat.com,"Access"
tmall.com,mmstat.com,"Access"
tmall.com,alicdn.com,"Access"
tmall.com,mmstat.com,"Access"
tmall.com,mmstat.com,"Access"
tmall.com,mmstat.com,"Access"
tmall.com,alicdn.com,"Access"
tmall.com,alicdn.com,"Access"
tmall.com,taobao.com,"Access"
tmall.com,mmstat.com:443,"Access"
tmall.com,tmall.com,"Access"
tmall.com,tmall.com,"Access"
mail.ru,mail.ru,"Access"
mail.ru,mail.ru,"Access"
mail.ru,mail.ru,"Access"
mail.ru,mail.ru,"Access"
mail.ru,mradx.net,"Access"
mail.ru,imgsmail.ru,"Access"
mail.ru,mail.ru,"Access"
mail.ru,mradx.net,"Access"
mail.ru,imgsmail.ru,"Access"
mail.ru,mail.ru,"Access"
mail.ru,imgsmail.ru,"Access"
mail.ru,mradx.net,"Access"
mail.ru,imgsmail.ru,"Access"
mail.ru,mradx.net,"Access"
mail.ru,mail.ru,"Access"
mail.ru,mail.ru,"Access"
mail.ru,mradx.net,"Access"
mail.ru,mradx.net,"Access"
mail.ru,mail.ru,"Access"
mail.ru,imgsmail.ru,"Access"
mail.ru,imgsmail.ru,"Access"
mail.ru,mail.ru,"Access"
mail.ru,mradx.net,"Access"
doubleclick.net,mail.ru,"Access"
mail.ru,imgsmail.ru,"Access"
mail.ru,imgsmail.ru,"Access"
mail.ru,mradx.net,"Access"
mail.ru,yadro.ru,"Access"
mail.ru,imgsmail.ru,"Access"
mail.ru,mail.ru,"Access"
mail.ru,mradx.net,"Access"
mail.ru,tns-counter.ru,"Access"
mail.ru,mail.ru,"Access"
mail.ru,mail.ru,"Access"
mail.ru,imgsmail.ru,"Access"
mail.ru,mail.ru,"Access"
mail.ru,mradx.net,"Access"
mail.ru,mail.ru,"Access"
mail.ru,mail.ru,"Access"
mail.ru,mail.ru,"Access"
mail.ru,mail.ru,"Access"
mail.ru,mradx.net,"Access"
mail.ru,mail.ru,"Access"
mail.ru,mail.ru,"Access"
mail.ru,mail.ru,"Access"
mail.ru,mradx.net,"Access"
mail.ru,mail.ru,"Access"
mail.ru,imgsmail.ru,"Access"
mail.ru,mradx.net,"Access"
mail.ru,mradx.net,"Access"
mail.ru,imgsmail.ru,"Access"
mail.ru,mail.ru,"Access"
mail.ru,mail.ru,"Access"
mail.ru,mail.ru,"Access"
mail.ru,mail.ru,"Access"
mail.ru,yandex.ru,"Access"
yandex.ru,mail.ru,"Access"
mail.ru,mradx.net,"Access"
mail.ru,mradx.net,"Access"
mail.ru,mail.ru,"Access"
mail.ru,mail.ru,"Access"
mail.ru,mradx.net,"Access"
mail.ru,mradx.net,"Access"
mail.ru,mail.ru,"Access"
mail.ru,mradx.net,"Access"
mail.ru,mail.ru,"Access"
mail.ru,mradx.net,"Access"
mail.ru,mradx.net,"Access"
mail.ru,mail.ru,"Access"
mail.ru,imgsmail.ru,"Access"
mail.ru,mail.ru,"Access"
mail.ru,mail.ru,"Access"
mail.ru,mail.ru,"Access"
mail.ru,mail.ru,"Access"
mail.ru,mradx.net,"Access"
mail.ru,mradx.net,"Access"
mail.ru,mradx.net,"Access"
mail.ru,mradx.net,"Access"
mail.ru,mradx.net,"Access"
mail.ru,mail.ru,"Access"
mail.ru,mradx.net,"Access"
mail.ru,mail.ru,"Access"
mail.ru,ok.ru,"Access"
mail.ru,mail.ru,"Access"
mail.ru,imgsmail.ru,"Access"
mail.ru,mail.ru,"Access"
mail.ru,mail.ru,"Access"
mail.ru,gstatic.com,"Access"
mail.ru,google.com,"Access"
mail.ru,simpli.fi,"Access"
mail.ru,imgsmail.ru,"Access"
mail.ru,mail.ru,"Access"
mail.ru,imgsmail.ru,"Access"
mail.ru,imgsmail.ru,"Access"
mail.ru,imgsmail.ru,"Access"
mail.ru,mail.ru,"Access"
google.co.uk,google.co.uk,"Access"
google.co.uk,google.co.uk,"Access"
google.co.uk,google.co.uk,"Access"
google.co.uk,google.co.uk,"Access"
google.co.uk,google.co.uk,"Access"
google.co.uk,google.co.uk,"Access"
google.co.uk,gstatic.com,"Access"
google.co.uk,google.co.uk,"Access"
google.co.uk,gstatic.com,"Access"
google.co.uk,google.co.uk,"Access"
google.co.uk,google.com,"Access"
google.co.uk,google.com,"Access"
google.co.uk,google.co.uk,"Access"
google.co.uk,google.co.uk,"Access"
google.co.uk,google.co.uk,"Access"
reddit.com,redditstatic.com,"Access"
reddit.com,redditstatic.com,"Access"
reddit.com,redditstatic.com,"Access"
reddit.com,redditstatic.com,"Access"
reddit.com,redditstatic.com,"Access"
reddit.com,redditstatic.com,"Access"
reddit.com,redditstatic.com,"Access"
reddit.com,redditmedia.com,"Access"
reddit.com,redditmedia.com,"Access"
reddit.com,redditmedia.com,"Access"
reddit.com,redditmedia.com,"Access"
reddit.com,redditmedia.com,"Access"
reddit.com,redditmedia.com,"Access"
reddit.com,redditmedia.com,"Access"
reddit.com,redditmedia.com,"Access"
reddit.com,redditmedia.com,"Access"
reddit.com,redditmedia.com,"Access"
reddit.com,redditmedia.com,"Access"
reddit.com,redditmedia.com,"Access"
reddit.com,redditmedia.com,"Access"
reddit.com,redditmedia.com,"Access"
reddit.com,redditmedia.com,"Access"
reddit.com,redditmedia.com,"Access"
reddit.com,redditmedia.com,"Access"
reddit.com,redditmedia.com,"Access"
reddit.com,redditmedia.com,"Access"
reddit.com,redditmedia.com,"Access"
reddit.com,redditmedia.com,"Access"
reddit.com,redditmedia.com,"Access"
reddit.com,redditmedia.com,"Access"
reddit.com,redditmedia.com,"Access"
reddit.com,redditstatic.com,"Access"
reddit.com,redditstatic.com,"Access"
reddit.com,google-analytics.com,"Access"
reddit.com,google-analytics.com,"Access"
reddit.com,redditmedia.com,"Access"
reddit.com,redditmedia.com,"Access"
reddit.com,redditstatic.com,"Access"
reddit.com,google-analytics.com,"Access"
reddit.com,redditstatic.com,"Access"
reddit.com,redditstatic.com,"Access"
reddit.com,redditmedia.com,"Access"
reddit.com,zkcdn.net,"Access"
reddit.com,google-analytics.com,"Access"
reddit.com,redditstatic.com,"Access"
reddit.com,redditmedia.com,"Access"
reddit.com,zkcdn.net,"Access"
reddit.com,googletagmanager.com,"Access"
reddit.com,zkcdn.net,"Access"
reddit.com,zkcdn.net,"Access"
reddit.com,scorecardresearch.com,"Access"
reddit.com,redditmedia.com,"Access"
pinterest.com,pinterest.com,"Access"
pinterest.com,pinterest.com,"Access"
pinterest.com,pinterest.com,"Access"
pinterest.com,pinimg.com,"Access"
pinterest.com,pinimg.com,"Access"
pinterest.com,pinimg.com,"Access"
pinterest.com,pinimg.com,"Access"
pinterest.com,pinimg.com,"Access"
pinterest.com,pinimg.com,"Access"
pinterest.com,pinimg.com,"Access"
pinterest.com,pinimg.com,"Access"
pinterest.com,pinimg.com,"Access"
pinterest.com,pinimg.com,"Access"
pinterest.com,pinimg.com,"Access"
pinterest.com,pinimg.com,"Access"
pinterest.com,pinimg.com,"Access"
pinterest.com,pinimg.com,"Access"
pinterest.com,pinimg.com,"Access"
pinterest.com,pinimg.com,"Access"
pinterest.com,pinimg.com,"Access"
pinterest.com,pinimg.com,"Access"
pinterest.com,pinimg.com,"Access"
pinterest.com,pinterest.com,"Access"
pinterest.com,pinimg.com,"Access"
pinterest.com,google-analytics.com,"Access"
pinterest.com,pinterest.com,"Access"
pinterest.com,pinterest.com,"Access"
pinterest.com,pinterest.com,"Access"
paypal.com,paypal.com,"Access"
paypal.com,paypal.com,"Access"
paypal.com,paypal.com,"Access"
paypal.com,paypal.com,"Access"
paypal.com,paypalobjects.com,"Access"
paypal.com,paypalobjects.com,"Access"
paypal.com,paypalobjects.com,"Access"
paypal.com,paypalobjects.com,"Access"
paypal.com,paypalobjects.com,"Access"
paypal.com,paypalobjects.com,"Access"
paypal.com,paypalobjects.com,"Access"
paypal.com,paypalobjects.com,"Access"
paypal.com,paypalobjects.com,"Access"
paypal.com,paypalobjects.com,"Access"
paypal.com,paypalobjects.com,"Access"
paypal.com,paypalobjects.com,"Access"
paypal.com,paypalobjects.com,"Access"
paypal.com,paypalobjects.com,"Access"
paypal.com,paypalobjects.com,"Access"
paypal.com,paypalobjects.com,"Access"
paypal.com,ensighten.com,"Access"
paypal.com,paypalobjects.com,"Access"
paypal.com,paypalobjects.com,"Access"
paypal.com,paypalobjects.com,"Access"
paypal.com,paypalobjects.com,"Access"
paypal.com,paypalobjects.com,"Access"
paypal.com,paypal.com,"Access"
mediaplex.com,dotomi.com,"Access Cookie"
mediaplex.com,dotomi.com,"Access"
paypal.com,google-analytics.com,"Access"
doubleclick.net,google.com,"Access"
paypal.com,bluelithium.com,"Access"
doubleclick.net,google.com,"Access"
paypal.com,omtrdc.net,"Access"
omtrdc.net,omtrdc.net,"Access"
google.ru,google.ru,"Access"
google.ru,google.ru,"Access"
google.ru,google.ru,"Access"
google.ru,google.ru,"Access"
google.ru,google.ru,"Access"
google.ru,google.ru,"Access"
google.ru,google.ru,"Access"
google.ru,gstatic.com,"Access"
google.ru,google.ru,"Access"
google.ru,google.ru,"Access"
google.ru,google.ru,"Access"
google.com.br,google.com.br,"Access"
google.com.br,google.com.br,"Access"
google.com.br,google.com.br,"Access"
google.com.br,google.com.br,"Access"
google.com.br,google.com.br,"Access"
google.com.br,google.com.br,"Access"
google.com.br,google.com.br,"Access"
google.com.br,google.com.br,"Access"
google.com.br,google.com.br,"Access"
google.com.br,google.com.br,"Access"
google.fr,google.fr,"Access"
google.fr,google.fr,"Access"
google.fr,google.fr,"Access"
google.fr,google.fr,"Access"
google.fr,google.fr,"Access"
google.fr,google.fr,"Access"
google.fr,google.fr,"Access"
google.fr,google.fr,"Access"
google.fr,google.fr,"Access"
google.fr,google.fr,"Access"
google.fr,google.fr,"Access"
sohu.com,sohu.com,"Access"
sohu.com,sohu.com,"Access"
sohu.com,sohu.com,"Access"
sohu.com,sohu.com,"Access"
sohu.com,sohu.com,"Access"
sohu.com,sohu.com,"Access"
sohu.com,mediav.com,"Access"
sohu.com,sohu.com,"Access"
sohu.com,sohu.com,"Access"
sohu.com,sohu.com,"Access"
sohu.com,sohu.com,"Access"
sohu.com,sohu.com,"Access"
sohu.com,sohu.com,"Access"
sohu.com,sohu.com,"Access"
sohu.com,sohu.com,"Access"
sohu.com,sohu.com,"Access"
sohu.com,sohu.com,"Access"
sohu.com,itc.cn,"Access"
sohu.com,itc.cn,"Access"
sohu.com,itc.cn,"Access"
sohu.com,itc.cn,"Access"
sohu.com,itc.cn,"Access"
sohu.com,itc.cn,"Access"
sohu.com,itc.cn,"Access"
sohu.com,itc.cn,"Access"
sohu.com,itc.cn,"Access"
sohu.com,itc.cn,"Access"
sohu.com,itc.cn,"Access"
sohu.com,sohu.com,"Access"
sohu.com,itc.cn,"Access"
sohu.com,itc.cn,"Access"
sohu.com,sohu.com,"Access"
sohu.com,sohu.com,"Access"
sohu.com,itc.cn,"Access"
sohu.com,itc.cn,"Access"
sohu.com,itc.cn,"Access"
sohu.com,itc.cn,"Access"
sohu.com,itc.cn,"Access"
sohu.com,itc.cn,"Access"
sohu.com,sohu.com,"Access"
sohu.com,sohu.com,"Access"
sohu.com,sohu.com,"Access"
sohu.com,sohu.com,"Access"
sohu.com,sohu.com,"Access"
sohu.com,itc.cn,"Access"
sohu.com,itc.cn,"Access"
sohu.com,itc.cn,"Access"
sohu.com,itc.cn,"Access"
sohu.com,sohu.com,"Access"
sohu.com,sohu.com,"Access"
sohu.com,sohu.com,"Access"
sohu.com,sohu.com,"Access"
sohu.com,itc.cn,"Access"
sohu.com,sohu.com,"Access"
sohu.com,sohu.com,"Access"
sohu.com,sohu.com,"Access"
sohu.com,sohu.com,"Access"
sohu.com,sohu.com,"Access"
sohu.com,sohu.com,"Access"
sohu.com,sohu.com,"Access"
sohu.com,sohu.com,"Access"
sohu.com,sohu.com,"Access"
sohu.com,sohu.com,"Access"
sohu.com,sohu.com,"Access"
sohu.com,sohu.com,"Access"
sohu.com,sohu.com,"Access"
sohu.com,sohu.com,"Access"
sohu.com,sohu.com,"Access"
sohu.com,sohu.com,"Access"
sohu.com,itc.cn,"Access"
sohu.com,sohu.com,"Access"
sohu.com,sohu.com,"Access"
sohu.com,sohu.com,"Access"
sohu.com,sohu.com,"Access"
sohu.com,sohu.com,"Access"
sohu.com,sohu.com,"Access"
sohu.com,sohu.com,"Access"
sohu.com,optaim.com,"Access"
sohu.com,sohu.com,"Access"
sohu.com,optaim.com,"Access"
sohu.com,sohu.com,"Access"
sohu.com,sohu.com,"Access"
sohu.com,sohu.com,"Access"
sohu.com,sohu.com,"Access"
sohu.com,sohu.com,"Access"
sohu.com,sohu.com,"Access"
sohu.com,sohu.com,"Access"
sohu.com,itc.cn,"Access"
sohu.com,sohu.com,"Access"
sohu.com,itc.cn,"Access"
sohu.com,sohu.com,"Access"
sohu.com,optaim.com,"Access"
sohu.com,sohu.com,"Access"
sohu.com,sohu.com,"Access"
sohu.com,sohu.com,"Access"
sohu.com,sohu.com,"Access"
sohu.com,sohu.com,"Access"
sohu.com,sohu.com,"Access"
sohu.com,sohu.com,"Access"
sohu.com,sohu.com,"Access"
sohu.com,sohu.com,"Access"
sohu.com,sohu.com,"Access"
sohu.com,sohu.com,"Access"
sohu.com,itc.cn,"Access"
sohu.com,sohu.com,"Access"
sohu.com,itc.cn,"Access"
sohu.com,itc.cn,"Access"
sohu.com,sohu.com,"Access"
sohu.com,sohu.com,"Access"
sohu.com,itc.cn,"Access"
sohu.com,sohu.com,"Access"
sohu.com,sohu.com,"Access"
sohu.com,optaim.com,"Access"
sohu.com,sohu.com,"Access"
sohu.com,17173cdn.com,"Access"
sohu.com,itc.cn,"Access"
sohu.com,optaim.com,"Access"
sohu.com,optaim.com,"Access"
sohu.com,sohu.com,"Access"
sohu.com,sohu.com,"Access"
sohu.com,sohu.com,"Access"
sohu.com,sohu.com,"Access"
sohu.com,sohu.com,"Access"
sohu.com,sohu.com,"Access"
sohu.com,sohu.com,"Access"
sohu.com,sohu.com,"Access"
sohu.com,sohu.com,"Access"
sohu.com,sohu.com,"Access"
sohu.com,sohu.com,"Access"
sohu.com,sohu.com,"Access"
sohu.com,sohu.com,"Access"
sohu.com,sohu.com,"Access"
sohu.com,sohu.com,"Access"
sohu.com,sohu.com,"Access"
sohu.com,sohu.com,"Access"
sohu.com,sohu.com,"Access"
sohu.com,sohu.com,"Access"
sohu.com,sohu.com,"Access"
sohu.com,sohu.com,"Access"
sohu.com,sohu.com,"Access"
sohu.com,sohu.com,"Access"
sohu.com,sohu.com,"Access"
sohu.com,sohu.com,"Access"
sohu.com,optaim.com,"Access"
sohu.com,sohu.com,"Access"
sohu.com,sohu.com,"Access"
sohu.com,sohu.com,"Access"
sohu.com,sohu.com,"Access"
sohu.com,sohu.com,"Access"
sohu.com,jd.com,"Access"
sohu.com,sohu.com,"Access"
sohu.com,sohu.com,"Access"
sohu.com,sohu.com,"Access"
sohu.com,sohu.com,"Access"
sohu.com,sohu.com,"Access"
sohu.com,sohu.com,"Access"
sohu.com,sohu.com,"Access"
sohu.com,sohu.com,"Access"
sohu.com,sohu.com,"Access"
sohu.com,sohu.com,"Access"
sohu.com,sohu.com,"Access"
sohu.com,sohu.com,"Access"
sohu.com,sohu.com,"Access"
sohu.com,sohu.com,"Access"
sohu.com,sohu.com,"Access"
sohu.com,sohu.com,"Access"
sohu.com,sohu.com,"Access"
sohu.com,optaim.com,"Access"
sohu.com,sohu.com,"Access"
sohu.com,sohu.com,"Access"
sohu.com,sohu.com,"Access"
sohu.com,sohu.com,"Access"
sohu.com,sohu.com,"Access"
sohu.com,sohu.com,"Access"
sohu.com,sohu.com,"Access"
sohu.com,sohu.com,"Access"
sohu.com,sohu.com,"Access"
sohu.com,sohu.com,"Access"
sohu.com,sohu.com,"Access"
sohu.com,sohu.com,"Access"
sohu.com,sohu.com,"Access"
sohu.com,sohu.com,"Access"
sohu.com,sohu.com,"Access"
sohu.com,sohu.com,"Access"
sohu.com,sohu.com,"Access"
sohu.com,sohu.com,"Access"
sohu.com,sohu.com,"Access"
sohu.com,sohu.com,"Access"
sohu.com,sohu.com,"Access"
sohu.com,sohu.com,"Access"
sohu.com,sohu.com,"Access"
sohu.com,sohu.com,"Access"
sohu.com,360buyimg.com,"Access"
sohu.com,360buyimg.com,"Access"
sohu.com,360buyimg.com,"Access"
sohu.com,sohu.com,"Access"
sohu.com,sohu.com,"Access"
sohu.com,sohu.com,"Access"
sohu.com,sohu.com,"Access"
sohu.com,d-adasia.com,"Access"
sohu.com,sohu.com,"Access"
sohu.com,optaim.com,"Access"
sohu.com,optaim.com,"Access"
sohu.com,jd.com,"Access"
sohu.com,360buyimg.com,"Access"
sohu.com,360buyimg.com,"Access"
sohu.com,360buyimg.com,"Access"
sohu.com,360buyimg.com,"Access"
sohu.com,360buyimg.com,"Access"
sohu.com,360buyimg.com,"Access"
sohu.com,360buyimg.com,"Access"
sohu.com,360buyimg.com,"Access"
sohu.com,jd.com,"Access"
sohu.com,jd.com,"Access"
sohu.com,360buyimg.com,"Access"
sohu.com,360buyimg.com,"Access"
sohu.com,jd.com,"Access"
sohu.com,sohu.com,"Access"
sohu.com,360buyimg.com,"Access"
sohu.com,360buyimg.com,"Access"
sohu.com,360buyimg.com,"Access"
sohu.com,360buyimg.com,"Access"
sohu.com,jd.com,"Access"
sohu.com,jd.com,"Access"
sohu.com,jd.com,"Access"
sohu.com,google.com,"Access"
sohu.com,qtmojo.com,"Access"
qtmojo.com,qtmojo.com,"Access"
qtmojo.com,qtmojo.com,"Access"
sohu.com,360buyimg.com,"Access"
sohu.com,optaim.com,"Access"
sohu.com,360buyimg.com,"Access"
sohu.com,3.cn,"Access"
sohu.com,jd.com,"Access"
sohu.com,sohu.com,"Access"
sohu.com,jd.com,"Access"
sohu.com,sohu.com,"Access"
sohu.com,optaim.com,"Access"
sohu.com,jd.com,"Access"
sohu.com,sohu.com,"Access"
sohu.com,jd.com,"Access"
sohu.com,jd.com,"Access"
sohu.com,jd.com,"Access"
sohu.com,jd.com,"Access"
sohu.com,360buyimg.com,"Access"
sohu.com,jd.com,"Access"
gmw.cn,mozilla.com,"Access"
gmw.cn,gmw.cn,"Access"
gmw.cn,csbew.com,"Access"
gmw.cn,gmw.cn,"Access"
gmw.cn,gmw.cn,"Access"
gmw.cn,gmw.cn,"Access"
gmw.cn,gmw.cn,"Access"
gmw.cn,gmw.cn,"Access"
gmw.cn,gmw.cn,"Access"
gmw.cn,gmw.cn,"Access"
gmw.cn,gmw.cn,"Access"
gmw.cn,gmw.cn,"Access"
gmw.cn,gmw.cn,"Access"
gmw.cn,gmw.cn,"Access"
gmw.cn,gmw.cn,"Access"
gmw.cn,gmw.cn,"Access"
gmw.cn,gmw.cn,"Access"
gmw.cn,gmw.cn,"Access"
gmw.cn,gmw.cn,"Access"
gmw.cn,google-analytics.com,"Access"
gmw.cn,gmw.cn,"Access"
gmw.cn,gmw.cn,"Access"
gmw.cn,gmw.cn,"Access"
gmw.cn,gmw.cn,"Access"
gmw.cn,gmw.cn,"Access"
gmw.cn,gmw.cn,"Access"
gmw.cn,gmw.cn,"Access"
gmw.cn,gmw.cn,"Access"
gmw.cn,gmw.cn,"Access"
gmw.cn,gmw.cn,"Access"
gmw.cn,gmw.cn,"Access"
gmw.cn,gmw.cn,"Access"
gmw.cn,gmw.cn,"Access"
gmw.cn,gmw.cn,"Access"
gmw.cn,gmw.cn,"Access"
gmw.cn,gmw.cn,"Access"
gmw.cn,gmw.cn,"Access"
gmw.cn,gmw.cn,"Access"
gmw.cn,gmw.cn,"Access"
gmw.cn,gmw.cn,"Access"
gmw.cn,gmw.cn,"Access"
gmw.cn,gmw.cn,"Access"
gmw.cn,gmw.cn,"Access"
gmw.cn,gmw.cn,"Access"
gmw.cn,gmw.cn,"Access"
gmw.cn,gmw.cn,"Access"
gmw.cn,gmw.cn,"Access"
gmw.cn,gmw.cn,"Access"
gmw.cn,gmw.cn,"Access"
gmw.cn,google-analytics.com,"Access"
gmw.cn,gmw.cn,"Access"
gmw.cn,gmw.cn,"Access"
gmw.cn,gmw.cn,"Access"
gmw.cn,gmw.cn,"Access"
gmw.cn,gmw.cn,"Access"
gmw.cn,gmw.cn,"Access"
gmw.cn,gmw.cn,"Access"
gmw.cn,gmw.cn,"Access"
gmw.cn,gmw.cn,"Access"
gmw.cn,gmw.cn,"Access"
gmw.cn,gmw.cn,"Access"
gmw.cn,gmw.cn,"Access"
gmw.cn,gmw.cn,"Access"
gmw.cn,gmw.cn,"Access"
gmw.cn,gmw.cn,"Access"
gmw.cn,gmw.cn,"Access"
gmw.cn,gmw.cn,"Access"
gmw.cn,webterren.com,"Access"
gmw.cn,gmw.cn,"Access"
gmw.cn,gmw.cn,"Access"
gmw.cn,gmw.cn,"Access"
gmw.cn,gmw.cn,"Access"
gmw.cn,gmw.cn,"Access"
gmw.cn,gmw.cn,"Access"
gmw.cn,gmw.cn,"Access"
gmw.cn,gmw.cn,"Access"
gmw.cn,gmw.cn,"Access"
gmw.cn,chinaso.com,"Access"
gmw.cn,webterren.com,"Access"
gmw.cn,chinaso.com,"Access"
gmw.cn,chinaso.com,"Access"
gmw.cn,gmw.cn,"Access"
gmw.cn,csbew.com,"Access"
gmw.cn,csbew.com,"Access"
gmw.cn,csbew.com,"Access"
gmw.cn,csbew.com,"Access"
gmw.cn,mlt01.com,"Access"
gmw.cn,csbew.com,"Access"
gmw.cn,csbew.com,"Access"
gmw.cn,csbew.com,"Access"
gmw.cn,csbew.com,"Access"
gmw.cn,csbew.com,"Access"
gmw.cn,csbew.com,"Access"
gmw.cn,csbew.com,"Access"
gmw.cn,chinaso.com,"Access"
gmw.cn,chinaso.com,"Access"
gmw.cn,csbew.com,"Access"
gmw.cn,chinaso.com,"Access"
gmw.cn,chinaso.com,"Access"
gmw.cn,csbew.com,"Access"
gmw.cn,chinaso.com,"Access"
gmw.cn,chinaso.com,"Access"
gmw.cn,csbew.com,"Access"
gmw.cn,csbew.com,"Access"
gmw.cn,csbew.com,"Access"
gmw.cn,csbew.com,"Access"
gmw.cn,csbew.com,"Access"
gmw.cn,csbew.com,"Access"
gmw.cn,csbew.com,"Access"
gmw.cn,csbew.com,"Access"
gmw.cn,csbew.com,"Access"
gmw.cn,csbew.com,"Access"
gmw.cn,csbew.com,"Access"
gmw.cn,csbew.com,"Access"
gmw.cn,csbew.com,"Access"
gmw.cn,csbew.com,"Access"
gmw.cn,csbew.com,"Access"
gmw.cn,csbew.com,"Access"
gmw.cn,csbew.com,"Access"
gmw.cn,csbew.com,"Access"
gmw.cn,csbew.com,"Access"
gmw.cn,csbew.com,"Access"
gmw.cn,csbew.com,"Access"
gmw.cn,csbew.com,"Access"
gmw.cn,csbew.com,"Access"
gmw.cn,csbew.com,"Access"
gmw.cn,csbew.com,"Access"
gmw.cn,csbew.com,"Access"
gmw.cn,csbew.com,"Access"
gmw.cn,csbew.com,"Access"
gmw.cn,csbew.com,"Access"
gmw.cn,csbew.com,"Access"
gmw.cn,csbew.com,"Access"
gmw.cn,csbew.com,"Access"
gmw.cn,gmw.cn,"Access"
netflix.com,netflix.com,"Access"
netflix.com,netflix.com,"Access"
netflix.com,netflix.com,"Access"
netflix.com,netflix.com,"Access"
netflix.com,netflix.com,"Access"
netflix.com,netflix.com,"Access"
netflix.com,netflix.com,"Access"
netflix.com,nflxext.com,"Access"
netflix.com,netflix.com,"Access"
netflix.com,nflxext.com,"Access"
netflix.com,nflxext.com,"Access"
netflix.com,nflxext.com,"Access"
netflix.com,netflix.com,"Access"
netflix.com,netflix.com,"Access"
netflix.com,nflximg.net,"Access"
netflix.com,netflix.com,"Access"
netflix.com,netflix.com,"Access"
netflix.com,nflximg.net,"Access"
netflix.com,netflix.com,"Access"
netflix.com,nflximg.net,"Access"
netflix.com,nflximg.net,"Access"
netflix.com,nflximg.net,"Access"
netflix.com,nflximg.net,"Access"
netflix.com,nflximg.net,"Access"
netflix.com,nflximg.net,"Access"
netflix.com,nflximg.net,"Access"
netflix.com,nflximg.net,"Access"
netflix.com,nflximg.net,"Access"
netflix.com,nflximg.net,"Access"
netflix.com,nflximg.net,"Access"
netflix.com,nflximg.net,"Access"
netflix.com,netflix.com,"Access"
netflix.com,nflximg.net,"Access"
netflix.com,nflximg.net,"Access"
netflix.com,nflximg.net,"Access"
netflix.com,nflximg.net,"Access"
netflix.com,nflximg.net,"Access"
netflix.com,nflximg.net,"Access"
netflix.com,nflximg.net,"Access"
netflix.com,nflximg.net,"Access"
netflix.com,nflximg.net,"Access"
netflix.com,nflximg.net,"Access"
netflix.com,nflximg.net,"Access"
netflix.com,nflximg.net,"Access"
netflix.com,nflximg.net,"Access"
netflix.com,nflximg.net,"Access"
netflix.com,nflximg.net,"Access"
netflix.com,thebrighttag.com,"Access"
netflix.com,btstatic.com,"Access"
netflix.com,thebrighttag.com,"Access"
netflix.com,google-analytics.com,"Access"
netflix.com,netflix.com,"Access"
doubleclick.net,netflix.com,"Access"
netflix.com,google-analytics.com,"Access"
netflix.com,netflix.com,"Access"
netflix.com,netflix.com,"Access"
netflix.com,nflxext.com,"Access"
netflix.com,netflix.com,"Access"
netflix.com,nflximg.net,"Access"
netflix.com,nflximg.net,"Access"
netflix.com,nflximg.net,"Access"
netflix.com,nflximg.net,"Access"
netflix.com,nflximg.net,"Access"
netflix.com,nflximg.net,"Access"
netflix.com,nflximg.net,"Access"
netflix.com,nflximg.net,"Access"
netflix.com,nflximg.net,"Access"
netflix.com,nflximg.net,"Access"
netflix.com,nflximg.net,"Access"
netflix.com,nflximg.net,"Access"
netflix.com,nflximg.net,"Access"
netflix.com,nflximg.net,"Access"
netflix.com,nflximg.net,"Access"
netflix.com,nflximg.net,"Access"
netflix.com,nflximg.net,"Access"
netflix.com,nflximg.net,"Access"
netflix.com,nflximg.net,"Access"
netflix.com,netflix.com,"Access"
netflix.com,nflximg.net,"Access"
netflix.com,nflximg.net,"Access"
netflix.com,nflximg.net,"Access"
netflix.com,nflximg.net,"Access"
netflix.com,nflximg.net,"Access"
netflix.com,nflximg.net,"Access"
netflix.com,nflximg.net,"Access"
netflix.com,netflix.com,"Access"
netflix.com,nflxext.com,"Access"
netflix.com,nflximg.net,"Access"
netflix.com,nflximg.net,"Access"
netflix.com,nflximg.net,"Access"
netflix.com,nflximg.net,"Access"
netflix.com,nflximg.net,"Access"
netflix.com,nflximg.net,"Access"
netflix.com,nflximg.net,"Access"
netflix.com,nflximg.net,"Access"
netflix.com,nflximg.net,"Access"
netflix.com,nflximg.net,"Access"
netflix.com,nflximg.net,"Access"
netflix.com,nflximg.net,"Access"
netflix.com,nflximg.net,"Access"
netflix.com,nflximg.net,"Access"
netflix.com,nflximg.net,"Access"
netflix.com,nflximg.net,"Access"
netflix.com,nflximg.net,"Access"
netflix.com,nflximg.net,"Access"
netflix.com,nflximg.net,"Access"
netflix.com,nflximg.net,"Access"
netflix.com,nflximg.net,"Access"
netflix.com,nflximg.net,"Access"
netflix.com,nflximg.net,"Access"
netflix.com,nflximg.net,"Access"
netflix.com,nflximg.net,"Access"
netflix.com,netflix.com,"Access"
netflix.com,nflximg.net,"Access"
netflix.com,nflximg.net,"Access"
netflix.com,nflximg.net,"Access"
netflix.com,netflix.com,"Access"
pubmatic.com,netflix.com,"Access"
netflix.com,netflix.com,"Access"
onclickads.net,googleadservices.com,"Access"
onclickads.net,googleapis.com,"Access"
onclickads.net,gstatic.com,"Access"
doubleclick.net,google.com,"Access"
doubleclick.net,google.com,"Access"
microsoft.com,aspnetcdn.com,"Access"
microsoft.com,aspnetcdn.com,"Access"
microsoft.com,webtrends.com,"Access"
microsoft.com,s-microsoft.com,"Access"
microsoft.com,s-microsoft.com,"Access"
microsoft.com,s-microsoft.com,"Access"
microsoft.com,s-microsoft.com,"Access"
microsoft.com,s-microsoft.com,"Access"
microsoft.com,s-microsoft.com,"Access"
microsoft.com,btttag.com,"Access"
microsoft.com,onestore.ms,"Access"
microsoft.com,s-microsoft.com,"Access"
microsoft.com,onestore.ms,"Access"
microsoft.com,gfx.ms,"Access"
microsoft.com,onestore.ms,"Access"
microsoft.com,onestore.ms,"Access"
microsoft.com,onestore.ms,"Access"
microsoft.com,s-microsoft.com,"Access"
microsoft.com,s-microsoft.com,"Access"
microsoft.com,s-microsoft.com,"Access"
microsoft.com,s-microsoft.com,"Access"
microsoft.com,s-microsoft.com,"Access"
microsoft.com,s-microsoft.com,"Access"
microsoft.com,s-microsoft.com,"Access"
microsoft.com,s-microsoft.com,"Access"
microsoft.com,s-microsoft.com,"Access"
microsoft.com,s-microsoft.com,"Access"
microsoft.com,s-microsoft.com,"Access"
microsoft.com,onestore.ms,"Access"
microsoft.com,s-microsoft.com,"Access"
microsoft.com,s-microsoft.com,"Access"
microsoft.com,s-microsoft.com,"Access"
microsoft.com,s-microsoft.com,"Access"
microsoft.com,s-microsoft.com,"Access"
microsoft.com,s-microsoft.com,"Access"
microsoft.com,onestore.ms,"Access"
microsoft.com,s-microsoft.com,"Access"
microsoft.com,s-microsoft.com,"Access"
microsoft.com,webtrends.com,"Access"
microsoft.com,webtrends.com,"Access"
microsoft.com,s-microsoft.com,"Access"
microsoft.com,s-microsoft.com,"Access"
microsoft.com,bkrtx.com,"Access"
microsoft.com,gfx.ms,"Access"
microsoft.com,microsoftstore.com,"Access"
microsoft.com,s-microsoft.com,"Access"
microsoft.com,s-microsoft.com,"Access"
microsoft.com,clicktale.net,"Access"
microsoft.com,s-microsoft.com,"Access"
microsoft.com,s-microsoft.com,"Access"
microsoft.com,s-microsoft.com,"Access"
microsoft.com,s-microsoft.com,"Access"
microsoft.com,s-microsoft.com,"Access"
microsoft.com,s-microsoft.com,"Access"
microsoft.com,s-microsoft.com,"Access"
microsoft.com,s-microsoft.com,"Access"
microsoft.com,s-microsoft.com,"Access"
microsoft.com,s-microsoft.com,"Access"
microsoft.com,s-microsoft.com,"Access"
microsoft.com,onestore.ms,"Access"
microsoft.com,bing.com,"Access"
microsoft.com,s-microsoft.com,"Access"
microsoft.com,s-microsoft.com,"Access"
microsoft.com,s-microsoft.com,"Access"
microsoft.com,s-microsoft.com,"Access"
s-microsoft.com,s-microsoft.com,"Access"
microsoft.com,gfx.ms,"Access"
microsoft.com,clicktale.net,"Access"
microsoft.com,bluekai.com,"Access"
bluekai.com,bluekai.com,"Access"
microsoft.com,clicktale.net,"Access"
microsoft.com,webtrends.com,"Access"
microsoft.com,s-microsoft.com,"Access"
s-microsoft.com,s-microsoft.com,"Access"
s-microsoft.com,s-microsoft.com,"Access"
s-microsoft.com,s-microsoft.com,"Access"
s-microsoft.com,s-microsoft.com,"Access"
s-microsoft.com,s-microsoft.com,"Access"
s-microsoft.com,s-microsoft.com,"Access"
s-microsoft.com,s-microsoft.com,"Access"
s-microsoft.com,s-microsoft.com,"Access"
microsoft.com,clicktale.net,"Access"
microsoft.com,gfx.ms,"Access"
microsoft.com,s-microsoft.com,"Access"
microsoft.com,s-microsoft.com,"Access"
doubleclick.net,google.com,"Access"
adnxs.com,bluekai.com,"Access"
microsoft.com,s-microsoft.com,"Access"
microsoft.com,s-microsoft.com,"Access"
microsoft.com,s-microsoft.com,"Access"
microsoft.com,go-mpulse.net,"Access"
microsoft.com,go-mpulse.net,"Access"
microsoft.com,scorecardresearch.com,"Access"
microsoft.com,btttag.com,"Access"
microsoft.com,mpstat.us,"Access"
microsoft.com,mpstat.us,"Access"
tumblr.com,scorecardresearch.com,"Access"
tumblr.com,google-analytics.com,"Access"
tumblr.com,scorecardresearch.com,"Access"
tumblr.com,google-analytics.com,"Access"
tumblr.com,google-analytics.com,"Access"
tumblr.com,google-analytics.com,"Access"
tumblr.com,cedexis-radar.net,"Access"
tumblr.com,cedexis.com,"Access"
tumblr.com,cedexis.com,"Access"
tumblr.com,cedexis.com,"Access"
tumblr.com,cedexis.com,"Access"
wordpress.com,googleapis.com,"Access"
wordpress.com,gstatic.com,"Access"
wordpress.com,gstatic.com,"Access"
wordpress.com,google-analytics.com,"Access"
doubleclick.net,google.com,"Access"
blogspot.com,blogger.com,"Access"
blogger.com,blogger.com,"Access"
blogger.com,blogger.com,"Access"
blogger.com,google.com,"Access"
google.com,blogger.com,"Access"
blogger.com,google.com,"Access"
blogspot.com,youtube.com,"Access"
blogspot.com,gstatic.com,"Access"
blogspot.com,gstatic.com,"Access"
blogspot.com,gstatic.com,"Access"
blogspot.com,gstatic.com,"Access"
blogspot.com,gstatic.com,"Access"
blogspot.com,google.com,"Access"
imgur.com,googleapis.com,"Access"
imgur.com,googletagservices.com,"Access"
imgur.com,scorecardresearch.com,"Access"
imgur.com,twitter.com,"Access"
imgur.com,quantserve.com,"Access"
imgur.com,googleadservices.com,"Access"
imgur.com,scorecardresearch.com,"Access"
imgur.com,quantserve.com,"Access"
imgur.com,twitter.com,"Access"
imgur.com,google-analytics.com,"Access"
imgur.com,twitter.com,"Access"
imgur.com,twitter.com,"Access"
360.cn,360.cn,"Access"
360.cn,360.com,"Access"
360.cn,qhimg.com,"Access"
360.cn,qhimg.com,"Access"
360.cn,qhimg.com,"Access"
360.cn,qhimg.com,"Access"
360.cn,qhimg.com,"Access"
360.cn,qhimg.com,"Access"
360.cn,qhimg.com,"Access"
360.cn,qhimg.com,"Access"
360.cn,qhimg.com,"Access"
360.cn,qhimg.com,"Access"
360.cn,qhimg.com,"Access"
360.cn,qhimg.com,"Access"
360.cn,qhimg.com,"Access"
360.cn,qhimg.com,"Access"
360.cn,qhimg.com,"Access"
360.cn,qhimg.com,"Access"
360.cn,qhimg.com,"Access"
360.cn,qhimg.com,"Access"
360.cn,qhimg.com,"Access"
360.cn,qhimg.com,"Access"
360.cn,qhimg.com,"Access"
360.cn,qhimg.com,"Access"
360.cn,qhimg.com,"Access"
360.cn,qhimg.com,"Access"
360.cn,qhimg.com,"Access"
360.cn,qhimg.com,"Access"
360.cn,qhimg.com,"Access"
360.cn,qhimg.com,"Access"
360.cn,qhimg.com,"Access"
360.cn,qhimg.com,"Access"
360.cn,qhimg.com,"Access"
360.cn,qhimg.com,"Access"
360.cn,qhimg.com,"Access"
360.cn,qhimg.com,"Access"
360.cn,qhimg.com,"Access"
360.cn,qhimg.com,"Access"
360.cn,qhimg.com,"Access"
360.cn,qhimg.com,"Access"
360.cn,qhimg.com,"Access"
360.cn,qhimg.com,"Access"
360.cn,qhimg.com,"Access"
360.cn,qhimg.com,"Access"
360.cn,qhimg.com,"Access"
360.cn,qhimg.com,"Access"
360.cn,qhimg.com,"Access"
360.cn,qhimg.com,"Access"
360.cn,qhimg.com,"Access"
360.cn,qhimg.com,"Access"
360.cn,qhimg.com,"Access"
360.cn,qhimg.com,"Access"
360.cn,qhimg.com,"Access"
360.cn,qhimg.com,"Access"
360.cn,qhimg.com,"Access"
360.cn,qhimg.com,"Access"
360.cn,qhimg.com,"Access"
360.cn,qhimg.com,"Access"
360.cn,qhimg.com,"Access"
360.cn,qhimg.com,"Access"
360.cn,qhimg.com,"Access"
360.cn,qhimg.com,"Access"
360.cn,qhimg.com,"Access"
360.cn,qhimg.com,"Access"
360.cn,qhimg.com,"Access"
360.cn,qhimg.com,"Access"
360.cn,qhimg.com,"Access"
360.cn,qhimg.com,"Access"
360.cn,qhimg.com,"Access"
360.cn,qhimg.com,"Access"
360.cn,qhimg.com,"Access"
360.cn,qhimg.com,"Access"
360.cn,qhimg.com,"Access"
360.cn,qhimg.com,"Access"
360.cn,qhimg.com,"Access"
360.cn,qhimg.com,"Access"
360.cn,qhimg.com,"Access"
360.cn,qhimg.com,"Access"
360.cn,qhimg.com,"Access"
360.cn,qhimg.com,"Access"
360.cn,qhimg.com,"Access"
360.cn,qhimg.com,"Access"
360.cn,qhimg.com,"Access"
360.cn,qhimg.com,"Access"
360.cn,qhimg.com,"Access"
360.cn,qhimg.com,"Access"
360.cn,qhimg.com,"Access"
360.cn,qhimg.com,"Access"
360.cn,360.cn,"Access"
360.cn,qhimg.com,"Access"
360.cn,qhimg.com,"Access"
360.cn,qhimg.com,"Access"
360.cn,qhimg.com,"Access"
360.cn,qhimg.com,"Access"
360.cn,qhimg.com,"Access"
360.cn,qhimg.com,"Access"
360.cn,qhimg.com,"Access"
360.cn,qhimg.com,"Access"
360.cn,qhimg.com,"Access"
360.cn,qhimg.com,"Access"
360.cn,qhimg.com,"Access"
360.cn,qhimg.com,"Access"
360.cn,qhimg.com,"Access"
360.cn,qhimg.com,"Access"
360.cn,qhimg.com,"Access"
360.cn,qhimg.com,"Access"
360.cn,qhimg.com,"Access"
360.cn,qhimg.com,"Access"
360.cn,qhimg.com,"Access"
360.cn,qhimg.com,"Access"
360.cn,qhimg.com,"Access"
360.cn,qhimg.com,"Access"
360.cn,qhimg.com,"Access"
360.cn,qhimg.com,"Access"
360.cn,qhimg.com,"Access"
360.cn,qhimg.com,"Access"
360.cn,qhimg.com,"Access"
360.cn,qhimg.com,"Access"
360.cn,qhimg.com,"Access"
360.cn,qhimg.com,"Access"
360.cn,qhimg.com,"Access"
360.cn,qhimg.com,"Access"
360.cn,qhimg.com,"Access"
360.cn,qhimg.com,"Access"
360.cn,qhimg.com,"Access"
360.cn,qhimg.com,"Access"
360.cn,qhimg.com,"Access"
360.cn,qhimg.com,"Access"
360.cn,qhimg.com,"Access"
360.cn,qhimg.com,"Access"
360.cn,qhimg.com,"Access"
360.cn,qhimg.com,"Access"
360.cn,qhimg.com,"Access"
360.cn,qhimg.com,"Access"
360.cn,qhimg.com,"Access"
360.cn,qhimg.com,"Access"
360.cn,qhimg.com,"Access"
360.cn,qhimg.com,"Access"
360.cn,qhimg.com,"Access"
360.cn,qhimg.com,"Access"
360.cn,qhimg.com,"Access"
360.cn,qhimg.com,"Access"
360.cn,qhimg.com,"Access"
360.cn,qhimg.com,"Access"
360.cn,qhimg.com,"Access"
360.cn,qhimg.com,"Access"
360.cn,360.cn,"Access"
360.cn,google-analytics.com,"Access"
360.cn,qhimg.com,"Access"
360.cn,qhimg.com,"Access"
360.cn,qhimg.com,"Access"
360.cn,qhimg.com,"Access"
360.cn,qhimg.com,"Access"
360.cn,qhimg.com,"Access"
360.cn,qhimg.com,"Access"
360.cn,qhimg.com,"Access"
360.cn,qhimg.com,"Access"
360.cn,qhimg.com,"Access"
360.cn,qhimg.com,"Access"
360.cn,360.cn,"Access"
360.cn,360.cn,"Access"
360.cn,qihoo.com,"Access"
360.cn,360.cn,"Access"
360.cn,qihoo.com,"Access"
imdb.com,imdb.com,"Access"
imdb.com,imdb.com,"Access"
imdb.com,scorecardresearch.com,"Access"
imdb.com,imdb.com,"Access"
imdb.com,imdb.com,"Access"
imdb.com,imdb.com,"Access"
imdb.com,twitter.com,"Access"
imdb.com,twitter.com,"Access"
imdb.com,twimg.com,"Access"
imdb.com,universalstudios.com,"Access"
imdb.com,twimg.com,"Access"
imdb.com,twimg.com,"Access"
imdb.com,twitter.com,"Access"
imdb.com,twimg.com,"Access"
imdb.com,twimg.com,"Access"
imdb.com,twimg.com,"Access"
imdb.com,twimg.com,"Access"
imdb.com,twimg.com,"Access"
imdb.com,twimg.com,"Access"
imdb.com,twimg.com,"Access"
imdb.com,twimg.com,"Access"
imdb.com,twimg.com,"Access"
imdb.com,twimg.com,"Access"
imdb.com,twimg.com,"Access"
imdb.com,twimg.com,"Access"
imdb.com,twimg.com,"Access"
imdb.com,twimg.com,"Access"
imdb.com,twimg.com,"Access"
imdb.com,twimg.com,"Access"
imdb.com,twimg.com,"Access"
imdb.com,twimg.com,"Access"
imdb.com,twimg.com,"Access"
imdb.com,twimg.com,"Access"
imdb.com,twimg.com,"Access"
ask.com,ask.com,"Access"
ask.com,ask.com,"Access"
ask.com,ask.com,"Access"
ask.com,ask.com,"Access"
ask.com,ask.com,"Access"
ask.com,ask.com,"Access"
ask.com,ask.com,"Access"
ask.com,ask.com,"Access"
ask.com,ask.com,"Access"
ask.com,ask.com,"Access"
ask.com,googletagmanager.com,"Access"
ask.com,crwdcntrl.net,"Access"
ask.com,ask.com,"Access"
ask.com,crwdcntrl.net,"Access"
ask.com,ask.com,"Access"
ask.com,ask.com,"Access"
ask.com,scorecardresearch.com,"Access"
ask.com,google-analytics.com,"Access"
ask.com,google-analytics.com,"Access"
ask.com,google-analytics.com,"Access"
ask.com,crwdcntrl.net,"Access"
crwdcntrl.net,crwdcntrl.net,"Access"
ask.com,ask.com,"Access"
ask.com,eyeota.net,"Access"
eyeota.net,eyeota.net,"Access"
ask.com,addthis.com,"Access"
ask.com,rlcdn.com,"Access"
rlcdn.com,rlcdn.com,"Access"
rlcdn.com,crwdcntrl.net,"Access"
ask.com,exelator.com,"Access"
exelator.com,exelator.com,"Access"
ask.com,bluekai.com,"Access"
doubleclick.net,crwdcntrl.net,"Access"
crwdcntrl.net,rlcdn.com,"Access"
amazon.de,amazon.de,"Access"
amazon.de,amazon.de,"Access"
amazon.de,amazon.de,"Access"
amazon.de,amazon.de,"Access"
amazon.de,amazon.de,"Access"
amazon.de,amazon.de,"Access"
amazon.de,amazon.de,"Access"
amazon.de,amazon.de,"Access"
amazon.de,amazon.de,"Access"
amazon.de,amazon.de,"Access"
amazon.de,amazon.de,"Access"
amazon.de,amazon.de,"Access"
amazon.de,amazon.de,"Access"
amazon.de,amazon.de,"Access"
amazon.de,amazon.de,"Access"
amazon.de,amazon.de,"Access"
amazon.de,amazon.de,"Access"
amazon.de,amazon.de,"Access"
amazon.de,amazon.de,"Access"
amazon.de,amazon.de,"Access"
amazon.de,amazon.de,"Access"
amazon.de,amazon.de,"Access"
amazon.de,amazon.de,"Access"
amazon.de,amazon.de,"Access"
apple.com,apple.com,"Access"
apple.com,apple.com,"Access"
apple.com,apple.com,"Access"
apple.com,apple.com,"Access"
apple.com,apple.com,"Access"
apple.com,apple.com,"Access"
apple.com,apple.com,"Access"
apple.com,apple.com,"Access"
apple.com,apple.com,"Access"
apple.com,apple.com,"Access"
apple.com,apple.com,"Access"
apple.com,apple.com,"Access"
apple.com,apple.com,"Access"
apple.com,apple.com,"Access"
apple.com,apple.com,"Access"
apple.com,apple.com,"Access"
apple.com,apple.com,"Access"
apple.com,apple.com,"Access"
apple.com,apple.com,"Access"
apple.com,apple.com,"Access"
apple.com,apple.com,"Access"
apple.com,apple.com,"Access"
apple.com,apple.com,"Access"
apple.com,apple.com,"Access"
apple.com,apple.com,"Access"
apple.com,apple.com,"Access"
apple.com,apple.com,"Access"
apple.com,apple.com,"Access"
apple.com,apple.com,"Access"
apple.com,apple.com,"Access"
apple.com,apple.com,"Access"
apple.com,apple.com,"Access"
apple.com,apple.com,"Access"
apple.com,apple.com,"Access"
apple.com,apple.com,"Access"
apple.com,apple.com,"Access"
apple.com,apple.com,"Access"
apple.com,apple.com,"Access"
apple.com,apple.com,"Access"
apple.com,apple.com,"Access"
apple.com,apple.com,"Access"
google.it,google.it,"Access"
google.it,google.it,"Access"
google.it,google.it,"Access"
google.it,google.it,"Access"
google.it,gstatic.com,"Access"
google.it,google.it,"Access"
google.it,google.it,"Access"
google.it,google.it,"Access"
google.it,gstatic.com,"Access"
google.it,google.it,"Access"
google.it,google.com,"Access"
google.it,google.it,"Access"
google.it,google.com,"Access"
google.it,google.it,"Access"
google.it,google.it,"Access"
