google.com,mozilla.com,"Access"
google.com,gstatic.com,"Access"
google.com,gstatic.com,"Access"
youtube.com,youtube.com,"Access"
youtube.com,youtube.com,"Access"
youtube.com,youtube.com,"Access"
youtube.com,ggpht.com,"Access"
youtube.com,ggpht.com,"Access"
youtube.com,ggpht.com,"Access"
youtube.com,ggpht.com,"Access"
youtube.com,ggpht.com,"Access"
youtube.com,gstatic.com,"Access"
youtube.com,gstatic.com,"Access"
youtube.com,youtube.com,"Access"
youtube.com,youtube.com,"Access"
youtube.com,ggpht.com,"Access"
youtube.com,ggpht.com,"Access"
youtube.com,youtube.com,"Access"
youtube.com,youtube.com,"Access"
youtube.com,youtube.com,"Access"
youtube.com,ggpht.com,"Access"
youtube.com,ggpht.com,"Access"
youtube.com,youtube.com,"Access"
youtube.com,youtube.com,"Access"
youtube.com,youtube.com,"Access"
youtube.com,youtube.com,"Access"
youtube.com,googlevideo.com,"Access"
youtube.com,googlevideo.com,"Access"
youtube.com,googlevideo.com,"Access"
youtube.com,googlevideo.com,"Access"
youtube.com,youtube.com,"Access"
youtube.com,googlevideo.com,"Access"
youtube.com,googlevideo.com,"Access"
youtube.com,googlevideo.com,"Access"
youtube.com,youtube.com,"Access"
youtube.com,googlevideo.com,"Access"
youtube.com,youtube.com,"Access"
youtube.com,gstatic.com,"Access"
youtube.com,youtube.com,"Access"
youtube.com,youtube.com,"Access"
youtube.com,googlevideo.com,"Access"
youtube.com,youtube.com,"Access"
youtube.com,youtube.com,"Access"
youtube.com,youtube.com,"Access"
youtube.com,googlevideo.com,"Access"
youtube.com,youtube.com,"Access"
youtube.com,youtube.com,"Access"
youtube.com,googlevideo.com,"Access"
youtube.com,youtube.com,"Access"
youtube.com,youtube.com,"Access"
baidu.com,bdstatic.com,"Access"
baidu.com,bdstatic.com,"Access"
baidu.com,bdstatic.com,"Access"
baidu.com,bdstatic.com,"Access"
baidu.com,bdstatic.com,"Access"
baidu.com,bdstatic.com,"Access"
baidu.com,bdstatic.com,"Access"
baidu.com,bdstatic.com,"Access"
baidu.com,bdstatic.com,"Access"
baidu.com,bdstatic.com,"Access"
baidu.com,bdstatic.com,"Access"
yahoo.com,gstatic.com,"Access"
yahoo.com,footprint.net,"Access"
wikipedia.org,wikipedia.org,"Access"
wikipedia.org,wikipedia.org,"Access"
wikipedia.org,wikipedia.org,"Access"
wikipedia.org,wikipedia.org,"Access"
wikipedia.org,wikipedia.org,"Access"
wikipedia.org,wikipedia.org,"Access"
wikipedia.org,wikipedia.org,"Access"
wikipedia.org,wikipedia.org,"Access"
wikipedia.org,wikipedia.org,"Access"
wikipedia.org,wikipedia.org,"Access"
wikipedia.org,wikipedia.org,"Access"
wikipedia.org,wikipedia.org,"Access"
wikipedia.org,wikipedia.org,"Access"
wikipedia.org,wikipedia.org,"Access"
wikipedia.org,wikipedia.org,"Access"
wikipedia.org,wikipedia.org,"Access"
wikipedia.org,wikipedia.org,"Access"
wikipedia.org,wikipedia.org,"Access"
wikipedia.org,wikipedia.org,"Access"
wikipedia.org,wikimedia.org,"Access"
wikipedia.org,wikipedia.org,"Access"
qq.com,qq.com,"Access"
qq.com,qq.com,"Access"
qq.com,qq.com,"Access"
qq.com,gtimg.com,"Access"
qq.com,gtimg.com,"Access"
qq.com,gtimg.com,"Access"
qq.com,gtimg.com,"Access"
qq.com,gtimg.com,"Access"
qq.com,gtimg.com,"Access"
qq.com,gtimg.cn,"Access"
qq.com,gtimg.cn,"Access"
qq.com,gtimg.com,"Access"
qq.com,qq.com,"Access"
qq.com,gtimg.com,"Access"
qq.com,gtimg.com,"Access"
qq.com,gtimg.com,"Access"
qq.com,gtimg.com,"Access"
qq.com,gtimg.com,"Access"
qq.com,gtimg.com,"Access"
qq.com,gtimg.com,"Access"
qq.com,gtimg.com,"Access"
qq.com,gtimg.com,"Access"
qq.com,gtimg.com,"Access"
qq.com,gtimg.com,"Access"
qq.com,gtimg.com,"Access"
qq.com,gtimg.com,"Access"
qq.com,gtimg.com,"Access"
qq.com,gtimg.com,"Access"
qq.com,gtimg.com,"Access"
qq.com,gtimg.com,"Access"
qq.com,gtimg.com,"Access"
qq.com,gtimg.com,"Access"
qq.com,gtimg.com,"Access"
qq.com,gtimg.com,"Access"
qq.com,gtimg.com,"Access"
qq.com,gtimg.com,"Access"
qq.com,gtimg.com,"Access"
qq.com,gtimg.com,"Access"
qq.com,gtimg.com,"Access"
qq.com,gtimg.com,"Access"
qq.com,gtimg.com,"Access"
qq.com,gtimg.com,"Access"
qq.com,gtimg.com,"Access"
qq.com,gtimg.cn,"Access"
qq.com,gtimg.cn,"Access"
qq.com,gtimg.com,"Access"
qq.com,gtimg.com,"Access"
qq.com,gtimg.com,"Access"
qq.com,gtimg.cn,"Access"
qq.com,gtimg.com,"Access"
qq.com,gtimg.com,"Access"
qq.com,gtimg.com,"Access"
qq.com,gtimg.com,"Access"
qq.com,gtimg.com,"Access"
qq.com,gtimg.com,"Access"
qq.com,gtimg.com,"Access"
qq.com,gtimg.com,"Access"
qq.com,gtimg.com,"Access"
qq.com,gtimg.com,"Access"
qq.com,gtimg.com,"Access"
qq.com,gtimg.com,"Access"
qq.com,gtimg.com,"Access"
qq.com,gtimg.com,"Access"
qq.com,gtimg.com,"Access"
qq.com,gtimg.com,"Access"
qq.com,gtimg.com,"Access"
qq.com,qq.com,"Access"
qq.com,gtimg.com,"Access"
qq.com,gtimg.com,"Access"
qq.com,gtimg.com,"Access"
qq.com,gtimg.com,"Access"
qq.com,gtimg.com,"Access"
qq.com,gtimg.com,"Access"
qq.com,qq.com,"Access"
qq.com,qq.com,"Access"
qq.com,qq.com,"Access"
qq.com,gtimg.com,"Access"
qq.com,gtimg.com,"Access"
qq.com,qq.com,"Access"
qq.com,gtimg.com,"Access"
qq.com,gtimg.com,"Access"
qq.com,gtimg.com,"Access"
qq.com,qq.com,"Access"
qq.com,gtimg.com,"Access"
qq.com,gtimg.com,"Access"
qq.com,gtimg.com,"Access"
qq.com,gtimg.com,"Access"
qq.com,gtimg.com,"Access"
qq.com,gtimg.com,"Access"
qq.com,gtimg.com,"Access"
qq.com,qq.com,"Access"
qq.com,gtimg.com,"Access"
qq.com,gtimg.com,"Access"
qq.com,qq.com,"Access"
qq.com,gtimg.com,"Access"
qq.com,gtimg.com,"Access"
qq.com,gtimg.com,"Access"
qq.com,gtimg.com,"Access"
qq.com,qq.com,"Access"
qq.com,gtimg.com,"Access"
qq.com,qq.com,"Access"
qq.com,qq.com,"Access"
qq.com,gtimg.com,"Access"
qq.com,gtimg.com,"Access"
qq.com,gtimg.com,"Access"
qq.com,qq.com,"Access"
qq.com,gtimg.com,"Access"
qq.com,gtimg.com,"Access"
qq.com,gtimg.com,"Access"
qq.com,gtimg.com,"Access"
qq.com,gtimg.com,"Access"
qq.com,gtimg.com,"Access"
qq.com,gtimg.com,"Access"
qq.com,qq.com,"Access"
qq.com,qq.com,"Access"
qq.com,qq.com,"Access"
qq.com,gtimg.com,"Access"
qq.com,qq.com,"Access"
qq.com,gtimg.com,"Access"
qq.com,qq.com,"Access"
qq.com,gtimg.com,"Access"
qq.com,gtimg.com,"Access"
qq.com,gtimg.com,"Access"
qq.com,gtimg.com,"Access"
qq.com,qq.com,"Access"
qq.com,qq.com,"Access"
qq.com,gtimg.com,"Access"
gtimg.com,gtimg.com,"Access"
gtimg.com,gtimg.com,"Access"
gtimg.com,gtimg.com,"Access"
qq.com,qq.com,"Access"
qq.com,gtimg.com,"Access"
qq.com,qq.com,"Access"
qq.com,qq.com,"Access"
qq.com,qq.com,"Access"
qq.com,gtimg.com,"Access"
qq.com,qq.com,"Access"
qq.com,qq.com,"Access"
qq.com,qq.com,"Access"
qq.com,qq.com,"Access"
qq.com,qq.com,"Access"
qq.com,qq.com,"Access"
qq.com,qq.com,"Access"
qq.com,qq.com,"Access"
qq.com,qq.com,"Access"
qq.com,qq.com,"Access"
qq.com,gtimg.com,"Access"
gtimg.com,gtimg.com,"Access"
gtimg.com,gtimg.com,"Access"
qq.com,qq.com,"Access"
qq.com,qq.com,"Access"
qq.com,qq.com,"Access"
qq.com,qq.com,"Access"
qq.com,qq.com,"Access"
qq.com,qq.com,"Access"
qq.com,qq.com,"Access"
qq.com,gtimg.com,"Access"
gtimg.com,gtimg.com,"Access"
gtimg.com,gtimg.com,"Access"
gtimg.com,gtimg.com,"Access"
gtimg.com,gtimg.com,"Access"
gtimg.com,gtimg.com,"Access"
gtimg.com,gtimg.com,"Access"
gtimg.com,gtimg.com,"Access"
qq.com,qq.com,"Access"
qq.com,qq.com,"Access"
qq.com,gtimg.com,"Access"
gtimg.com,gtimg.com,"Access"
gtimg.com,gtimg.com,"Access"
gtimg.com,gtimg.com,"Access"
gtimg.com,gtimg.com,"Access"
gtimg.com,gtimg.com,"Access"
gtimg.com,gtimg.com,"Access"
gtimg.com,gtimg.com,"Access"
gtimg.com,gtimg.com,"Access"
gtimg.com,gtimg.com,"Access"
qq.com,gtimg.cn,"Access"
qq.com,gtimg.com,"Access"
gtimg.com,gtimg.com,"Access"
gtimg.com,gtimg.com,"Access"
gtimg.com,gtimg.com,"Access"
gtimg.com,gtimg.com,"Access"
gtimg.com,gtimg.com,"Access"
gtimg.com,gtimg.com,"Access"
gtimg.com,gtimg.com,"Access"
gtimg.com,gtimg.com,"Access"
gtimg.com,gtimg.com,"Access"
gtimg.com,gtimg.com,"Access"
gtimg.com,gtimg.com,"Access"
gtimg.com,gtimg.com,"Access"
gtimg.com,gtimg.com,"Access"
gtimg.com,gtimg.com,"Access"
gtimg.com,gtimg.com,"Access"
gtimg.com,gtimg.com,"Access"
gtimg.com,gtimg.com,"Access"
gtimg.com,gtimg.com,"Access"
gtimg.com,gtimg.com,"Access"
qq.com,qq.com,"Access"
qq.com,com.cn,"Access"
qq.com,gtimg.com,"Access"
gtimg.com,gtimg.com,"Access"
qq.com,gtimg.com,"Access"
qq.com,gtimg.com,"Access"
gtimg.com,gtimg.com,"Access"
gtimg.com,gtimg.com,"Access"
qq.com,gtimg.com,"Access"
gtimg.com,gtimg.com,"Access"
qq.com,gtimg.com,"Access"
gtimg.com,gtimg.com,"Access"
gtimg.com,gtimg.com,"Access"
qq.com,gtimg.com,"Access"
qq.com,gtimg.com,"Access"
gtimg.com,gtimg.com,"Access"
gtimg.com,gtimg.com,"Access"
gtimg.com,gtimg.com,"Access"
gtimg.com,gtimg.com,"Access"
gtimg.com,gtimg.com,"Access"
gtimg.com,gtimg.com,"Access"
gtimg.com,gtimg.com,"Access"
gtimg.com,gtimg.com,"Access"
gtimg.com,gtimg.com,"Access"
gtimg.com,gtimg.com,"Access"
gtimg.com,gtimg.com,"Access"
gtimg.com,gtimg.com,"Access"
gtimg.com,gtimg.com,"Access"
gtimg.com,gtimg.com,"Access"
qq.com,qq.com,"Access"
qq.com,qq.com,"Access"
qq.com,qq.com,"Access"
qq.com,gtimg.com,"Access"
qq.com,gtimg.cn,"Access"
qq.com,alicdn.com,"Access"
qq.com,alicdn.com,"Access"
qq.com,gtimg.com,"Access"
qq.com,gtimg.com,"Access"
qq.com,taobaocdn.com,"Access"
qq.com,jd.com,"Access"
qq.com,alicdn.com,"Access"
qq.com,alicdn.com,"Access"
qq.com,taobao.com,"Access"
qq.com,jd.com,"Access"
qq.com,trafficjam.cn,"Access"
qq.com,jd.com,"Access"
qq.com,3.cn,"Access"
qq.com,taobao.com,"Access"
qq.com,taobaocdn.com,"Access"
qq.com,taobaocdn.com,"Access"
qq.com,taobaocdn.com,"Access"
qq.com,alicdn.com,"Access"
qq.com,jd.com,"Access"
qq.com,alicdn.com,"Access"
qq.com,gtimg.cn,"Access"
qq.com,alicdn.com,"Access"
qq.com,jd.com,"Access"
qq.com,jd.com,"Access"
qq.com,alicdn.com,"Access"
qq.com,jd.com,"Access"
qq.com,taobao.com,"Access"
qq.com,alicdn.com,"Access"
qq.com,jd.com,"Access"
qq.com,alicdn.com,"Access"
qq.com,jd.com,"Access"
qq.com,alicdn.com,"Access"
qq.com,alicdn.com,"Access"
qq.com,alicdn.com,"Access"
qq.com,alicdn.com,"Access"
qq.com,alicdn.com,"Access"
qq.com,alicdn.com,"Access"
qq.com,alicdn.com,"Access"
qq.com,alicdn.com,"Access"
qq.com,alicdn.com,"Access"
qq.com,alicdn.com,"Access"
qq.com,alicdn.com,"Access"
twitter.com,mozilla.com,"Access"
twitter.com,twimg.com,"Access"
twitter.com,twimg.com,"Access"
twitter.com,twimg.com,"Access"
twitter.com,twimg.com,"Access"
twitter.com,twimg.com,"Access"
twitter.com,twimg.com,"Access"
twitter.com,twimg.com,"Access"
twitter.com,twimg.com,"Access"
twitter.com,twimg.com,"Access"
twitter.com,twimg.com,"Access"
twitter.com,google-analytics.com,"Access"
twitter.com,google-analytics.com,"Access"
google.co.in,google.co.in,"Access"
google.co.in,google.co.in,"Access"
google.co.in,google.co.in,"Access"
google.co.in,google.co.in,"Access"
google.co.in,gstatic.com,"Access"
google.co.in,google.co.in,"Access"
google.co.in,google.co.in,"Access"
google.co.in,google.co.in,"Access"
google.co.in,gstatic.com,"Access"
google.co.in,google.co.in,"Access"
google.co.in,google.co.in,"Access"
google.co.in,google.co.in,"Access"
google.co.in,google.co.in,"Access"
taobao.com,taobao.com,"Access"
taobao.com,taobao.com,"Access"
taobao.com,taobao.com,"Access"
taobao.com,taobao.com,"Access"
taobao.com,alicdn.com,"Access"
taobao.com,alicdn.com,"Access"
taobao.com,alicdn.com,"Access"
taobao.com,alicdn.com,"Access"
taobao.com,alicdn.com,"Access"
taobao.com,alicdn.com,"Access"
taobao.com,alicdn.com,"Access"
taobao.com,alicdn.com,"Access"
taobao.com,alicdn.com,"Access"
taobao.com,alicdn.com,"Access"
taobao.com,alicdn.com,"Access"
taobao.com,alicdn.com,"Access"
taobao.com,alicdn.com,"Access"
taobao.com,alicdn.com,"Access"
taobao.com,alicdn.com,"Access"
taobao.com,alicdn.com,"Access"
taobao.com,alicdn.com,"Access"
taobao.com,alicdn.com,"Access"
taobao.com,alicdn.com,"Access"
taobao.com,alicdn.com,"Access"
taobao.com,alicdn.com,"Access"
taobao.com,alicdn.com,"Access"
taobao.com,alicdn.com,"Access"
taobao.com,alicdn.com,"Access"
taobao.com,alicdn.com,"Access"
taobao.com,alicdn.com,"Access"
taobao.com,alicdn.com,"Access"
taobao.com,alicdn.com,"Access"
taobao.com,alicdn.com,"Access"
taobao.com,alicdn.com,"Access"
taobao.com,alicdn.com,"Access"
taobao.com,alicdn.com,"Access"
taobao.com,alicdn.com,"Access"
taobao.com,alicdn.com,"Access"
taobao.com,alicdn.com,"Access"
taobao.com,alicdn.com,"Access"
taobao.com,alicdn.com,"Access"
taobao.com,alicdn.com,"Access"
taobao.com,alicdn.com,"Access"
taobao.com,alicdn.com,"Access"
taobao.com,alicdn.com,"Access"
taobao.com,alicdn.com,"Access"
taobao.com,alicdn.com,"Access"
taobao.com,alicdn.com,"Access"
taobao.com,alicdn.com,"Access"
taobao.com,alicdn.com,"Access"
taobao.com,alicdn.com,"Access"
taobao.com,alicdn.com,"Access"
taobao.com,alicdn.com,"Access"
taobao.com,alicdn.com,"Access"
taobao.com,alicdn.com,"Access"
taobao.com,alicdn.com,"Access"
taobao.com,alicdn.com,"Access"
taobao.com,alicdn.com,"Access"
taobao.com,alicdn.com,"Access"
taobao.com,alicdn.com,"Access"
taobao.com,alicdn.com,"Access"
taobao.com,alicdn.com,"Access"
taobao.com,alicdn.com,"Access"
taobao.com,alicdn.com,"Access"
taobao.com,alicdn.com,"Access"
taobao.com,alicdn.com,"Access"
taobao.com,taobao.com,"Access"
taobao.com,alicdn.com,"Access"
taobao.com,alicdn.com,"Access"
taobao.com,alicdn.com,"Access"
taobao.com,alicdn.com,"Access"
taobao.com,alicdn.com,"Access"
taobao.com,taobao.com,"Access"
taobao.com,taobao.com,"Access"
taobao.com,taobao.com,"Access"
taobao.com,taobao.com,"Access"
taobao.com,alicdn.com,"Access"
taobao.com,alicdn.com,"Access"
mmstat.com,taobao.com,"Access"
taobao.com,alicdn.com,"Access"
taobao.com,alicdn.com,"Access"
taobao.com,alicdn.com,"Access"
taobao.com,alicdn.com,"Access"
taobao.com,alicdn.com,"Access"
taobao.com,taobao.com,"Access"
taobao.com,taobao.com,"Access"
taobao.com,taobao.com,"Access"
taobao.com,alicdn.com,"Access"
taobao.com,alicdn.com,"Access"
taobao.com,alicdn.com,"Access"
taobao.com,alicdn.com,"Access"
taobao.com,alicdn.com,"Access"
taobao.com,alicdn.com,"Access"
taobao.com,alicdn.com,"Access"
taobao.com,alicdn.com,"Access"
taobao.com,alicdn.com,"Access"
taobao.com,alicdn.com,"Access"
taobao.com,alicdn.com,"Access"
taobao.com,alicdn.com,"Access"
taobao.com,alicdn.com,"Access"
taobao.com,alicdn.com,"Access"
taobao.com,taobao.com,"Access"
taobao.com,taobao.com,"Access"
taobao.com,tmall.com,"Access"
tmall.com,tmall.com,"Access"
taobao.com,alicdn.com,"Access"
taobao.com,alicdn.com,"Access"
taobao.com,taobao.com,"Access"
taobao.com,gstatic.com,"Access"
taobao.com,tbcdn.cn,"Access"
taobao.com,taobao.com,"Access"
live.com,live.com,"Access"
live.com,live.com,"Access"
live.com,live.com,"Access"
live.com,live.com,"Access"
live.com,gfx.ms,"Access"
live.com,gfx.ms,"Access"
live.com,gfx.ms,"Access"
live.com,gfx.ms,"Access"
live.com,gfx.ms,"Access"
live.com,live.com,"Access"
live.com,live.com,"Access"
live.com,live.com,"Access"
live.com,live.com,"Access"
live.com,live.com,"Access"
live.com,live.com,"Access"
live.com,live.com,"Access"
sina.com.cn,sina.com.cn,"Access"
sina.com.cn,sina.com.cn,"Access"
sina.com.cn,sina.com.cn,"Access"
sina.com.cn,sina.com.cn,"Access"
sina.com.cn,sina.com.cn,"Access"
sina.com.cn,sina.com.cn,"Access"
sina.com.cn,sina.com.cn,"Access"
sina.com.cn,sina.com.cn,"Access"
sina.com.cn,sina.com.cn,"Access"
sina.com.cn,sina.com.cn,"Access"
sina.com.cn,sinaimg.cn,"Access"
sina.com.cn,sina.com.cn,"Access"
sina.com.cn,sina.com.cn,"Access"
sina.com.cn,sina.com.cn,"Access"
sina.com.cn,sinaimg.cn,"Access"
sina.com.cn,sinaimg.cn,"Access"
sina.com.cn,sinaimg.cn,"Access"
sina.com.cn,sinaimg.cn,"Access"
sina.com.cn,sinaimg.cn,"Access"
sina.com.cn,sina.com.cn,"Access"
sina.com.cn,sina.com.cn,"Access"
sina.com.cn,sinaimg.cn,"Access"
sina.com.cn,sinaimg.cn,"Access"
sina.com.cn,sinaimg.cn,"Access"
sina.com.cn,sinaimg.cn,"Access"
sina.com.cn,sina.com.cn,"Access"
sina.com.cn,sinaimg.cn,"Access"
sina.com.cn,sinaimg.cn,"Access"
sina.com.cn,sinaimg.cn,"Access"
sina.com.cn,sinastorage.com,"Access"
sina.com.cn,esfimg.com,"Access"
sina.com.cn,sina.com.cn,"Access"
sina.com.cn,sina.com.cn,"Access"
sina.com.cn,sinajs.cn,"Access"
sina.com.cn,sinaimg.cn,"Access"
sina.com.cn,sina.com.cn,"Access"
sina.com.cn,sina.com.cn,"Access"
sina.com.cn,sinaimg.cn,"Access"
sina.com.cn,sina.com.cn,"Access"
sina.com.cn,sinaimg.cn,"Access"
sina.com.cn,sina.com.cn,"Access"
sina.com.cn,sinajs.cn,"Access"
sina.com.cn,sina.com.cn,"Access"
sina.com.cn,sina.com.cn,"Access"
sina.com.cn,sinajs.cn,"Access"
sina.com.cn,sina.com.cn,"Access"
sina.com.cn,sina.com.cn,"Access"
sina.com.cn,sina.com.cn,"Access"
sina.com.cn,sina.com.cn,"Access"
sina.com.cn,sina.com.cn,"Access"
sina.com.cn,sina.com.cn,"Access"
sina.com.cn,sinaimg.cn,"Access"
sina.com.cn,sina.com.cn,"Access"
sina.com.cn,sinaimg.cn,"Access"
sina.com.cn,sinaimg.cn,"Access"
sina.com.cn,sinaimg.cn,"Access"
sina.com.cn,sinaimg.cn,"Access"
sina.com.cn,sinaimg.cn,"Access"
sina.com.cn,sina.com.cn,"Access"
sina.com.cn,weibo.com,"Access"
sina.com.cn,sinaimg.cn,"Access"
sina.com.cn,sinaimg.cn,"Access"
sina.com.cn,sinaimg.cn,"Access"
sina.com.cn,sina.com.cn,"Access"
sina.com.cn,sina.com.cn,"Access"
sina.com.cn,sina.com.cn,"Access"
sina.com.cn,sinaimg.cn,"Access"
sina.com.cn,sina.com.cn,"Access"
sina.com.cn,sina.com.cn,"Access"
sina.com.cn,sinaimg.cn,"Access"
sina.com.cn,sina.com.cn,"Access"
sina.com.cn,sinaimg.cn,"Access"
sina.com.cn,sina.com.cn,"Access"
sina.com.cn,sinaimg.cn,"Access"
sina.com.cn,sinaimg.cn,"Access"
sina.com.cn,sina.com.cn,"Access"
sina.com.cn,sina.com.cn,"Access"
sina.com.cn,sina.com.cn,"Access"
sina.com.cn,sina.com.cn,"Access"
sina.com.cn,sina.com.cn,"Access"
sina.com.cn,sinaimg.cn,"Access"
sina.com.cn,sinaimg.cn,"Access"
sina.com.cn,sinaimg.cn,"Access"
sina.com.cn,sinaimg.cn,"Access"
sina.com.cn,sina.com.cn,"Access"
sina.com.cn,sina.com.cn,"Access"
sina.com.cn,sina.com.cn,"Access"
sina.com.cn,sina.com.cn,"Access"
sina.com.cn,sina.com.cn,"Access"
sina.com.cn,sina.com.cn,"Access"
sina.com.cn,sina.com.cn,"Access"
sina.com.cn,sina.com.cn,"Access"
sina.com.cn,sina.com.cn,"Access"
sina.com.cn,sina.com.cn,"Access"
sina.com.cn,sina.com.cn,"Access"
sina.com.cn,sina.com.cn,"Access"
sina.com.cn,sina.com.cn,"Access"
sina.com.cn,sina.com.cn,"Access"
sina.com.cn,sina.com.cn,"Access"
sina.com.cn,sina.com.cn,"Access"
sina.com.cn,sina.com.cn,"Access"
sina.com.cn,sina.com.cn,"Access"
sina.com.cn,sina.com.cn,"Access"
sina.com.cn,sina.com.cn,"Access"
sina.com.cn,sina.com.cn,"Access"
sina.com.cn,sina.com.cn,"Access"
sina.com.cn,sina.com.cn,"Access"
sina.com.cn,sina.com.cn,"Access"
sina.com.cn,sina.com.cn,"Access"
sina.com.cn,sina.com.cn,"Access"
sina.com.cn,sina.com.cn,"Access"
sina.com.cn,sina.com.cn,"Access"
sina.com.cn,sina.com.cn,"Access"
sina.com.cn,sina.com.cn,"Access"
sina.com.cn,sina.com.cn,"Access"
sina.com.cn,sina.com.cn,"Access"
sina.com.cn,sina.com.cn,"Access"
sina.com.cn,sina.com.cn,"Access"
sina.com.cn,sina.com.cn,"Access"
sina.com.cn,sina.com.cn,"Access"
sina.com.cn,sinaimg.cn,"Access"
sina.com.cn,sina.com.cn,"Access"
sina.com.cn,sinaimg.cn,"Access"
sina.com.cn,sina.com.cn,"Access"
sina.com.cn,sina.com.cn,"Access"
sina.com.cn,sina.com.cn,"Access"
sina.com.cn,sina.com.cn,"Access"
sina.com.cn,sina.com.cn,"Access"
sina.com.cn,sina.com.cn,"Access"
sina.com.cn,sinaimg.cn,"Access"
sina.com.cn,sina.com.cn,"Access"
sina.com.cn,sina.com.cn,"Access"
sina.com.cn,sina.com.cn,"Access"
sina.com.cn,sina.com.cn,"Access"
sina.com.cn,sina.com.cn,"Access"
sina.com.cn,sina.com.cn,"Access"
sina.com.cn,sina.com.cn,"Access"
sina.com.cn,sinaimg.cn,"Access"
sina.com.cn,sina.com.cn,"Access"
sina.com.cn,sinaimg.cn,"Access"
sina.com.cn,sinaimg.cn,"Access"
sina.com.cn,sinaimg.cn,"Access"
sina.com.cn,sinaimg.cn,"Access"
sina.com.cn,sinaimg.cn,"Access"
sina.com.cn,sinaimg.cn,"Access"
sina.com.cn,sinaimg.cn,"Access"
sina.com.cn,sinaimg.cn,"Access"
sina.com.cn,sina.com.cn,"Access"
sina.com.cn,sinaimg.cn,"Access"
sina.com.cn,sinaimg.cn,"Access"
sina.com.cn,sinaimg.cn,"Access"
sina.com.cn,sinaimg.cn,"Access"
sina.com.cn,sinaimg.cn,"Access"
sina.com.cn,sinaimg.cn,"Access"
sina.com.cn,sina.com.cn,"Access"
sina.com.cn,sina.com.cn,"Access"
sina.com.cn,sina.com.cn,"Access"
sina.com.cn,sina.com.cn,"Access"
sina.com.cn,sina.com.cn,"Access"
sina.com.cn,sina.com.cn,"Access"
sina.com.cn,sina.com.cn,"Access"
sina.com.cn,sinaimg.cn,"Access"
sina.com.cn,sinaimg.cn,"Access"
sina.com.cn,sinaimg.cn,"Access"
sina.com.cn,sinaimg.cn,"Access"
sina.com.cn,sina.com.cn,"Access"
sina.com.cn,sinaimg.cn,"Access"
sina.com.cn,sinaimg.cn,"Access"
sina.com.cn,sina.com.cn,"Access"
sina.com.cn,sina.com.cn,"Access"
sina.com.cn,sinaimg.cn,"Access"
sina.com.cn,sina.com.cn,"Access"
sina.com.cn,sina.com.cn,"Access"
sina.com.cn,sinaimg.cn,"Access"
sina.com.cn,sina.com.cn,"Access"
sina.com.cn,sinaimg.cn,"Access"
sina.com.cn,sina.com.cn,"Access"
sina.com.cn,sina.com.cn,"Access"
sina.com.cn,sinaimg.cn,"Access"
sina.com.cn,sinaimg.cn,"Access"
sina.com.cn,sinaimg.cn,"Access"
sina.com.cn,sinaimg.cn,"Access"
sina.com.cn,sinaimg.cn,"Access"
sina.com.cn,sinaimg.cn,"Access"
sina.com.cn,sinaimg.cn,"Access"
sina.com.cn,sinaimg.cn,"Access"
sina.com.cn,sina.com.cn,"Access"
sina.com.cn,sinaimg.cn,"Access"
sina.com.cn,sinaimg.cn,"Access"
sina.com.cn,sinaimg.cn,"Access"
sina.com.cn,sina.com.cn,"Access"
sina.com.cn,sinaimg.cn,"Access"
sina.com.cn,sinaimg.cn,"Access"
sina.com.cn,sina.com.cn,"Access"
sina.com.cn,sinaimg.cn,"Access"
sina.com.cn,sina.com.cn,"Access"
sina.com.cn,sina.com.cn,"Access"
sina.com.cn,sinaimg.cn,"Access"
sina.com.cn,sinaimg.cn,"Access"
sina.com.cn,sina.com.cn,"Access"
sina.com.cn,sina.com.cn,"Access"
sina.com.cn,sinaimg.cn,"Access"
sina.com.cn,sinaimg.cn,"Access"
sina.com.cn,sina.com.cn,"Access"
sina.com.cn,sina.com.cn,"Access"
sina.com.cn,sina.com.cn,"Access"
sina.com.cn,sina.com.cn,"Access"
sina.com.cn,sina.com.cn,"Access"
sina.com.cn,sina.com.cn,"Access"
sina.com.cn,sina.com.cn,"Access"
sina.com.cn,sina.com.cn,"Access"
sina.com.cn,sina.com.cn,"Access"
sina.com.cn,sina.com.cn,"Access"
sina.com.cn,sina.com.cn,"Access"
sina.com.cn,sina.com.cn,"Access"
sina.com.cn,sina.com.cn,"Access"
sina.com.cn,sina.com.cn,"Access"
sina.com.cn,sinaimg.cn,"Access"
sina.com.cn,sinaimg.cn,"Access"
sina.com.cn,sina.com.cn,"Access"
sina.com.cn,sina.com.cn,"Access"
sina.com.cn,sinaimg.cn,"Access"
sina.com.cn,sinaimg.cn,"Access"
sina.com.cn,sinaimg.cn,"Access"
sina.com.cn,sina.com.cn,"Access"
sina.com.cn,sina.com.cn,"Access"
sina.com.cn,sina.com.cn,"Access"
sina.com.cn,sina.com.cn,"Access"
sina.com.cn,sina.com.cn,"Access"
sina.com.cn,sina.com.cn,"Access"
sina.com.cn,sina.com.cn,"Access"
sina.com.cn,sinaimg.cn,"Access"
sina.com.cn,sina.com.cn,"Access"
sina.com.cn,sina.com.cn,"Access"
sina.com.cn,sina.com.cn,"Access"
sina.com.cn,sina.com.cn,"Access"
sina.com.cn,sina.com.cn,"Access"
sina.com.cn,sina.com.cn,"Access"
sina.com.cn,sina.com.cn,"Access"
sina.com.cn,sina.com.cn,"Access"
sina.com.cn,sina.com.cn,"Access"
sina.com.cn,sina.com.cn,"Access"
sina.com.cn,sina.com.cn,"Access"
sina.com.cn,sina.com.cn,"Access"
sina.com.cn,sina.com.cn,"Access"
sina.com.cn,sinaimg.cn,"Access"
sina.com.cn,sina.com.cn,"Access"
sina.com.cn,sinaimg.cn,"Access"
sina.com.cn,sina.com.cn,"Access"
sina.com.cn,sina.com.cn,"Access"
sina.com.cn,sina.com.cn,"Access"
sina.com.cn,sina.com.cn,"Access"
sina.com.cn,sina.com.cn,"Access"
sina.com.cn,sina.com.cn,"Access"
sina.com.cn,sina.com.cn,"Access"
sina.com.cn,sina.com.cn,"Access"
sina.com.cn,sina.com.cn,"Access"
sina.com.cn,sina.com.cn,"Access"
sina.com.cn,sina.com.cn,"Access"
sina.com.cn,sina.com.cn,"Access"
sina.com.cn,sina.com.cn,"Access"
sina.com.cn,sina.com.cn,"Access"
sina.com.cn,sina.com.cn,"Access"
sina.com.cn,sina.com.cn,"Access"
sina.com.cn,sina.com.cn,"Access"
sina.com.cn,sina.com.cn,"Access"
sina.com.cn,sina.com.cn,"Access"
sina.com.cn,sina.com.cn,"Access"
sina.com.cn,sina.com.cn,"Access"
sina.com.cn,sina.com.cn,"Access"
sina.com.cn,sina.com.cn,"Access"
sina.com.cn,sina.com.cn,"Access"
sina.com.cn,sinaimg.cn,"Access"
sina.com.cn,sina.com.cn,"Access"
sina.com.cn,sina.com.cn,"Access"
sina.com.cn,sina.com.cn,"Access"
sina.com.cn,sina.com.cn,"Access"
sina.com.cn,sina.com.cn,"Access"
sina.com.cn,sina.com.cn,"Access"
sina.com.cn,sina.com.cn,"Access"
sina.com.cn,sina.com.cn,"Access"
sina.com.cn,sina.com.cn,"Access"
sina.com.cn,sina.com.cn,"Access"
sina.com.cn,sina.com.cn,"Access"
sina.com.cn,sina.com.cn,"Access"
sina.com.cn,sina.com.cn,"Access"
sina.com.cn,sina.com.cn,"Access"
sina.com.cn,sina.com.cn,"Access"
sina.com.cn,sina.com.cn,"Access"
sina.com.cn,sina.com.cn,"Access"
sina.com.cn,sinaimg.cn,"Access"
sina.com.cn,sina.com.cn,"Access"
sina.com.cn,sina.com.cn,"Access"
sina.com.cn,sina.com.cn,"Access"
sina.com.cn,sina.com.cn,"Access"
sina.com.cn,alicdn.com,"Access"
baifendian.com,sina.com.cn,"Access"
sina.com.cn,weibo.com,"Access"
sina.com.cn,weibo.com,"Access"
sina.com.cn,sinaimg.cn,"Access"
sina.com.cn,sina.com.cn,"Access"
sina.com.cn,sina.com.cn,"Access"
gtags.net,sina.com.cn,"Access"
sina.com.cn,sina.com.cn,"Access"
sina.com.cn,sina.com.cn,"Access"
miaozhen.com,sina.com.cn,"Access"
sina.com.cn,sina.com.cn,"Access"
sina.com.cn,sina.com.cn,"Access"
sina.com.cn,sina.com.cn,"Access"
sina.com.cn,sinajs.cn,"Access"
sina.com.cn,alicdn.com,"Access"
sina.com.cn,leju.com,"Access"
sina.com.cn,weibo.com,"Access"
sina.com.cn,alicdn.com,"Access"
sina.com.cn,alicdn.com,"Access"
sina.com.cn,alicdn.com,"Access"
sina.com.cn,alicdn.com,"Access"
sina.com.cn,alicdn.com,"Access"
sina.com.cn,weibo.com,"Access"
sina.com.cn,sina.com.cn,"Access"
sina.com.cn,alicdn.com,"Access"
sina.com.cn,qq.com,"Access"
sina.com.cn,alicdn.com,"Access"
sina.com.cn,sina.com.cn,"Access"
sina.com.cn,alicdn.com,"Access"
sina.com.cn,sina.com.cn,"Access"
sina.com.cn,sina.com.cn,"Access"
sina.com.cn,sina.com.cn,"Access"
sina.com.cn,sina.com.cn,"Access"
sina.com.cn,taobao.com,"Access"
sina.com.cn,uuzuonline.com,"Access"
sina.com.cn,alicdn.com,"Access"
sina.com.cn,alibaba.com,"Access"
sina.com.cn,sina.com.cn,"Access"
sina.com.cn,sina.com.cn,"Access"
sina.com.cn,sina.com.cn,"Access"
sina.com.cn,sina.com.cn,"Access"
sina.com.cn,sinajs.cn,"Access"
sina.com.cn,taobaocdn.com,"Access"
sina.com.cn,sinajs.cn,"Access"
sina.com.cn,taobao.com,"Access"
sina.com.cn,taobao.com,"Access"
sina.com.cn,sina.com.cn,"Access"
sina.com.cn,alicdn.com,"Access"
sina.com.cn,sina.com.cn,"Access"
sina.com.cn,taobaocdn.com,"Access"
sina.com.cn,taobao.com,"Access"
sina.com.cn,jd.com,"Access"
sina.com.cn,sina.com.cn,"Access"
sina.com.cn,alicdn.com,"Access"
sina.com.cn,taobaocdn.com,"Access"
sina.com.cn,sinajs.cn,"Access"
sina.com.cn,sina.com.cn,"Access"
sina.com.cn,taobao.com,"Access"
sina.com.cn,alicdn.com,"Access"
sina.com.cn,jd.com,"Access"
sina.com.cn,alicdn.com,"Access"
sina.com.cn,alicdn.com,"Access"
sina.com.cn,jd.com,"Access"
sina.com.cn,jd.com,"Access"
sina.com.cn,3.cn,"Access"
sina.com.cn,taobaocdn.com,"Access"
sina.com.cn,jd.com,"Access"
sina.com.cn,jd.com,"Access"
sina.com.cn,jd.com,"Access"
sina.com.cn,jd.com,"Access"
sina.com.cn,sina.com.cn,"Access"
sina.com.cn,sinajs.cn,"Access"
sina.com.cn,jd.com,"Access"
sina.com.cn,jd.com,"Access"
sina.com.cn,taobao.com,"Access"
sina.com.cn,jd.com,"Access"
sina.com.cn,jd.com,"Access"
sina.com.cn,jd.com,"Access"
sina.com.cn,jd.com,"Access"
sina.com.cn,sina.com.cn,"Access"
sina.com.cn,taobao.com,"Access"
sina.com.cn,alicdn.com,"Access"
sina.com.cn,alicdn.com,"Access"
sina.com.cn,alicdn.com,"Access"
sina.com.cn,alicdn.com,"Access"
sina.com.cn,jd.com,"Access"
sina.com.cn,taobaocdn.com,"Access"
sina.com.cn,weibo.com,"Access"
sina.com.cn,alipay.com,"Access"
sina.com.cn,sina.com.cn,"Access"
sina.com.cn,jd.com,"Access"
sina.com.cn,sina.com.cn,"Access"
sina.com.cn,sinajs.cn,"Access"
sina.com.cn,taobaocdn.com,"Access"
sina.com.cn,jd.com,"Access"
sina.com.cn,alicdn.com,"Access"
sina.com.cn,jd.com,"Access"
sina.com.cn,jd.com,"Access"
sina.com.cn,jd.com,"Access"
sina.com.cn,alibaba.com,"Access"
sina.com.cn,alicdn.com,"Access"
sina.com.cn,alicdn.com,"Access"
sina.com.cn,jd.com,"Access"
sina.com.cn,alicdn.com,"Access"
sina.com.cn,sinajs.cn,"Access"
sina.com.cn,alicdn.com,"Access"
sina.com.cn,taobaocdn.com,"Access"
sina.com.cn,jd.com,"Access"
sina.com.cn,alicdn.com,"Access"
sina.com.cn,taobaocdn.com,"Access"
sina.com.cn,alicdn.com,"Access"
sina.com.cn,alicdn.com,"Access"
sina.com.cn,sinajs.cn,"Access"
sina.com.cn,taobaocdn.com,"Access"
sina.com.cn,sinajs.cn,"Access"
sina.com.cn,sina.com.cn,"Access"
sina.com.cn,sina.com.cn,"Access"
sina.com.cn,sina.com.cn,"Access"
sina.com.cn,sinaimg.cn,"Access"
sina.com.cn,sinaimg.cn,"Access"
weibo.com,weibo.com,"Access"
weibo.com,weibo.com,"Access"
weibo.com,weibo.com,"Access"
weibo.com,sina.com,"Access"
weibo.com,sina.com,"Access"
weibo.com,sina.com,"Access"
weibo.com,sina.com,"Access"
weibo.com,sina.com,"Access"
weibo.com,sina.com,"Access"
weibo.com,sina.com,"Access"
weibo.com,sina.com,"Access"
weibo.com,sina.com,"Access"
weibo.com,sina.com,"Access"
weibo.com,sina.com,"Access"
weibo.com,sina.com.cn,"Access"
weibo.com,weibo.com,"Access"
weibo.com,weibo.com,"Access"
weibo.com,weibo.com,"Access"
weibo.com,weibo.com,"Access"
weibo.com,weibo.com,"Access"
weibo.com,weibo.com,"Access"
weibo.com,weibo.com,"Access"
weibo.com,weibo.com,"Access"
weibo.com,weibo.com,"Access"
weibo.com,weibo.com,"Access"
weibo.com,weibo.com,"Access"
weibo.com,weibo.com,"Access"
weibo.com,weibo.com,"Access"
weibo.com,sina.com,"Access"
weibo.com,sina.com,"Access"
weibo.com,sina.com,"Access"
weibo.com,sina.com,"Access"
weibo.com,sina.com,"Access"
weibo.com,sina.com,"Access"
weibo.com,sina.com,"Access"
weibo.com,sina.com,"Access"
weibo.com,sina.com,"Access"
weibo.com,sina.com,"Access"
weibo.com,sina.com,"Access"
weibo.com,sina.com,"Access"
weibo.com,sina.com,"Access"
weibo.com,sina.com,"Access"
weibo.com,sina.com,"Access"
weibo.com,sina.com,"Access"
weibo.com,sina.com,"Access"
weibo.com,sina.com,"Access"
weibo.com,sina.com,"Access"
weibo.com,sina.com,"Access"
weibo.com,sina.com,"Access"
weibo.com,sina.com,"Access"
weibo.com,sinaimg.cn,"Access"
weibo.com,sinaimg.cn,"Access"
weibo.com,sinaimg.cn,"Access"
weibo.com,sinaimg.cn,"Access"
weibo.com,weibo.com,"Access"
weibo.com,sina.com,"Access"
weibo.com,sina.com,"Access"
weibo.com,sinaimg.cn,"Access"
weibo.com,sinaimg.cn,"Access"
weibo.com,sinaimg.cn,"Access"
weibo.com,sinaimg.cn,"Access"
weibo.com,sinaimg.cn,"Access"
weibo.com,sinaimg.cn,"Access"
weibo.com,sinaimg.cn,"Access"
weibo.com,sinaimg.cn,"Access"
weibo.com,sinaimg.cn,"Access"
weibo.com,google-analytics.com,"Access"
weibo.com,gstatic.com,"Access"
weibo.com,google-analytics.com,"Access"
weibo.com,weibo.com,"Access"
weibo.com,weibo.com,"Access"
weibo.com,weibo.com,"Access"
weibo.com,sina.com,"Access"
weibo.com,weibo.com,"Access"
weibo.com,weibo.com,"Access"
weibo.com,weibo.com,"Access"
weibo.com,weibo.com,"Access"
yahoo.co.jp,yahoo.co.jp,"Access"
yahoo.co.jp,yahoo.co.jp,"Access"
yahoo.co.jp,yimg.jp,"Access"
yahoo.co.jp,yimg.jp,"Access"
yahoo.co.jp,yimg.jp,"Access"
yahoo.co.jp,yahoo.co.jp,"Access"
yahoo.co.jp,yimg.jp,"Access"
yahoo.co.jp,yimg.jp,"Access"
yahoo.co.jp,yimg.jp,"Access"
yahoo.co.jp,yimg.jp,"Access"
yahoo.co.jp,yimg.jp,"Access"
yahoo.co.jp,yimg.jp,"Access"
yahoo.co.jp,yimg.jp,"Access"
yahoo.co.jp,yimg.jp,"Access"
yahoo.co.jp,yimg.jp,"Access"
yahoo.co.jp,yimg.jp,"Access"
yahoo.co.jp,yimg.jp,"Access"
yahoo.co.jp,yimg.jp,"Access"
yahoo.co.jp,yimg.jp,"Access"
yahoo.co.jp,yimg.jp,"Access"
yahoo.co.jp,yimg.jp,"Access"
yahoo.co.jp,yimg.jp,"Access"
yahoo.co.jp,yimg.jp,"Access"
yahoo.co.jp,yimg.jp,"Access"
yahoo.co.jp,yimg.jp,"Access"
yahoo.co.jp,yimg.jp,"Access"
yahoo.co.jp,yimg.jp,"Access"
yahoo.co.jp,yimg.jp,"Access"
yahoo.co.jp,yimg.jp,"Access"
yahoo.co.jp,yimg.jp,"Access"
yahoo.co.jp,yimg.jp,"Access"
yahoo.co.jp,yimg.jp,"Access"
yahoo.co.jp,yimg.jp,"Access"
yahoo.co.jp,yimg.jp,"Access"
yahoo.co.jp,yimg.jp,"Access"
yahoo.co.jp,yimg.jp,"Access"
yahoo.co.jp,yimg.jp,"Access"
yahoo.co.jp,yimg.jp,"Access"
yahoo.co.jp,yimg.jp,"Access"
yahoo.co.jp,yimg.jp,"Access"
yahoo.co.jp,yimg.jp,"Access"
yahoo.co.jp,yimg.jp,"Access"
yahoo.co.jp,yimg.jp,"Access"
yahoo.co.jp,yimg.jp,"Access"
yahoo.co.jp,yimg.jp,"Access"
yahoo.co.jp,yahoo.co.jp,"Access"
yahoo.co.jp,yimg.jp,"Access"
yahoo.co.jp,yahoo.co.jp,"Access"
yahoo.co.jp,yimg.jp,"Access"
yahoo.co.jp,yimg.jp,"Access"
yahoo.co.jp,yimg.jp,"Access"
yahoo.co.jp,yahoo.co.jp,"Access"
yahoo.co.jp,yahoo.co.jp,"Access"
yahoo.co.jp,yahoo.co.jp,"Access"
yahoo.co.jp,yimg.jp,"Access"
yahoo.co.jp,yahoo.co.jp,"Access"
yahoo.co.jp,yimg.jp,"Access"
yahoo.co.jp,yahoo.co.jp,"Access"
yahoo.com,yahoo.co.jp,"Access"
yahoo.co.jp,yahoo.co.jp,"Access"
yahoo.co.jp,yahoo.co.jp,"Access"
bing.com,live.com,"Access"
google.co.jp,google.co.jp,"Access"
google.co.jp,google.co.jp,"Access"
google.co.jp,google.co.jp,"Access"
google.co.jp,google.co.jp,"Access"
google.co.jp,google.co.jp,"Access"
google.co.jp,google.co.jp,"Access"
google.co.jp,gstatic.com,"Access"
google.co.jp,google.co.jp,"Access"
google.co.jp,google.co.jp,"Access"
google.co.jp,google.co.jp,"Access"
google.co.jp,gstatic.com,"Access"
msn.com,akamaized.net,"Access"
msn.com,akamaized.net,"Access"
msn.com,akamaized.net,"Access"
msn.com,akamaized.net,"Access"
msn.com,akamaized.net,"Access"
msn.com,akamaized.net,"Access"
msn.com,akamaized.net,"Access"
msn.com,akamaized.net,"Access"
msn.com,akamaized.net,"Access"
msn.com,akamaized.net,"Access"
msn.com,akamaized.net,"Access"
msn.com,akamaized.net,"Access"
msn.com,akamaized.net,"Access"
msn.com,akamaized.net,"Access"
msn.com,akamaized.net,"Access"
msn.com,akamaized.net,"Access"
msn.com,akamaized.net,"Access"
msn.com,akamaized.net,"Access"
msn.com,akamaized.net,"Access"
msn.com,akamaized.net,"Access"
msn.com,akamaized.net,"Access"
msn.com,akamaized.net,"Access"
msn.com,s-msn.com,"Access"
msn.com,akamaized.net,"Access"
msn.com,akamaized.net,"Access"
msn.com,akamaized.net,"Access"
msn.com,akamaized.net,"Access"
msn.com,akamaized.net,"Access"
msn.com,akamaized.net,"Access"
msn.com,akamaized.net,"Access"
msn.com,akamaized.net,"Access"
msn.com,akamaized.net,"Access"
msn.com,akamaized.net,"Access"
msn.com,akamaized.net,"Access"
msn.com,akamaized.net,"Access"
msn.com,akamaized.net,"Access"
msn.com,akamaized.net,"Access"
msn.com,akamaized.net,"Access"
msn.com,akamaized.net,"Access"
msn.com,akamaized.net,"Access"
msn.com,akamaized.net,"Access"
msn.com,akamaized.net,"Access"
msn.com,live.com,"Access"
msn.com,grvcdn.com,"Access"
msn.com,akamaized.net,"Access"
msn.com,s-msn.com,"Access"
msn.com,akamaized.net,"Access"
msn.com,akamaized.net,"Access"
msn.com,akamaized.net,"Access"
msn.com,akamaized.net,"Access"
msn.com,akamaized.net,"Access"
msn.com,akamaized.net,"Access"
msn.com,akamaized.net,"Access"
msn.com,akamaized.net,"Access"
vk.com,vk.com,"Access"
vk.com,vk.com,"Access"
vk.com,vk.com,"Access"
vk.com,vk.com,"Access"
vk.com,vk.com,"Access"
vk.com,vk.com,"Access"
vk.com,vk.com,"Access"
vk.com,vk.com,"Access"
vk.com,vk.com,"Access"
vk.com,vk.com,"Access"
vk.com,vk.com,"Access"
vk.com,vk.com,"Access"
vk.com,vk.com,"Access"
vk.com,vk.com,"Access"
vk.com,vk.com,"Access"
vk.com,vk.com,"Access"
vk.com,vk.com,"Access"
vk.com,vk.com,"Access"
vk.com,vk.com,"Access"
vk.com,yadro.ru,"Access"
vk.com,mail.ru,"Access"
vk.com,vk.com,"Access"
vk.com,vk.com,"Access"
vk.com,mail.ru,"Access"
vk.com,vk.com,"Access"
vk.com,vk.com,"Access"
vk.com,mail.ru,"Access"
yandex.ru,yandex.ru,"Access"
yandex.ru,yandex.ru,"Access"
yandex.ru,yandex.ru,"Access"
yandex.ru,yandex.ru,"Access"
yandex.ru,yastatic.net,"Access"
yandex.ru,yastatic.net,"Access"
yandex.ru,yastatic.net,"Access"
yandex.ru,yastatic.net,"Access"
yandex.ru,yastatic.net,"Access"
yandex.ru,yastatic.net,"Access"
yandex.ru,yastatic.net,"Access"
yandex.ru,yastatic.net,"Access"
yandex.ru,yastatic.net,"Access"
yandex.ru,yandex.ru,"Access"
yandex.ru,yandex.ru,"Access"
yandex.ru,yastatic.net,"Access"
yandex.ru,yastatic.net,"Access"
yandex.ru,yastatic.net,"Access"
yandex.ru,yandex.ru,"Access"
yandex.ru,yastatic.net,"Access"
yandex.ru,yandex.ru,"Access"
yandex.ru,yandex.ru,"Access"
yandex.ru,yandex.ru,"Access"
yandex.ru,yastatic.net,"Access"
yandex.ru,yandex.ru,"Access"
yandex.ru,yandex.ru,"Access"
yandex.ru,yastatic.net,"Access"
yandex.ru,yastatic.net,"Access"
yandex.ru,yandex.net,"Access"
yandex.ru,yandex.ru,"Access"
yandex.ru,yandex.ru,"Access"
yandex.ru,yandex.ru,"Access"
yandex.ru,yandex.ru,"Access"
yandex.ru,yandex.ru,"Access"
yandex.ru,yandex.ru,"Access"
yandex.ru,yandex.ru,"Access"
yandex.ru,yastatic.net,"Access"
yandex.ru,yastatic.net,"Access"
yandex.ru,yastatic.net,"Access"
linkedin.com,licdn.com,"Access"
linkedin.com,licdn.com,"Access"
linkedin.com,licdn.com,"Access"
linkedin.com,licdn.com,"Access"
linkedin.com,licdn.com,"Access"
linkedin.com,licdn.com,"Access"
linkedin.com,licdn.com,"Access"
linkedin.com,licdn.com,"Access"
linkedin.com,licdn.com,"Access"
linkedin.com,licdn.com,"Access"
linkedin.com,google-analytics.com,"Access"
linkedin.com,licdn.com,"Access"
linkedin.com,licdn.com,"Access"
ebay.com,ebayimg.com,"Access"
ebay.com,ebayimg.com,"Access"
ebay.com,ebayimg.com,"Access"
ebay.com,ebayrtm.com,"Access"
ebay.com,ebayimg.com,"Access"
ebay.com,ebayimg.com,"Access"
ebay.com,ebayimg.com,"Access"
ebay.com,ebayimg.com,"Access"
ebay.com,ebayimg.com,"Access"
ebay.com,ebayimg.com,"Access"
ebay.com,ebayimg.com,"Access"
ebay.com,ebayimg.com,"Access"
ebay.com,ebayimg.com,"Access"
ebay.com,ebayimg.com,"Access"
ebay.com,ebayimg.com,"Access"
ebay.com,ebayimg.com,"Access"
ebay.com,ebayimg.com,"Access"
ebay.com,ebayimg.com,"Access"
ebay.com,ebayrtm.com,"Access"
ebayrtm.com,ebayrtm.com,"Access"
ebay.com,ebayimg.com,"Access"
ebay.com,ebayimg.com,"Access"
ebay.com,ebayimg.com,"Access"
ebay.com,ebayimg.com,"Access"
ebay.com,ebayimg.com,"Access"
ebay.com,ebayimg.com,"Access"
ebay.com,ebayimg.com,"Access"
ebay.com,ebayimg.com,"Access"
ebay.com,ebayimg.com,"Access"
ebay.com,ebayimg.com,"Access"
ebay.com,ebayimg.com,"Access"
ebay.com,ebayimg.com,"Access"
ebay.com,ebayimg.com,"Access"
ebay.com,ebayimg.com,"Access"
ebay.com,ebayimg.com,"Access"
ebay.com,ebayimg.com,"Access"
ebay.com,ebayimg.com,"Access"
ebay.com,ebayimg.com,"Access"
ebay.com,ebayimg.com,"Access"
ebay.com,ebayimg.com,"Access"
ebay.com,ebayimg.com,"Access"
ebay.com,ebayimg.com,"Access"
ebay.com,ebayimg.com,"Access"
ebay.com,ebayimg.com,"Access"
ebay.com,ebayimg.com,"Access"
ebay.com,ebayimg.com,"Access"
ebay.com,ebayimg.com,"Access"
ebay.com,ebayimg.com,"Access"
ebay.com,ebayimg.com,"Access"
ebay.com,ebayimg.com,"Access"
ebay.com,ebayimg.com,"Access"
ebay.com,ebayimg.com,"Access"
ebay.com,ebayimg.com,"Access"
ebay.com,ebayimg.com,"Access"
ebay.com,ebayimg.com,"Access"
ebay.com,ebayimg.com,"Access"
ebay.com,ebayimg.com,"Access"
ebay.com,ebayimg.com,"Access"
ebay.com,ebayimg.com,"Access"
ebay.com,ebayimg.com,"Access"
ebay.com,ebayimg.com,"Access"
ebay.com,ebayimg.com,"Access"
ebay.com,ebayimg.com,"Access"
ebay.com,ebayimg.com,"Access"
ebay.com,ebayimg.com,"Access"
ebay.com,ebayimg.com,"Access"
ebay.com,ebayimg.com,"Access"
ebay.com,ebayimg.com,"Access"
ebay.com,ebayimg.com,"Access"
ebay.com,ebayimg.com,"Access"
ebay.com,ebayimg.com,"Access"
ebay.com,ebayimg.com,"Access"
ebay.com,ebayimg.com,"Access"
ebay.com,ebayimg.com,"Access"
ebay.com,ebayimg.com,"Access"
ebay.com,ebayimg.com,"Access"
ebay.com,ebayimg.com,"Access"
ebay.com,ebayimg.com,"Access"
ebay.com,ebayimg.com,"Access"
ebay.com,ebayimg.com,"Access"
ebay.com,ebayimg.com,"Access"
ebay.com,ebayimg.com,"Access"
ebay.com,ebayimg.com,"Access"
ebay.com,ebayimg.com,"Access"
ebay.com,ebayimg.com,"Access"
ebay.com,ebayimg.com,"Access"
ebay.com,ebayimg.com,"Access"
ebay.com,ebayimg.com,"Access"
ebay.com,ebayimg.com,"Access"
ebay.com,ebayimg.com,"Access"
ebay.com,ebayimg.com,"Access"
ebay.com,ebayimg.com,"Access"
ebay.com,ebayimg.com,"Access"
ebay.com,ebayimg.com,"Access"
ebay.com,ebayimg.com,"Access"
ebay.com,ebayimg.com,"Access"
ebay.com,ebayimg.com,"Access"
ebay.com,ebayimg.com,"Access"
ebay.com,ebayimg.com,"Access"
ebay.com,ebayimg.com,"Access"
ebay.com,ebayimg.com,"Access"
ebay.com,ebayimg.com,"Access"
ebay.com,ebayimg.com,"Access"
ebay.com,ebayimg.com,"Access"
ebay.com,ebayimg.com,"Access"
ebay.com,ebayimg.com,"Access"
ebay.com,ebayimg.com,"Access"
ebay.com,ebayimg.com,"Access"
ebay.com,ebayimg.com,"Access"
ebay.com,ebayimg.com,"Access"
ebay.com,ebayimg.com,"Access"
ebay.com,ebayimg.com,"Access"
ebay.com,ebayimg.com,"Access"
ebay.com,ebayimg.com,"Access"
ebay.com,ebayimg.com,"Access"
ebay.com,ebayimg.com,"Access"
ebay.com,ebayimg.com,"Access"
ebay.com,ebayimg.com,"Access"
ebay.com,ebayimg.com,"Access"
ebay.com,ebayimg.com,"Access"
ebay.com,ebayimg.com,"Access"
ebay.com,ebayimg.com,"Access"
ebay.com,ebayimg.com,"Access"
ebay.com,ebayimg.com,"Access"
ebay.com,ebayimg.com,"Access"
ebay.com,ebayimg.com,"Access"
ebay.com,ebayimg.com,"Access"
ebay.com,ebayimg.com,"Access"
ebay.com,ebayimg.com,"Access"
ebay.com,ebayimg.com,"Access"
ebay.com,ebayimg.com,"Access"
ebay.com,ebayimg.com,"Access"
ebay.com,ebayimg.com,"Access"
ebay.com,ebayimg.com,"Access"
ebay.com,ebayimg.com,"Access"
hao123.com,hao123.com,"Access"
hao123.com,hao123.com,"Access"
hao123.com,hao123.com,"Access"
hao123.com,bdstatic.com,"Access"
hao123.com,bdstatic.com,"Access"
hao123.com,bdstatic.com,"Access"
hao123.com,bdstatic.com,"Access"
hao123.com,bdstatic.com,"Access"
hao123.com,bdstatic.com,"Access"
hao123.com,bdstatic.com,"Access"
hao123.com,bdstatic.com,"Access"
hao123.com,bdstatic.com,"Access"
hao123.com,bdstatic.com,"Access"
hao123.com,bdstatic.com,"Access"
hao123.com,bdstatic.com,"Access"
hao123.com,bdstatic.com,"Access"
hao123.com,bdstatic.com,"Access"
hao123.com,bdstatic.com,"Access"
hao123.com,bdstatic.com,"Access"
hao123.com,bdstatic.com,"Access"
hao123.com,hao123.com,"Access"
hao123.com,bdstatic.com,"Access"
hao123.com,bdstatic.com,"Access"
hao123.com,bdstatic.com,"Access"
hao123.com,bdstatic.com,"Access"
hao123.com,bdstatic.com,"Access"
hao123.com,bdstatic.com,"Access"
hao123.com,bdstatic.com,"Access"
hao123.com,bdstatic.com,"Access"
hao123.com,bdstatic.com,"Access"
hao123.com,bdstatic.com,"Access"
hao123.com,bdstatic.com,"Access"
hao123.com,bdstatic.com,"Access"
hao123.com,bdstatic.com,"Access"
hao123.com,bdstatic.com,"Access"
hao123.com,bdstatic.com,"Access"
hao123.com,bdstatic.com,"Access"
hao123.com,bdstatic.com,"Access"
hao123.com,bdstatic.com,"Access"
hao123.com,bdstatic.com,"Access"
hao123.com,hao123.com,"Access"
hao123.com,bdstatic.com,"Access"
hao123.com,bdstatic.com,"Access"
hao123.com,bdstatic.com,"Access"
hao123.com,bdstatic.com,"Access"
hao123.com,bdstatic.com,"Access"
hao123.com,hao123.com,"Access"
hao123.com,bdstatic.com,"Access"
hao123.com,bdstatic.com,"Access"
hao123.com,bdstatic.com,"Access"
hao123.com,bdstatic.com,"Access"
hao123.com,bdstatic.com,"Access"
hao123.com,bdstatic.com,"Access"
hao123.com,bdstatic.com,"Access"
hao123.com,hao123.com,"Access"
hao123.com,bdstatic.com,"Access"
hao123.com,bdstatic.com,"Access"
hao123.com,bdstatic.com,"Access"
hao123.com,bdstatic.com,"Access"
hao123.com,bdstatic.com,"Access"
hao123.com,bdstatic.com,"Access"
hao123.com,bdstatic.com,"Access"
hao123.com,hao123.com,"Access"
hao123.com,hao123.com,"Access"
hao123.com,bdstatic.com,"Access"
hao123.com,bdstatic.com,"Access"
hao123.com,bdstatic.com,"Access"
hao123.com,bdstatic.com,"Access"
hao123.com,bdstatic.com,"Access"
hao123.com,hao123.com,"Access"
hao123.com,bdstatic.com,"Access"
hao123.com,hao123.com,"Access"
hao123.com,hao123.com,"Access"
hao123.com,bdstatic.com,"Access"
hao123.com,bdstatic.com,"Access"
hao123.com,hao123.com,"Access"
hao123.com,bdstatic.com,"Access"
hao123.com,hao123.com,"Access"
hao123.com,bdstatic.com,"Access"
hao123.com,hao123.com,"Access"
hao123.com,hao123.com,"Access"
hao123.com,hao123.com,"Access"
hao123.com,bdstatic.com,"Access"
hao123.com,bdstatic.com,"Access"
hao123.com,hao123.com,"Access"
hao123.com,hao123.com,"Access"
hao123.com,bdstatic.com,"Access"
hao123.com,hao123.com,"Access"
hao123.com,bdstatic.com,"Access"
hao123.com,hao123.com,"Access"
hao123.com,bdstatic.com,"Access"
hao123.com,bdstatic.com,"Access"
hao123.com,bdstatic.com,"Access"
hao123.com,bdstatic.com,"Access"
hao123.com,bdstatic.com,"Access"
hao123.com,bdstatic.com,"Access"
hao123.com,bdstatic.com,"Access"
hao123.com,bdstatic.com,"Access"
hao123.com,hao123.com,"Access"
hao123.com,bdstatic.com,"Access"
hao123.com,bdstatic.com,"Access"
hao123.com,bdstatic.com,"Access"
hao123.com,bdstatic.com,"Access"
hao123.com,hao123.com,"Access"
hao123.com,bdstatic.com,"Access"
hao123.com,bdstatic.com,"Access"
hao123.com,bdstatic.com,"Access"
hao123.com,bdstatic.com,"Access"
hao123.com,bdstatic.com,"Access"
hao123.com,bdstatic.com,"Access"
hao123.com,hao123.com,"Access"
hao123.com,bdstatic.com,"Access"
hao123.com,hao123.com,"Access"
hao123.com,bdstatic.com,"Access"
hao123.com,bdstatic.com,"Access"
hao123.com,bdstatic.com,"Access"
hao123.com,bdstatic.com,"Access"
hao123.com,bdstatic.com,"Access"
hao123.com,bdstatic.com,"Access"
hao123.com,bdstatic.com,"Access"
hao123.com,bdstatic.com,"Access"
hao123.com,bdstatic.com,"Access"
hao123.com,bdstatic.com,"Access"
hao123.com,bdstatic.com,"Access"
hao123.com,bdstatic.com,"Access"
hao123.com,alicdn.com,"Access"
hao123.com,alicdn.com,"Access"
amazon.co.jp,amazon.co.jp,"Access"
amazon.co.jp,amazon.co.jp,"Access"
amazon.co.jp,mozilla.com,"Access"
amazon.co.jp,amazon.co.jp,"Access"
amazon.co.jp,amazon.co.jp,"Access"
amazon.co.jp,amazon.co.jp,"Access"
amazon.co.jp,amazon.co.jp,"Access"
amazon.co.jp,amazon.co.jp,"Access"
amazon.co.jp,amazon.co.jp,"Access"
amazon.co.jp,amazon.co.jp,"Access"
amazon.co.jp,amazon.co.jp,"Access"
amazon.co.jp,amazon.co.jp,"Access"
amazon.co.jp,amazon.co.jp,"Access"
amazon.co.jp,amazon.co.jp,"Access"
amazon.co.jp,amazon.co.jp,"Access"
amazon.co.jp,amazon.co.jp,"Access"
amazon.co.jp,amazon.co.jp,"Access"
amazon.co.jp,amazon.co.jp,"Access"
amazon.co.jp,amazon.co.jp,"Access"
amazon.co.jp,amazon.co.jp,"Access"
amazon.co.jp,amazon.co.jp,"Access"
amazon.co.jp,amazon.co.jp,"Access"
instagram.com,instagram.com,"Access"
instagram.com,instagram.com,"Access"
instagram.com,instagram.com,"Access"
instagram.com,instagram.com,"Access"
instagram.com,instagram.com,"Access"
google.de,google.de,"Access"
google.de,google.de,"Access"
google.de,google.de,"Access"
google.de,google.de,"Access"
google.de,google.de,"Access"
google.de,google.de,"Access"
google.de,google.de,"Access"
google.de,google.de,"Access"
google.de,gstatic.com,"Access"
google.de,gstatic.com,"Access"
google.de,google.de,"Access"
google.de,google.de,"Access"
google.de,google.de,"Access"
tmall.com,tmall.com,"Access"
tmall.com,tmall.com,"Access"
tmall.com,tmall.com,"Access"
tmall.com,alicdn.com,"Access"
tmall.com,alicdn.com,"Access"
tmall.com,alicdn.com,"Access"
tmall.com,alicdn.com,"Access"
tmall.com,alicdn.com,"Access"
tmall.com,alicdn.com,"Access"
tmall.com,alicdn.com,"Access"
tmall.com,alicdn.com,"Access"
tmall.com,alicdn.com,"Access"
tmall.com,alicdn.com,"Access"
tmall.com,alicdn.com,"Access"
tmall.com,tmall.com,"Access"
tmall.com,alicdn.com,"Access"
tmall.com,alicdn.com,"Access"
tmall.com,alicdn.com,"Access"
tmall.com,alicdn.com,"Access"
tmall.com,alicdn.com,"Access"
tmall.com,alicdn.com,"Access"
tmall.com,alicdn.com,"Access"
tmall.com,alicdn.com,"Access"
tmall.com,taobao.com,"Access"
tmall.com,alicdn.com,"Access"
tmall.com,alicdn.com,"Access"
tmall.com,alicdn.com,"Access"
tmall.com,tmall.com,"Access"
tmall.com,alicdn.com,"Access"
tmall.com,alicdn.com,"Access"
tmall.com,alicdn.com,"Access"
tmall.com,tmall.com,"Access"
tmall.com,alicdn.com,"Access"
tmall.com,alicdn.com,"Access"
tmall.com,alicdn.com,"Access"
tmall.com,alicdn.com,"Access"
tmall.com,tmall.com,"Access"
tmall.com,alicdn.com,"Access"
tmall.com,alicdn.com,"Access"
tmall.com,alicdn.com,"Access"
tmall.com,alicdn.com,"Access"
tmall.com,alicdn.com,"Access"
tmall.com,alicdn.com,"Access"
tmall.com,alicdn.com,"Access"
tmall.com,alicdn.com,"Access"
tmall.com,alicdn.com,"Access"
tmall.com,alicdn.com,"Access"
tmall.com,alicdn.com,"Access"
tmall.com,alicdn.com,"Access"
tmall.com,alicdn.com,"Access"
tmall.com,alicdn.com,"Access"
tmall.com,alicdn.com,"Access"
tmall.com,alicdn.com,"Access"
tmall.com,alicdn.com,"Access"
tmall.com,alicdn.com,"Access"
tmall.com,alicdn.com,"Access"
tmall.com,alicdn.com,"Access"
tmall.com,alicdn.com,"Access"
tmall.com,alicdn.com,"Access"
tmall.com,alicdn.com,"Access"
tmall.com,alicdn.com,"Access"
tmall.com,alicdn.com,"Access"
tmall.com,taobao.com,"Access"
tmall.com,tmall.com,"Access"
tmall.com,tmall.com,"Access"
mail.ru,mail.ru,"Access"
mail.ru,mail.ru,"Access"
mail.ru,mail.ru,"Access"
mail.ru,mail.ru,"Access"
mail.ru,mradx.net,"Access"
mail.ru,imgsmail.ru,"Access"
mail.ru,mail.ru,"Access"
mail.ru,mradx.net,"Access"
mail.ru,imgsmail.ru,"Access"
mail.ru,mail.ru,"Access"
mail.ru,imgsmail.ru,"Access"
mail.ru,mradx.net,"Access"
mail.ru,imgsmail.ru,"Access"
mail.ru,mradx.net,"Access"
mail.ru,mail.ru,"Access"
mail.ru,mail.ru,"Access"
mail.ru,mradx.net,"Access"
mail.ru,mradx.net,"Access"
mail.ru,mail.ru,"Access"
mail.ru,imgsmail.ru,"Access"
mail.ru,imgsmail.ru,"Access"
mail.ru,mail.ru,"Access"
mail.ru,mradx.net,"Access"
doubleclick.net,mail.ru,"Access"
mail.ru,imgsmail.ru,"Access"
mail.ru,imgsmail.ru,"Access"
mail.ru,mradx.net,"Access"
mail.ru,yadro.ru,"Access"
mail.ru,imgsmail.ru,"Access"
mail.ru,mail.ru,"Access"
mail.ru,mradx.net,"Access"
mail.ru,mail.ru,"Access"
mail.ru,mail.ru,"Access"
mail.ru,imgsmail.ru,"Access"
mail.ru,mail.ru,"Access"
mail.ru,mradx.net,"Access"
mail.ru,mail.ru,"Access"
mail.ru,mail.ru,"Access"
mail.ru,mail.ru,"Access"
mail.ru,mail.ru,"Access"
mail.ru,mradx.net,"Access"
mail.ru,mail.ru,"Access"
mail.ru,mail.ru,"Access"
mail.ru,mail.ru,"Access"
mail.ru,mradx.net,"Access"
mail.ru,mail.ru,"Access"
mail.ru,imgsmail.ru,"Access"
mail.ru,mradx.net,"Access"
mail.ru,mradx.net,"Access"
mail.ru,imgsmail.ru,"Access"
mail.ru,mail.ru,"Access"
mail.ru,mail.ru,"Access"
mail.ru,mail.ru,"Access"
mail.ru,mail.ru,"Access"
mail.ru,yandex.ru,"Access"
yandex.ru,mail.ru,"Access"
mail.ru,mradx.net,"Access"
mail.ru,mradx.net,"Access"
mail.ru,mail.ru,"Access"
mail.ru,mail.ru,"Access"
mail.ru,mradx.net,"Access"
mail.ru,mradx.net,"Access"
mail.ru,mail.ru,"Access"
mail.ru,mradx.net,"Access"
mail.ru,mail.ru,"Access"
mail.ru,mradx.net,"Access"
mail.ru,mradx.net,"Access"
mail.ru,mail.ru,"Access"
mail.ru,imgsmail.ru,"Access"
mail.ru,mail.ru,"Access"
mail.ru,mail.ru,"Access"
mail.ru,mail.ru,"Access"
mail.ru,mail.ru,"Access"
mail.ru,mradx.net,"Access"
mail.ru,mradx.net,"Access"
mail.ru,mradx.net,"Access"
mail.ru,mradx.net,"Access"
mail.ru,mradx.net,"Access"
mail.ru,mail.ru,"Access"
mail.ru,mradx.net,"Access"
mail.ru,mail.ru,"Access"
mail.ru,ok.ru,"Access"
mail.ru,mail.ru,"Access"
mail.ru,imgsmail.ru,"Access"
mail.ru,mail.ru,"Access"
mail.ru,mail.ru,"Access"
mail.ru,gstatic.com,"Access"
mail.ru,imgsmail.ru,"Access"
mail.ru,mail.ru,"Access"
mail.ru,imgsmail.ru,"Access"
mail.ru,imgsmail.ru,"Access"
mail.ru,imgsmail.ru,"Access"
mail.ru,mail.ru,"Access"
google.co.uk,google.co.uk,"Access"
google.co.uk,google.co.uk,"Access"
google.co.uk,google.co.uk,"Access"
google.co.uk,google.co.uk,"Access"
google.co.uk,google.co.uk,"Access"
google.co.uk,google.co.uk,"Access"
google.co.uk,gstatic.com,"Access"
google.co.uk,google.co.uk,"Access"
google.co.uk,gstatic.com,"Access"
google.co.uk,google.co.uk,"Access"
google.co.uk,google.co.uk,"Access"
google.co.uk,google.co.uk,"Access"
google.co.uk,google.co.uk,"Access"
reddit.com,redditstatic.com,"Access"
reddit.com,redditstatic.com,"Access"
reddit.com,redditstatic.com,"Access"
reddit.com,redditstatic.com,"Access"
reddit.com,redditstatic.com,"Access"
reddit.com,redditstatic.com,"Access"
reddit.com,redditstatic.com,"Access"
reddit.com,redditmedia.com,"Access"
reddit.com,redditmedia.com,"Access"
reddit.com,redditmedia.com,"Access"
reddit.com,redditmedia.com,"Access"
reddit.com,redditmedia.com,"Access"
reddit.com,redditmedia.com,"Access"
reddit.com,redditmedia.com,"Access"
reddit.com,redditmedia.com,"Access"
reddit.com,redditmedia.com,"Access"
reddit.com,redditmedia.com,"Access"
reddit.com,redditmedia.com,"Access"
reddit.com,redditmedia.com,"Access"
reddit.com,redditmedia.com,"Access"
reddit.com,redditmedia.com,"Access"
reddit.com,redditmedia.com,"Access"
reddit.com,redditmedia.com,"Access"
reddit.com,redditmedia.com,"Access"
reddit.com,redditmedia.com,"Access"
reddit.com,redditmedia.com,"Access"
reddit.com,redditmedia.com,"Access"
reddit.com,redditmedia.com,"Access"
reddit.com,redditmedia.com,"Access"
reddit.com,redditmedia.com,"Access"
reddit.com,redditmedia.com,"Access"
reddit.com,redditstatic.com,"Access"
reddit.com,redditstatic.com,"Access"
reddit.com,google-analytics.com,"Access"
reddit.com,google-analytics.com,"Access"
reddit.com,redditmedia.com,"Access"
reddit.com,redditmedia.com,"Access"
reddit.com,redditstatic.com,"Access"
reddit.com,google-analytics.com,"Access"
reddit.com,redditstatic.com,"Access"
reddit.com,redditstatic.com,"Access"
reddit.com,redditmedia.com,"Access"
reddit.com,zkcdn.net,"Access"
reddit.com,google-analytics.com,"Access"
reddit.com,redditstatic.com,"Access"
reddit.com,redditmedia.com,"Access"
reddit.com,zkcdn.net,"Access"
reddit.com,zkcdn.net,"Access"
reddit.com,zkcdn.net,"Access"
reddit.com,redditmedia.com,"Access"
pinterest.com,pinterest.com,"Access"
pinterest.com,pinterest.com,"Access"
pinterest.com,pinterest.com,"Access"
pinterest.com,pinimg.com,"Access"
pinterest.com,pinimg.com,"Access"
pinterest.com,pinimg.com,"Access"
pinterest.com,pinimg.com,"Access"
pinterest.com,pinimg.com,"Access"
pinterest.com,pinimg.com,"Access"
pinterest.com,pinimg.com,"Access"
pinterest.com,pinimg.com,"Access"
pinterest.com,pinimg.com,"Access"
pinterest.com,pinimg.com,"Access"
pinterest.com,pinimg.com,"Access"
pinterest.com,pinimg.com,"Access"
pinterest.com,pinimg.com,"Access"
pinterest.com,pinimg.com,"Access"
pinterest.com,pinimg.com,"Access"
pinterest.com,pinimg.com,"Access"
pinterest.com,pinimg.com,"Access"
pinterest.com,pinimg.com,"Access"
pinterest.com,pinimg.com,"Access"
pinterest.com,pinterest.com,"Access"
pinterest.com,pinimg.com,"Access"
pinterest.com,google-analytics.com,"Access"
pinterest.com,pinterest.com,"Access"
pinterest.com,pinterest.com,"Access"
pinterest.com,pinterest.com,"Access"
paypal.com,google-analytics.com,"Access"
paypal.com,bluelithium.com,"Access"
google.ru,google.ru,"Access"
google.ru,google.ru,"Access"
google.ru,google.ru,"Access"
google.ru,google.ru,"Access"
google.ru,google.ru,"Access"
google.ru,google.ru,"Access"
google.ru,google.ru,"Access"
google.ru,gstatic.com,"Access"
google.ru,google.ru,"Access"
google.ru,google.ru,"Access"
google.ru,google.ru,"Access"
google.fr,google.fr,"Access"
google.fr,google.fr,"Access"
google.fr,google.fr,"Access"
google.fr,google.fr,"Access"
google.fr,google.fr,"Access"
google.fr,google.fr,"Access"
google.fr,google.fr,"Access"
google.fr,google.fr,"Access"
google.fr,google.fr,"Access"
google.fr,google.fr,"Access"
google.fr,google.fr,"Access"
sohu.com,itc.cn,"Access"
sohu.com,itc.cn,"Access"
sohu.com,itc.cn,"Access"
sohu.com,itc.cn,"Access"
sohu.com,itc.cn,"Access"
sohu.com,itc.cn,"Access"
sohu.com,itc.cn,"Access"
sohu.com,itc.cn,"Access"
sohu.com,itc.cn,"Access"
sohu.com,itc.cn,"Access"
sohu.com,itc.cn,"Access"
sohu.com,itc.cn,"Access"
sohu.com,itc.cn,"Access"
sohu.com,itc.cn,"Access"
sohu.com,itc.cn,"Access"
sohu.com,itc.cn,"Access"
sohu.com,itc.cn,"Access"
sohu.com,itc.cn,"Access"
sohu.com,itc.cn,"Access"
sohu.com,itc.cn,"Access"
sohu.com,itc.cn,"Access"
sohu.com,itc.cn,"Access"
sohu.com,itc.cn,"Access"
sohu.com,itc.cn,"Access"
sohu.com,itc.cn,"Access"
sohu.com,optaim.com,"Access"
sohu.com,optaim.com,"Access"
sohu.com,itc.cn,"Access"
sohu.com,itc.cn,"Access"
sohu.com,optaim.com,"Access"
sohu.com,itc.cn,"Access"
sohu.com,itc.cn,"Access"
sohu.com,itc.cn,"Access"
sohu.com,itc.cn,"Access"
sohu.com,optaim.com,"Access"
sohu.com,17173cdn.com,"Access"
sohu.com,itc.cn,"Access"
sohu.com,optaim.com,"Access"
sohu.com,optaim.com,"Access"
sohu.com,optaim.com,"Access"
sohu.com,jd.com,"Access"
sohu.com,optaim.com,"Access"
sohu.com,d-adasia.com,"Access"
sohu.com,optaim.com,"Access"
sohu.com,optaim.com,"Access"
sohu.com,jd.com,"Access"
sohu.com,jd.com,"Access"
sohu.com,jd.com,"Access"
sohu.com,jd.com,"Access"
sohu.com,jd.com,"Access"
sohu.com,jd.com,"Access"
sohu.com,jd.com,"Access"
sohu.com,qtmojo.com,"Access"
qtmojo.com,qtmojo.com,"Access"
qtmojo.com,qtmojo.com,"Access"
sohu.com,optaim.com,"Access"
sohu.com,3.cn,"Access"
sohu.com,jd.com,"Access"
sohu.com,jd.com,"Access"
sohu.com,optaim.com,"Access"
sohu.com,jd.com,"Access"
sohu.com,jd.com,"Access"
sohu.com,jd.com,"Access"
sohu.com,jd.com,"Access"
sohu.com,jd.com,"Access"
sohu.com,jd.com,"Access"
gmw.cn,mozilla.com,"Access"
gmw.cn,gmw.cn,"Access"
gmw.cn,gmw.cn,"Access"
gmw.cn,gmw.cn,"Access"
gmw.cn,gmw.cn,"Access"
gmw.cn,gmw.cn,"Access"
gmw.cn,gmw.cn,"Access"
gmw.cn,gmw.cn,"Access"
gmw.cn,gmw.cn,"Access"
gmw.cn,gmw.cn,"Access"
gmw.cn,gmw.cn,"Access"
gmw.cn,gmw.cn,"Access"
gmw.cn,gmw.cn,"Access"
gmw.cn,gmw.cn,"Access"
gmw.cn,gmw.cn,"Access"
gmw.cn,gmw.cn,"Access"
gmw.cn,gmw.cn,"Access"
gmw.cn,gmw.cn,"Access"
gmw.cn,google-analytics.com,"Access"
gmw.cn,gmw.cn,"Access"
gmw.cn,gmw.cn,"Access"
gmw.cn,gmw.cn,"Access"
gmw.cn,gmw.cn,"Access"
gmw.cn,gmw.cn,"Access"
gmw.cn,gmw.cn,"Access"
gmw.cn,gmw.cn,"Access"
gmw.cn,gmw.cn,"Access"
gmw.cn,gmw.cn,"Access"
gmw.cn,gmw.cn,"Access"
gmw.cn,gmw.cn,"Access"
gmw.cn,gmw.cn,"Access"
gmw.cn,gmw.cn,"Access"
gmw.cn,gmw.cn,"Access"
gmw.cn,gmw.cn,"Access"
gmw.cn,gmw.cn,"Access"
gmw.cn,gmw.cn,"Access"
gmw.cn,gmw.cn,"Access"
gmw.cn,gmw.cn,"Access"
gmw.cn,gmw.cn,"Access"
gmw.cn,gmw.cn,"Access"
gmw.cn,gmw.cn,"Access"
gmw.cn,gmw.cn,"Access"
gmw.cn,gmw.cn,"Access"
gmw.cn,gmw.cn,"Access"
gmw.cn,gmw.cn,"Access"
gmw.cn,gmw.cn,"Access"
gmw.cn,gmw.cn,"Access"
gmw.cn,gmw.cn,"Access"
gmw.cn,google-analytics.com,"Access"
gmw.cn,gmw.cn,"Access"
gmw.cn,gmw.cn,"Access"
gmw.cn,gmw.cn,"Access"
gmw.cn,gmw.cn,"Access"
gmw.cn,gmw.cn,"Access"
gmw.cn,gmw.cn,"Access"
gmw.cn,gmw.cn,"Access"
gmw.cn,gmw.cn,"Access"
gmw.cn,gmw.cn,"Access"
gmw.cn,gmw.cn,"Access"
gmw.cn,gmw.cn,"Access"
gmw.cn,gmw.cn,"Access"
gmw.cn,gmw.cn,"Access"
gmw.cn,gmw.cn,"Access"
gmw.cn,gmw.cn,"Access"
gmw.cn,gmw.cn,"Access"
gmw.cn,gmw.cn,"Access"
gmw.cn,webterren.com,"Access"
gmw.cn,gmw.cn,"Access"
gmw.cn,gmw.cn,"Access"
gmw.cn,gmw.cn,"Access"
gmw.cn,gmw.cn,"Access"
gmw.cn,gmw.cn,"Access"
gmw.cn,gmw.cn,"Access"
gmw.cn,gmw.cn,"Access"
gmw.cn,gmw.cn,"Access"
gmw.cn,gmw.cn,"Access"
gmw.cn,chinaso.com,"Access"
gmw.cn,webterren.com,"Access"
gmw.cn,chinaso.com,"Access"
gmw.cn,chinaso.com,"Access"
gmw.cn,gmw.cn,"Access"
gmw.cn,mlt01.com,"Access"
gmw.cn,chinaso.com,"Access"
gmw.cn,chinaso.com,"Access"
gmw.cn,chinaso.com,"Access"
gmw.cn,chinaso.com,"Access"
gmw.cn,chinaso.com,"Access"
gmw.cn,chinaso.com,"Access"
gmw.cn,gmw.cn,"Access"
netflix.com,netflix.com,"Access"
netflix.com,netflix.com,"Access"
netflix.com,netflix.com,"Access"
netflix.com,netflix.com,"Access"
netflix.com,netflix.com,"Access"
netflix.com,netflix.com,"Access"
netflix.com,netflix.com,"Access"
netflix.com,nflxext.com,"Access"
netflix.com,netflix.com,"Access"
netflix.com,nflxext.com,"Access"
netflix.com,nflxext.com,"Access"
netflix.com,nflxext.com,"Access"
netflix.com,netflix.com,"Access"
netflix.com,netflix.com,"Access"
netflix.com,nflximg.net,"Access"
netflix.com,netflix.com,"Access"
netflix.com,netflix.com,"Access"
netflix.com,nflximg.net,"Access"
netflix.com,netflix.com,"Access"
netflix.com,nflximg.net,"Access"
netflix.com,nflximg.net,"Access"
netflix.com,nflximg.net,"Access"
netflix.com,nflximg.net,"Access"
netflix.com,nflximg.net,"Access"
netflix.com,nflximg.net,"Access"
netflix.com,nflximg.net,"Access"
netflix.com,nflximg.net,"Access"
netflix.com,nflximg.net,"Access"
netflix.com,nflximg.net,"Access"
netflix.com,nflximg.net,"Access"
netflix.com,nflximg.net,"Access"
netflix.com,netflix.com,"Access"
netflix.com,nflximg.net,"Access"
netflix.com,nflximg.net,"Access"
netflix.com,nflximg.net,"Access"
netflix.com,nflximg.net,"Access"
netflix.com,nflximg.net,"Access"
netflix.com,nflximg.net,"Access"
netflix.com,nflximg.net,"Access"
netflix.com,nflximg.net,"Access"
netflix.com,nflximg.net,"Access"
netflix.com,nflximg.net,"Access"
netflix.com,nflximg.net,"Access"
netflix.com,nflximg.net,"Access"
netflix.com,nflximg.net,"Access"
netflix.com,nflximg.net,"Access"
netflix.com,nflximg.net,"Access"
netflix.com,google-analytics.com,"Access"
netflix.com,netflix.com,"Access"
doubleclick.net,netflix.com,"Access"
netflix.com,google-analytics.com,"Access"
netflix.com,netflix.com,"Access"
netflix.com,netflix.com,"Access"
netflix.com,nflxext.com,"Access"
netflix.com,netflix.com,"Access"
netflix.com,nflximg.net,"Access"
netflix.com,nflximg.net,"Access"
netflix.com,nflximg.net,"Access"
netflix.com,nflximg.net,"Access"
netflix.com,nflximg.net,"Access"
netflix.com,nflximg.net,"Access"
netflix.com,nflximg.net,"Access"
netflix.com,nflximg.net,"Access"
netflix.com,nflximg.net,"Access"
netflix.com,nflximg.net,"Access"
netflix.com,nflximg.net,"Access"
netflix.com,nflximg.net,"Access"
netflix.com,nflximg.net,"Access"
netflix.com,nflximg.net,"Access"
netflix.com,nflximg.net,"Access"
netflix.com,nflximg.net,"Access"
netflix.com,nflximg.net,"Access"
netflix.com,nflximg.net,"Access"
netflix.com,nflximg.net,"Access"
netflix.com,netflix.com,"Access"
netflix.com,nflximg.net,"Access"
netflix.com,nflximg.net,"Access"
netflix.com,nflximg.net,"Access"
netflix.com,nflximg.net,"Access"
netflix.com,nflximg.net,"Access"
netflix.com,nflximg.net,"Access"
netflix.com,nflximg.net,"Access"
netflix.com,netflix.com,"Access"
netflix.com,nflxext.com,"Access"
netflix.com,nflximg.net,"Access"
netflix.com,nflximg.net,"Access"
netflix.com,nflximg.net,"Access"
netflix.com,nflximg.net,"Access"
netflix.com,nflximg.net,"Access"
netflix.com,nflximg.net,"Access"
netflix.com,nflximg.net,"Access"
netflix.com,nflximg.net,"Access"
netflix.com,nflximg.net,"Access"
netflix.com,nflximg.net,"Access"
netflix.com,nflximg.net,"Access"
netflix.com,nflximg.net,"Access"
netflix.com,nflximg.net,"Access"
netflix.com,nflximg.net,"Access"
netflix.com,nflximg.net,"Access"
netflix.com,nflximg.net,"Access"
netflix.com,nflximg.net,"Access"
netflix.com,nflximg.net,"Access"
netflix.com,nflximg.net,"Access"
netflix.com,nflximg.net,"Access"
netflix.com,nflximg.net,"Access"
netflix.com,nflximg.net,"Access"
netflix.com,nflximg.net,"Access"
netflix.com,nflximg.net,"Access"
netflix.com,nflximg.net,"Access"
netflix.com,netflix.com,"Access"
netflix.com,nflximg.net,"Access"
netflix.com,nflximg.net,"Access"
netflix.com,nflximg.net,"Access"
netflix.com,netflix.com,"Access"
pubmatic.com,netflix.com,"Access"
netflix.com,netflix.com,"Access"
onclickads.net,gstatic.com,"Access"
microsoft.com,aspnetcdn.com,"Access"
microsoft.com,aspnetcdn.com,"Access"
microsoft.com,s-microsoft.com,"Access"
microsoft.com,s-microsoft.com,"Access"
microsoft.com,s-microsoft.com,"Access"
microsoft.com,s-microsoft.com,"Access"
microsoft.com,s-microsoft.com,"Access"
microsoft.com,s-microsoft.com,"Access"
microsoft.com,onestore.ms,"Access"
microsoft.com,s-microsoft.com,"Access"
microsoft.com,onestore.ms,"Access"
microsoft.com,gfx.ms,"Access"
microsoft.com,onestore.ms,"Access"
microsoft.com,onestore.ms,"Access"
microsoft.com,onestore.ms,"Access"
microsoft.com,s-microsoft.com,"Access"
microsoft.com,s-microsoft.com,"Access"
microsoft.com,s-microsoft.com,"Access"
microsoft.com,s-microsoft.com,"Access"
microsoft.com,s-microsoft.com,"Access"
microsoft.com,s-microsoft.com,"Access"
microsoft.com,s-microsoft.com,"Access"
microsoft.com,s-microsoft.com,"Access"
microsoft.com,s-microsoft.com,"Access"
microsoft.com,s-microsoft.com,"Access"
microsoft.com,s-microsoft.com,"Access"
microsoft.com,onestore.ms,"Access"
microsoft.com,s-microsoft.com,"Access"
microsoft.com,s-microsoft.com,"Access"
microsoft.com,s-microsoft.com,"Access"
microsoft.com,s-microsoft.com,"Access"
microsoft.com,s-microsoft.com,"Access"
microsoft.com,s-microsoft.com,"Access"
microsoft.com,onestore.ms,"Access"
microsoft.com,s-microsoft.com,"Access"
microsoft.com,s-microsoft.com,"Access"
microsoft.com,s-microsoft.com,"Access"
microsoft.com,s-microsoft.com,"Access"
microsoft.com,gfx.ms,"Access"
microsoft.com,microsoftstore.com,"Access"
microsoft.com,s-microsoft.com,"Access"
microsoft.com,s-microsoft.com,"Access"
microsoft.com,s-microsoft.com,"Access"
microsoft.com,s-microsoft.com,"Access"
microsoft.com,s-microsoft.com,"Access"
microsoft.com,s-microsoft.com,"Access"
microsoft.com,s-microsoft.com,"Access"
microsoft.com,s-microsoft.com,"Access"
microsoft.com,s-microsoft.com,"Access"
microsoft.com,s-microsoft.com,"Access"
microsoft.com,s-microsoft.com,"Access"
microsoft.com,s-microsoft.com,"Access"
microsoft.com,s-microsoft.com,"Access"
microsoft.com,onestore.ms,"Access"
microsoft.com,s-microsoft.com,"Access"
microsoft.com,s-microsoft.com,"Access"
microsoft.com,s-microsoft.com,"Access"
microsoft.com,s-microsoft.com,"Access"
s-microsoft.com,s-microsoft.com,"Access"
microsoft.com,gfx.ms,"Access"
microsoft.com,s-microsoft.com,"Access"
s-microsoft.com,s-microsoft.com,"Access"
s-microsoft.com,s-microsoft.com,"Access"
s-microsoft.com,s-microsoft.com,"Access"
s-microsoft.com,s-microsoft.com,"Access"
s-microsoft.com,s-microsoft.com,"Access"
s-microsoft.com,s-microsoft.com,"Access"
s-microsoft.com,s-microsoft.com,"Access"
s-microsoft.com,s-microsoft.com,"Access"
microsoft.com,gfx.ms,"Access"
microsoft.com,s-microsoft.com,"Access"
microsoft.com,s-microsoft.com,"Access"
microsoft.com,s-microsoft.com,"Access"
microsoft.com,s-microsoft.com,"Access"
microsoft.com,s-microsoft.com,"Access"
tumblr.com,google-analytics.com,"Access"
tumblr.com,google-analytics.com,"Access"
tumblr.com,google-analytics.com,"Access"
tumblr.com,google-analytics.com,"Access"
tumblr.com,cedexis-radar.net,"Access"
wordpress.com,gstatic.com,"Access"
wordpress.com,gstatic.com,"Access"
wordpress.com,google-analytics.com,"Access"
blogspot.com,blogger.com,"Access"
blogger.com,blogger.com,"Access"
blogger.com,blogger.com,"Access"
google.com,blogger.com,"Access"
blogspot.com,youtube.com,"Access"
blogspot.com,gstatic.com,"Access"
blogspot.com,gstatic.com,"Access"
blogspot.com,gstatic.com,"Access"
blogspot.com,gstatic.com,"Access"
blogspot.com,gstatic.com,"Access"
imgur.com,google-analytics.com,"Access"
360.cn,360.cn,"Access"
360.cn,360.com,"Access"
360.cn,qhimg.com,"Access"
360.cn,qhimg.com,"Access"
360.cn,qhimg.com,"Access"
360.cn,qhimg.com,"Access"
360.cn,qhimg.com,"Access"
360.cn,qhimg.com,"Access"
360.cn,qhimg.com,"Access"
360.cn,qhimg.com,"Access"
360.cn,qhimg.com,"Access"
360.cn,qhimg.com,"Access"
360.cn,qhimg.com,"Access"
360.cn,qhimg.com,"Access"
360.cn,qhimg.com,"Access"
360.cn,qhimg.com,"Access"
360.cn,qhimg.com,"Access"
360.cn,qhimg.com,"Access"
360.cn,qhimg.com,"Access"
360.cn,qhimg.com,"Access"
360.cn,qhimg.com,"Access"
360.cn,qhimg.com,"Access"
360.cn,qhimg.com,"Access"
360.cn,qhimg.com,"Access"
360.cn,qhimg.com,"Access"
360.cn,qhimg.com,"Access"
360.cn,qhimg.com,"Access"
360.cn,qhimg.com,"Access"
360.cn,qhimg.com,"Access"
360.cn,qhimg.com,"Access"
360.cn,qhimg.com,"Access"
360.cn,qhimg.com,"Access"
360.cn,qhimg.com,"Access"
360.cn,qhimg.com,"Access"
360.cn,qhimg.com,"Access"
360.cn,qhimg.com,"Access"
360.cn,qhimg.com,"Access"
360.cn,qhimg.com,"Access"
360.cn,qhimg.com,"Access"
360.cn,qhimg.com,"Access"
360.cn,qhimg.com,"Access"
360.cn,qhimg.com,"Access"
360.cn,qhimg.com,"Access"
360.cn,qhimg.com,"Access"
360.cn,qhimg.com,"Access"
360.cn,qhimg.com,"Access"
360.cn,qhimg.com,"Access"
360.cn,qhimg.com,"Access"
360.cn,qhimg.com,"Access"
360.cn,qhimg.com,"Access"
360.cn,qhimg.com,"Access"
360.cn,qhimg.com,"Access"
360.cn,qhimg.com,"Access"
360.cn,qhimg.com,"Access"
360.cn,qhimg.com,"Access"
360.cn,qhimg.com,"Access"
360.cn,qhimg.com,"Access"
360.cn,qhimg.com,"Access"
360.cn,qhimg.com,"Access"
360.cn,qhimg.com,"Access"
360.cn,qhimg.com,"Access"
360.cn,qhimg.com,"Access"
360.cn,qhimg.com,"Access"
360.cn,qhimg.com,"Access"
360.cn,qhimg.com,"Access"
360.cn,qhimg.com,"Access"
360.cn,qhimg.com,"Access"
360.cn,qhimg.com,"Access"
360.cn,qhimg.com,"Access"
360.cn,qhimg.com,"Access"
360.cn,qhimg.com,"Access"
360.cn,qhimg.com,"Access"
360.cn,qhimg.com,"Access"
360.cn,qhimg.com,"Access"
360.cn,qhimg.com,"Access"
360.cn,qhimg.com,"Access"
360.cn,qhimg.com,"Access"
360.cn,qhimg.com,"Access"
360.cn,qhimg.com,"Access"
360.cn,qhimg.com,"Access"
360.cn,qhimg.com,"Access"
360.cn,qhimg.com,"Access"
360.cn,qhimg.com,"Access"
360.cn,qhimg.com,"Access"
360.cn,qhimg.com,"Access"
360.cn,qhimg.com,"Access"
360.cn,qhimg.com,"Access"
360.cn,qhimg.com,"Access"
360.cn,360.cn,"Access"
360.cn,qhimg.com,"Access"
360.cn,qhimg.com,"Access"
360.cn,qhimg.com,"Access"
360.cn,qhimg.com,"Access"
360.cn,qhimg.com,"Access"
360.cn,qhimg.com,"Access"
360.cn,qhimg.com,"Access"
360.cn,qhimg.com,"Access"
360.cn,qhimg.com,"Access"
360.cn,qhimg.com,"Access"
360.cn,qhimg.com,"Access"
360.cn,qhimg.com,"Access"
360.cn,qhimg.com,"Access"
360.cn,qhimg.com,"Access"
360.cn,qhimg.com,"Access"
360.cn,qhimg.com,"Access"
360.cn,qhimg.com,"Access"
360.cn,qhimg.com,"Access"
360.cn,qhimg.com,"Access"
360.cn,qhimg.com,"Access"
360.cn,qhimg.com,"Access"
360.cn,qhimg.com,"Access"
360.cn,qhimg.com,"Access"
360.cn,qhimg.com,"Access"
360.cn,qhimg.com,"Access"
360.cn,qhimg.com,"Access"
360.cn,qhimg.com,"Access"
360.cn,qhimg.com,"Access"
360.cn,qhimg.com,"Access"
360.cn,qhimg.com,"Access"
360.cn,qhimg.com,"Access"
360.cn,qhimg.com,"Access"
360.cn,qhimg.com,"Access"
360.cn,qhimg.com,"Access"
360.cn,qhimg.com,"Access"
360.cn,qhimg.com,"Access"
360.cn,qhimg.com,"Access"
360.cn,qhimg.com,"Access"
360.cn,qhimg.com,"Access"
360.cn,qhimg.com,"Access"
360.cn,qhimg.com,"Access"
360.cn,qhimg.com,"Access"
360.cn,qhimg.com,"Access"
360.cn,qhimg.com,"Access"
360.cn,qhimg.com,"Access"
360.cn,qhimg.com,"Access"
360.cn,qhimg.com,"Access"
360.cn,qhimg.com,"Access"
360.cn,qhimg.com,"Access"
360.cn,qhimg.com,"Access"
360.cn,qhimg.com,"Access"
360.cn,qhimg.com,"Access"
360.cn,qhimg.com,"Access"
360.cn,qhimg.com,"Access"
360.cn,qhimg.com,"Access"
360.cn,qhimg.com,"Access"
360.cn,qhimg.com,"Access"
360.cn,360.cn,"Access"
360.cn,google-analytics.com,"Access"
360.cn,qhimg.com,"Access"
360.cn,qhimg.com,"Access"
360.cn,qhimg.com,"Access"
360.cn,qhimg.com,"Access"
360.cn,qhimg.com,"Access"
360.cn,qhimg.com,"Access"
360.cn,qhimg.com,"Access"
360.cn,qhimg.com,"Access"
360.cn,qhimg.com,"Access"
360.cn,qhimg.com,"Access"
360.cn,qhimg.com,"Access"
360.cn,360.cn,"Access"
360.cn,360.cn,"Access"
360.cn,qihoo.com,"Access"
360.cn,360.cn,"Access"
360.cn,qihoo.com,"Access"
imdb.com,imdb.com,"Access"
imdb.com,imdb.com,"Access"
imdb.com,imdb.com,"Access"
imdb.com,imdb.com,"Access"
imdb.com,imdb.com,"Access"
imdb.com,twimg.com,"Access"
imdb.com,universalstudios.com,"Access"
imdb.com,twimg.com,"Access"
imdb.com,twimg.com,"Access"
imdb.com,twimg.com,"Access"
imdb.com,twimg.com,"Access"
imdb.com,twimg.com,"Access"
imdb.com,twimg.com,"Access"
imdb.com,twimg.com,"Access"
imdb.com,twimg.com,"Access"
imdb.com,twimg.com,"Access"
imdb.com,twimg.com,"Access"
imdb.com,twimg.com,"Access"
imdb.com,twimg.com,"Access"
imdb.com,twimg.com,"Access"
imdb.com,twimg.com,"Access"
imdb.com,twimg.com,"Access"
imdb.com,twimg.com,"Access"
imdb.com,twimg.com,"Access"
imdb.com,twimg.com,"Access"
imdb.com,twimg.com,"Access"
imdb.com,twimg.com,"Access"
imdb.com,twimg.com,"Access"
imdb.com,twimg.com,"Access"
imdb.com,twimg.com,"Access"
ask.com,google-analytics.com,"Access"
ask.com,google-analytics.com,"Access"
ask.com,google-analytics.com,"Access"
amazon.de,amazon.de,"Access"
amazon.de,amazon.de,"Access"
amazon.de,amazon.de,"Access"
amazon.de,amazon.de,"Access"
amazon.de,amazon.de,"Access"
amazon.de,amazon.de,"Access"
amazon.de,amazon.de,"Access"
amazon.de,amazon.de,"Access"
amazon.de,amazon.de,"Access"
amazon.de,amazon.de,"Access"
amazon.de,amazon.de,"Access"
amazon.de,amazon.de,"Access"
amazon.de,amazon.de,"Access"
amazon.de,amazon.de,"Access"
amazon.de,amazon.de,"Access"
amazon.de,amazon.de,"Access"
amazon.de,amazon.de,"Access"
amazon.de,amazon.de,"Access"
amazon.de,amazon.de,"Access"
amazon.de,amazon.de,"Access"
amazon.de,amazon.de,"Access"
amazon.de,amazon.de,"Access"
amazon.de,amazon.de,"Access"
amazon.de,amazon.de,"Access"
google.it,google.it,"Access"
google.it,google.it,"Access"
google.it,google.it,"Access"
google.it,google.it,"Access"
google.it,gstatic.com,"Access"
google.it,google.it,"Access"
google.it,google.it,"Access"
google.it,google.it,"Access"
google.it,gstatic.com,"Access"
google.it,google.it,"Access"
google.it,google.it,"Access"
google.it,google.it,"Access"
google.it,google.it,"Access"
qq.com,tmall.com,"Access"
qq.com,gstatic.com,"Access"
qq.com,tbcdn.cn,"Access"
mmstat.com,alicdn.com,"Access"
mmstat.com,tmall.com,"Access"
mmstat.com,gstatic.com,"Access"
mmstat.com,tbcdn.cn,"Access"
sina.com.cn,sina.com,"Access"
sina.com.cn,google-analytics.com,"Access"
sina.com.cn,gstatic.com,"Access"
baifendian.com,sinaimg.cn,"Access"
baifendian.com,sinastorage.com,"Access"
baifendian.com,esfimg.com,"Access"
baifendian.com,sinajs.cn,"Access"
baifendian.com,weibo.com,"Access"
baifendian.com,alicdn.com,"Access"
baifendian.com,leju.com,"Access"
baifendian.com,qq.com,"Access"
baifendian.com,taobao.com,"Access"
baifendian.com,uuzuonline.com,"Access"
baifendian.com,alibaba.com,"Access"
baifendian.com,taobaocdn.com,"Access"
baifendian.com,jd.com,"Access"
baifendian.com,3.cn,"Access"
baifendian.com,alipay.com,"Access"
baifendian.com,sina.com,"Access"
baifendian.com,google-analytics.com,"Access"
baifendian.com,gstatic.com,"Access"
gtags.net,sinaimg.cn,"Access"
gtags.net,sinastorage.com,"Access"
gtags.net,esfimg.com,"Access"
gtags.net,sinajs.cn,"Access"
gtags.net,weibo.com,"Access"
gtags.net,alicdn.com,"Access"
gtags.net,leju.com,"Access"
gtags.net,qq.com,"Access"
gtags.net,taobao.com,"Access"
gtags.net,uuzuonline.com,"Access"
gtags.net,alibaba.com,"Access"
gtags.net,taobaocdn.com,"Access"
gtags.net,jd.com,"Access"
gtags.net,3.cn,"Access"
gtags.net,alipay.com,"Access"
gtags.net,sina.com,"Access"
gtags.net,google-analytics.com,"Access"
gtags.net,gstatic.com,"Access"
miaozhen.com,sinaimg.cn,"Access"
miaozhen.com,sinastorage.com,"Access"
miaozhen.com,esfimg.com,"Access"
miaozhen.com,sinajs.cn,"Access"
miaozhen.com,weibo.com,"Access"
miaozhen.com,alicdn.com,"Access"
miaozhen.com,leju.com,"Access"
miaozhen.com,qq.com,"Access"
miaozhen.com,taobao.com,"Access"
miaozhen.com,uuzuonline.com,"Access"
miaozhen.com,alibaba.com,"Access"
miaozhen.com,taobaocdn.com,"Access"
miaozhen.com,jd.com,"Access"
miaozhen.com,3.cn,"Access"
miaozhen.com,alipay.com,"Access"
miaozhen.com,sina.com,"Access"
miaozhen.com,google-analytics.com,"Access"
miaozhen.com,gstatic.com,"Access"
sina.com.cn,gtimg.com,"Access"
sina.com.cn,gtimg.cn,"Access"
sina.com.cn,com.cn,"Access"
sina.com.cn,trafficjam.cn,"Access"
sina.com.cn,tmall.com,"Access"
sina.com.cn,tbcdn.cn,"Access"
weibo.com,sinastorage.com,"Access"
weibo.com,esfimg.com,"Access"
weibo.com,sinajs.cn,"Access"
weibo.com,alicdn.com,"Access"
weibo.com,leju.com,"Access"
weibo.com,qq.com,"Access"
weibo.com,taobao.com,"Access"
weibo.com,uuzuonline.com,"Access"
weibo.com,alibaba.com,"Access"
weibo.com,taobaocdn.com,"Access"
weibo.com,jd.com,"Access"
weibo.com,3.cn,"Access"
weibo.com,alipay.com,"Access"
weibo.com,gtimg.com,"Access"
weibo.com,gtimg.cn,"Access"
weibo.com,com.cn,"Access"
weibo.com,trafficjam.cn,"Access"
weibo.com,tmall.com,"Access"
weibo.com,tbcdn.cn,"Access"
yahoo.com,yimg.jp,"Access"
bing.com,gfx.ms,"Access"
msn.com,gfx.ms,"Access"
vk.com,mradx.net,"Access"
vk.com,imgsmail.ru,"Access"
vk.com,yandex.ru,"Access"
vk.com,ok.ru,"Access"
vk.com,gstatic.com,"Access"
tmall.com,gstatic.com,"Access"
tmall.com,tbcdn.cn,"Access"
doubleclick.net,mradx.net,"Access"
doubleclick.net,imgsmail.ru,"Access"
doubleclick.net,yadro.ru,"Access"
doubleclick.net,yandex.ru,"Access"
doubleclick.net,ok.ru,"Access"
doubleclick.net,gstatic.com,"Access"
mail.ru,yastatic.net,"Access"
mail.ru,yandex.net,"Access"
yandex.ru,mradx.net,"Access"
yandex.ru,imgsmail.ru,"Access"
yandex.ru,yadro.ru,"Access"
yandex.ru,ok.ru,"Access"
yandex.ru,gstatic.com,"Access"
doubleclick.net,nflxext.com,"Access"
doubleclick.net,nflximg.net,"Access"
doubleclick.net,google-analytics.com,"Access"
pubmatic.com,nflxext.com,"Access"
pubmatic.com,nflximg.net,"Access"
pubmatic.com,google-analytics.com,"Access"
blogspot.com,ggpht.com,"Access"
blogspot.com,googlevideo.com,"Access"
baifendian.com,gtimg.com,"Access"
baifendian.com,gtimg.cn,"Access"
baifendian.com,com.cn,"Access"
baifendian.com,trafficjam.cn,"Access"
baifendian.com,tmall.com,"Access"
baifendian.com,tbcdn.cn,"Access"
gtags.net,gtimg.com,"Access"
gtags.net,gtimg.cn,"Access"
gtags.net,com.cn,"Access"
gtags.net,trafficjam.cn,"Access"
gtags.net,tmall.com,"Access"
gtags.net,tbcdn.cn,"Access"
miaozhen.com,gtimg.com,"Access"
miaozhen.com,gtimg.cn,"Access"
miaozhen.com,com.cn,"Access"
miaozhen.com,trafficjam.cn,"Access"
miaozhen.com,tmall.com,"Access"
miaozhen.com,tbcdn.cn,"Access"
vk.com,yastatic.net,"Access"
vk.com,yandex.net,"Access"
doubleclick.net,yastatic.net,"Access"
doubleclick.net,yandex.net,"Access"
