mozilla.com,google.com,"Knows"
gstatic.com,google.com,"Knows"
gstatic.com,google.com,"Knows"
youtube.com,youtube.com,"Knows"
youtube.com,youtube.com,"Knows"
youtube.com,youtube.com,"Knows"
ggpht.com,youtube.com,"Knows"
ggpht.com,youtube.com,"Knows"
ggpht.com,youtube.com,"Knows"
ggpht.com,youtube.com,"Knows"
ggpht.com,youtube.com,"Knows"
gstatic.com,youtube.com,"Knows"
gstatic.com,youtube.com,"Knows"
youtube.com,youtube.com,"Knows"
youtube.com,youtube.com,"Knows"
ggpht.com,youtube.com,"Knows"
ggpht.com,youtube.com,"Knows"
youtube.com,youtube.com,"Knows"
youtube.com,youtube.com,"Knows"
youtube.com,youtube.com,"Knows"
ggpht.com,youtube.com,"Knows"
ggpht.com,youtube.com,"Knows"
youtube.com,youtube.com,"Knows"
youtube.com,youtube.com,"Knows"
youtube.com,youtube.com,"Knows"
youtube.com,youtube.com,"Knows"
googlevideo.com,youtube.com,"Knows"
googlevideo.com,youtube.com,"Knows"
googlevideo.com,youtube.com,"Knows"
googlevideo.com,youtube.com,"Knows"
youtube.com,youtube.com,"Knows"
googlevideo.com,youtube.com,"Knows"
googlevideo.com,youtube.com,"Knows"
googlevideo.com,youtube.com,"Knows"
youtube.com,youtube.com,"Knows"
googlevideo.com,youtube.com,"Knows"
youtube.com,youtube.com,"Knows"
gstatic.com,youtube.com,"Knows"
youtube.com,youtube.com,"Knows"
youtube.com,youtube.com,"Knows"
googlevideo.com,youtube.com,"Knows"
youtube.com,youtube.com,"Knows"
youtube.com,youtube.com,"Knows"
youtube.com,youtube.com,"Knows"
googlevideo.com,youtube.com,"Knows"
youtube.com,youtube.com,"Knows"
youtube.com,youtube.com,"Knows"
googlevideo.com,youtube.com,"Knows"
youtube.com,youtube.com,"Knows"
youtube.com,youtube.com,"Knows"
bdstatic.com,baidu.com,"Knows"
bdstatic.com,baidu.com,"Knows"
bdstatic.com,baidu.com,"Knows"
bdstatic.com,baidu.com,"Knows"
bdstatic.com,baidu.com,"Knows"
bdstatic.com,baidu.com,"Knows"
bdstatic.com,baidu.com,"Knows"
bdstatic.com,baidu.com,"Knows"
bdstatic.com,baidu.com,"Knows"
bdstatic.com,baidu.com,"Knows"
bdstatic.com,baidu.com,"Knows"
gstatic.com,yahoo.com,"Knows"
footprint.net,yahoo.com,"Knows"
wikipedia.org,wikipedia.org,"Knows"
wikipedia.org,wikipedia.org,"Knows"
wikipedia.org,wikipedia.org,"Knows"
wikipedia.org,wikipedia.org,"Knows"
wikipedia.org,wikipedia.org,"Knows"
wikipedia.org,wikipedia.org,"Knows"
wikipedia.org,wikipedia.org,"Knows"
wikipedia.org,wikipedia.org,"Knows"
wikipedia.org,wikipedia.org,"Knows"
wikipedia.org,wikipedia.org,"Knows"
wikipedia.org,wikipedia.org,"Knows"
wikipedia.org,wikipedia.org,"Knows"
wikipedia.org,wikipedia.org,"Knows"
wikipedia.org,wikipedia.org,"Knows"
wikipedia.org,wikipedia.org,"Knows"
wikipedia.org,wikipedia.org,"Knows"
wikipedia.org,wikipedia.org,"Knows"
wikipedia.org,wikipedia.org,"Knows"
wikipedia.org,wikipedia.org,"Knows"
wikimedia.org,wikipedia.org,"Knows"
wikipedia.org,wikipedia.org,"Knows"
qq.com,qq.com,"Knows"
qq.com,qq.com,"Knows"
qq.com,qq.com,"Knows"
gtimg.com,qq.com,"Knows"
gtimg.com,qq.com,"Knows"
gtimg.com,qq.com,"Knows"
gtimg.com,qq.com,"Knows"
gtimg.com,qq.com,"Knows"
gtimg.com,qq.com,"Knows"
gtimg.cn,qq.com,"Knows"
gtimg.cn,qq.com,"Knows"
gtimg.com,qq.com,"Knows"
qq.com,qq.com,"Knows"
gtimg.com,qq.com,"Knows"
gtimg.com,qq.com,"Knows"
gtimg.com,qq.com,"Knows"
gtimg.com,qq.com,"Knows"
gtimg.com,qq.com,"Knows"
gtimg.com,qq.com,"Knows"
gtimg.com,qq.com,"Knows"
gtimg.com,qq.com,"Knows"
gtimg.com,qq.com,"Knows"
gtimg.com,qq.com,"Knows"
gtimg.com,qq.com,"Knows"
gtimg.com,qq.com,"Knows"
gtimg.com,qq.com,"Knows"
gtimg.com,qq.com,"Knows"
gtimg.com,qq.com,"Knows"
gtimg.com,qq.com,"Knows"
gtimg.com,qq.com,"Knows"
gtimg.com,qq.com,"Knows"
gtimg.com,qq.com,"Knows"
gtimg.com,qq.com,"Knows"
gtimg.com,qq.com,"Knows"
gtimg.com,qq.com,"Knows"
gtimg.com,qq.com,"Knows"
gtimg.com,qq.com,"Knows"
gtimg.com,qq.com,"Knows"
gtimg.com,qq.com,"Knows"
gtimg.com,qq.com,"Knows"
gtimg.com,qq.com,"Knows"
gtimg.com,qq.com,"Knows"
gtimg.com,qq.com,"Knows"
gtimg.cn,qq.com,"Knows"
gtimg.cn,qq.com,"Knows"
gtimg.com,qq.com,"Knows"
gtimg.com,qq.com,"Knows"
gtimg.com,qq.com,"Knows"
gtimg.cn,qq.com,"Knows"
gtimg.com,qq.com,"Knows"
gtimg.com,qq.com,"Knows"
gtimg.com,qq.com,"Knows"
gtimg.com,qq.com,"Knows"
gtimg.com,qq.com,"Knows"
gtimg.com,qq.com,"Knows"
gtimg.com,qq.com,"Knows"
gtimg.com,qq.com,"Knows"
gtimg.com,qq.com,"Knows"
gtimg.com,qq.com,"Knows"
gtimg.com,qq.com,"Knows"
gtimg.com,qq.com,"Knows"
gtimg.com,qq.com,"Knows"
gtimg.com,qq.com,"Knows"
gtimg.com,qq.com,"Knows"
gtimg.com,qq.com,"Knows"
gtimg.com,qq.com,"Knows"
qq.com,qq.com,"Knows"
gtimg.com,qq.com,"Knows"
gtimg.com,qq.com,"Knows"
gtimg.com,qq.com,"Knows"
gtimg.com,qq.com,"Knows"
gtimg.com,qq.com,"Knows"
gtimg.com,qq.com,"Knows"
qq.com,qq.com,"Knows"
qq.com,qq.com,"Knows"
qq.com,qq.com,"Knows"
gtimg.com,qq.com,"Knows"
gtimg.com,qq.com,"Knows"
qq.com,qq.com,"Knows"
gtimg.com,qq.com,"Knows"
gtimg.com,qq.com,"Knows"
gtimg.com,qq.com,"Knows"
qq.com,qq.com,"Knows"
gtimg.com,qq.com,"Knows"
gtimg.com,qq.com,"Knows"
gtimg.com,qq.com,"Knows"
gtimg.com,qq.com,"Knows"
gtimg.com,qq.com,"Knows"
gtimg.com,qq.com,"Knows"
gtimg.com,qq.com,"Knows"
qq.com,qq.com,"Knows"
gtimg.com,qq.com,"Knows"
gtimg.com,qq.com,"Knows"
qq.com,qq.com,"Knows"
gtimg.com,qq.com,"Knows"
gtimg.com,qq.com,"Knows"
gtimg.com,qq.com,"Knows"
gtimg.com,qq.com,"Knows"
qq.com,qq.com,"Knows"
gtimg.com,qq.com,"Knows"
qq.com,qq.com,"Knows"
qq.com,qq.com,"Knows"
gtimg.com,qq.com,"Knows"
gtimg.com,qq.com,"Knows"
gtimg.com,qq.com,"Knows"
qq.com,qq.com,"Knows"
gtimg.com,qq.com,"Knows"
gtimg.com,qq.com,"Knows"
gtimg.com,qq.com,"Knows"
gtimg.com,qq.com,"Knows"
gtimg.com,qq.com,"Knows"
gtimg.com,qq.com,"Knows"
gtimg.com,qq.com,"Knows"
qq.com,qq.com,"Knows"
qq.com,qq.com,"Knows"
qq.com,qq.com,"Knows"
gtimg.com,qq.com,"Knows"
qq.com,qq.com,"Knows"
gtimg.com,qq.com,"Knows"
qq.com,qq.com,"Knows"
gtimg.com,qq.com,"Knows"
gtimg.com,qq.com,"Knows"
gtimg.com,qq.com,"Knows"
gtimg.com,qq.com,"Knows"
qq.com,qq.com,"Knows"
qq.com,qq.com,"Knows"
gtimg.com,qq.com,"Knows"
qq.com,qq.com,"Knows"
gtimg.com,qq.com,"Knows"
qq.com,qq.com,"Knows"
qq.com,qq.com,"Knows"
qq.com,qq.com,"Knows"
gtimg.com,qq.com,"Knows"
qq.com,qq.com,"Knows"
qq.com,qq.com,"Knows"
qq.com,qq.com,"Knows"
qq.com,qq.com,"Knows"
qq.com,qq.com,"Knows"
qq.com,qq.com,"Knows"
qq.com,qq.com,"Knows"
qq.com,qq.com,"Knows"
qq.com,qq.com,"Knows"
qq.com,qq.com,"Knows"
gtimg.com,qq.com,"Knows"
qq.com,qq.com,"Knows"
qq.com,qq.com,"Knows"
qq.com,qq.com,"Knows"
qq.com,qq.com,"Knows"
qq.com,qq.com,"Knows"
qq.com,qq.com,"Knows"
qq.com,qq.com,"Knows"
gtimg.com,qq.com,"Knows"
qq.com,qq.com,"Knows"
qq.com,qq.com,"Knows"
gtimg.com,qq.com,"Knows"
gtimg.cn,qq.com,"Knows"
gtimg.com,qq.com,"Knows"
qq.com,qq.com,"Knows"
com.cn,qq.com,"Knows"
gtimg.com,qq.com,"Knows"
gtimg.com,qq.com,"Knows"
gtimg.com,qq.com,"Knows"
gtimg.com,qq.com,"Knows"
gtimg.com,qq.com,"Knows"
gtimg.com,qq.com,"Knows"
gtimg.com,qq.com,"Knows"
qq.com,qq.com,"Knows"
qq.com,qq.com,"Knows"
qq.com,qq.com,"Knows"
gtimg.com,qq.com,"Knows"
gtimg.cn,qq.com,"Knows"
alicdn.com,qq.com,"Knows"
alicdn.com,qq.com,"Knows"
gtimg.com,qq.com,"Knows"
gtimg.com,qq.com,"Knows"
taobaocdn.com,qq.com,"Knows"
jd.com,qq.com,"Knows"
alicdn.com,qq.com,"Knows"
alicdn.com,qq.com,"Knows"
taobao.com,qq.com,"Knows"
jd.com,qq.com,"Knows"
trafficjam.cn,qq.com,"Knows"
jd.com,qq.com,"Knows"
3.cn,qq.com,"Knows"
taobao.com,qq.com,"Knows"
taobaocdn.com,qq.com,"Knows"
taobaocdn.com,qq.com,"Knows"
taobaocdn.com,qq.com,"Knows"
alicdn.com,qq.com,"Knows"
jd.com,qq.com,"Knows"
alicdn.com,qq.com,"Knows"
gtimg.cn,qq.com,"Knows"
alicdn.com,qq.com,"Knows"
jd.com,qq.com,"Knows"
jd.com,qq.com,"Knows"
alicdn.com,qq.com,"Knows"
jd.com,qq.com,"Knows"
taobao.com,qq.com,"Knows"
alicdn.com,qq.com,"Knows"
jd.com,qq.com,"Knows"
alicdn.com,qq.com,"Knows"
jd.com,qq.com,"Knows"
alicdn.com,qq.com,"Knows"
alicdn.com,qq.com,"Knows"
alicdn.com,qq.com,"Knows"
alicdn.com,qq.com,"Knows"
alicdn.com,qq.com,"Knows"
alicdn.com,qq.com,"Knows"
alicdn.com,qq.com,"Knows"
alicdn.com,qq.com,"Knows"
alicdn.com,qq.com,"Knows"
alicdn.com,qq.com,"Knows"
alicdn.com,qq.com,"Knows"
mozilla.com,twitter.com,"Knows"
twimg.com,twitter.com,"Knows"
twimg.com,twitter.com,"Knows"
twimg.com,twitter.com,"Knows"
twimg.com,twitter.com,"Knows"
twimg.com,twitter.com,"Knows"
twimg.com,twitter.com,"Knows"
twimg.com,twitter.com,"Knows"
twimg.com,twitter.com,"Knows"
twimg.com,twitter.com,"Knows"
twimg.com,twitter.com,"Knows"
google-analytics.com,twitter.com,"Knows"
google-analytics.com,twitter.com,"Knows"
google.co.in,google.co.in,"Knows"
google.co.in,google.co.in,"Knows"
google.co.in,google.co.in,"Knows"
google.co.in,google.co.in,"Knows"
gstatic.com,google.co.in,"Knows"
google.co.in,google.co.in,"Knows"
google.co.in,google.co.in,"Knows"
google.co.in,google.co.in,"Knows"
gstatic.com,google.co.in,"Knows"
google.co.in,google.co.in,"Knows"
google.co.in,google.co.in,"Knows"
google.co.in,google.co.in,"Knows"
google.co.in,google.co.in,"Knows"
taobao.com,taobao.com,"Knows"
taobao.com,taobao.com,"Knows"
taobao.com,taobao.com,"Knows"
taobao.com,taobao.com,"Knows"
alicdn.com,taobao.com,"Knows"
alicdn.com,taobao.com,"Knows"
alicdn.com,taobao.com,"Knows"
alicdn.com,taobao.com,"Knows"
alicdn.com,taobao.com,"Knows"
alicdn.com,taobao.com,"Knows"
alicdn.com,taobao.com,"Knows"
alicdn.com,taobao.com,"Knows"
alicdn.com,taobao.com,"Knows"
alicdn.com,taobao.com,"Knows"
alicdn.com,taobao.com,"Knows"
alicdn.com,taobao.com,"Knows"
alicdn.com,taobao.com,"Knows"
alicdn.com,taobao.com,"Knows"
alicdn.com,taobao.com,"Knows"
alicdn.com,taobao.com,"Knows"
alicdn.com,taobao.com,"Knows"
alicdn.com,taobao.com,"Knows"
alicdn.com,taobao.com,"Knows"
alicdn.com,taobao.com,"Knows"
alicdn.com,taobao.com,"Knows"
alicdn.com,taobao.com,"Knows"
alicdn.com,taobao.com,"Knows"
alicdn.com,taobao.com,"Knows"
alicdn.com,taobao.com,"Knows"
alicdn.com,taobao.com,"Knows"
alicdn.com,taobao.com,"Knows"
alicdn.com,taobao.com,"Knows"
alicdn.com,taobao.com,"Knows"
alicdn.com,taobao.com,"Knows"
alicdn.com,taobao.com,"Knows"
alicdn.com,taobao.com,"Knows"
alicdn.com,taobao.com,"Knows"
alicdn.com,taobao.com,"Knows"
alicdn.com,taobao.com,"Knows"
alicdn.com,taobao.com,"Knows"
alicdn.com,taobao.com,"Knows"
alicdn.com,taobao.com,"Knows"
alicdn.com,taobao.com,"Knows"
alicdn.com,taobao.com,"Knows"
alicdn.com,taobao.com,"Knows"
alicdn.com,taobao.com,"Knows"
alicdn.com,taobao.com,"Knows"
alicdn.com,taobao.com,"Knows"
alicdn.com,taobao.com,"Knows"
alicdn.com,taobao.com,"Knows"
alicdn.com,taobao.com,"Knows"
alicdn.com,taobao.com,"Knows"
alicdn.com,taobao.com,"Knows"
alicdn.com,taobao.com,"Knows"
alicdn.com,taobao.com,"Knows"
alicdn.com,taobao.com,"Knows"
alicdn.com,taobao.com,"Knows"
alicdn.com,taobao.com,"Knows"
alicdn.com,taobao.com,"Knows"
alicdn.com,taobao.com,"Knows"
alicdn.com,taobao.com,"Knows"
alicdn.com,taobao.com,"Knows"
alicdn.com,taobao.com,"Knows"
alicdn.com,taobao.com,"Knows"
alicdn.com,taobao.com,"Knows"
alicdn.com,taobao.com,"Knows"
taobao.com,taobao.com,"Knows"
alicdn.com,taobao.com,"Knows"
alicdn.com,taobao.com,"Knows"
alicdn.com,taobao.com,"Knows"
alicdn.com,taobao.com,"Knows"
alicdn.com,taobao.com,"Knows"
taobao.com,taobao.com,"Knows"
taobao.com,taobao.com,"Knows"
taobao.com,taobao.com,"Knows"
taobao.com,taobao.com,"Knows"
alicdn.com,taobao.com,"Knows"
alicdn.com,taobao.com,"Knows"
alicdn.com,taobao.com,"Knows"
alicdn.com,taobao.com,"Knows"
alicdn.com,taobao.com,"Knows"
alicdn.com,taobao.com,"Knows"
alicdn.com,taobao.com,"Knows"
taobao.com,taobao.com,"Knows"
taobao.com,taobao.com,"Knows"
taobao.com,taobao.com,"Knows"
alicdn.com,taobao.com,"Knows"
alicdn.com,taobao.com,"Knows"
alicdn.com,taobao.com,"Knows"
alicdn.com,taobao.com,"Knows"
alicdn.com,taobao.com,"Knows"
alicdn.com,taobao.com,"Knows"
alicdn.com,taobao.com,"Knows"
alicdn.com,taobao.com,"Knows"
alicdn.com,taobao.com,"Knows"
alicdn.com,taobao.com,"Knows"
alicdn.com,taobao.com,"Knows"
alicdn.com,taobao.com,"Knows"
alicdn.com,taobao.com,"Knows"
alicdn.com,taobao.com,"Knows"
taobao.com,taobao.com,"Knows"
taobao.com,taobao.com,"Knows"
tmall.com,taobao.com,"Knows"
tmall.com,tmall.com,"Knows"
alicdn.com,taobao.com,"Knows"
alicdn.com,taobao.com,"Knows"
taobao.com,taobao.com,"Knows"
gstatic.com,taobao.com,"Knows"
tbcdn.cn,taobao.com,"Knows"
taobao.com,taobao.com,"Knows"
live.com,live.com,"Knows"
live.com,live.com,"Knows"
live.com,live.com,"Knows"
live.com,live.com,"Knows"
gfx.ms,live.com,"Knows"
gfx.ms,live.com,"Knows"
gfx.ms,live.com,"Knows"
gfx.ms,live.com,"Knows"
gfx.ms,live.com,"Knows"
live.com,live.com,"Knows"
live.com,live.com,"Knows"
live.com,live.com,"Knows"
live.com,live.com,"Knows"
live.com,live.com,"Knows"
live.com,live.com,"Knows"
live.com,live.com,"Knows"
sina.com.cn,sina.com.cn,"Knows"
sina.com.cn,sina.com.cn,"Knows"
sina.com.cn,sina.com.cn,"Knows"
sina.com.cn,sina.com.cn,"Knows"
sina.com.cn,sina.com.cn,"Knows"
sina.com.cn,sina.com.cn,"Knows"
sina.com.cn,sina.com.cn,"Knows"
sina.com.cn,sina.com.cn,"Knows"
sina.com.cn,sina.com.cn,"Knows"
sina.com.cn,sina.com.cn,"Knows"
sinaimg.cn,sina.com.cn,"Knows"
sina.com.cn,sina.com.cn,"Knows"
sina.com.cn,sina.com.cn,"Knows"
sina.com.cn,sina.com.cn,"Knows"
sinaimg.cn,sina.com.cn,"Knows"
sinaimg.cn,sina.com.cn,"Knows"
sinaimg.cn,sina.com.cn,"Knows"
sinaimg.cn,sina.com.cn,"Knows"
sinaimg.cn,sina.com.cn,"Knows"
sina.com.cn,sina.com.cn,"Knows"
sina.com.cn,sina.com.cn,"Knows"
sinaimg.cn,sina.com.cn,"Knows"
sinaimg.cn,sina.com.cn,"Knows"
sinaimg.cn,sina.com.cn,"Knows"
sinaimg.cn,sina.com.cn,"Knows"
sina.com.cn,sina.com.cn,"Knows"
sinaimg.cn,sina.com.cn,"Knows"
sinaimg.cn,sina.com.cn,"Knows"
sinaimg.cn,sina.com.cn,"Knows"
sinastorage.com,sina.com.cn,"Knows"
esfimg.com,sina.com.cn,"Knows"
sina.com.cn,sina.com.cn,"Knows"
sina.com.cn,sina.com.cn,"Knows"
sinajs.cn,sina.com.cn,"Knows"
sinaimg.cn,sina.com.cn,"Knows"
sina.com.cn,sina.com.cn,"Knows"
sina.com.cn,sina.com.cn,"Knows"
sinaimg.cn,sina.com.cn,"Knows"
sina.com.cn,sina.com.cn,"Knows"
sinaimg.cn,sina.com.cn,"Knows"
sina.com.cn,sina.com.cn,"Knows"
sinajs.cn,sina.com.cn,"Knows"
sina.com.cn,sina.com.cn,"Knows"
sina.com.cn,sina.com.cn,"Knows"
sinajs.cn,sina.com.cn,"Knows"
sina.com.cn,sina.com.cn,"Knows"
sina.com.cn,sina.com.cn,"Knows"
sina.com.cn,sina.com.cn,"Knows"
sina.com.cn,sina.com.cn,"Knows"
sina.com.cn,sina.com.cn,"Knows"
sina.com.cn,sina.com.cn,"Knows"
sinaimg.cn,sina.com.cn,"Knows"
sina.com.cn,sina.com.cn,"Knows"
sinaimg.cn,sina.com.cn,"Knows"
sinaimg.cn,sina.com.cn,"Knows"
sinaimg.cn,sina.com.cn,"Knows"
sinaimg.cn,sina.com.cn,"Knows"
sinaimg.cn,sina.com.cn,"Knows"
sina.com.cn,sina.com.cn,"Knows"
weibo.com,sina.com.cn,"Knows"
sinaimg.cn,sina.com.cn,"Knows"
sinaimg.cn,sina.com.cn,"Knows"
sinaimg.cn,sina.com.cn,"Knows"
sina.com.cn,sina.com.cn,"Knows"
sina.com.cn,sina.com.cn,"Knows"
sina.com.cn,sina.com.cn,"Knows"
sinaimg.cn,sina.com.cn,"Knows"
sina.com.cn,sina.com.cn,"Knows"
sina.com.cn,sina.com.cn,"Knows"
sinaimg.cn,sina.com.cn,"Knows"
sina.com.cn,sina.com.cn,"Knows"
sinaimg.cn,sina.com.cn,"Knows"
sina.com.cn,sina.com.cn,"Knows"
sinaimg.cn,sina.com.cn,"Knows"
sinaimg.cn,sina.com.cn,"Knows"
sina.com.cn,sina.com.cn,"Knows"
sina.com.cn,sina.com.cn,"Knows"
sina.com.cn,sina.com.cn,"Knows"
sina.com.cn,sina.com.cn,"Knows"
sina.com.cn,sina.com.cn,"Knows"
sinaimg.cn,sina.com.cn,"Knows"
sinaimg.cn,sina.com.cn,"Knows"
sinaimg.cn,sina.com.cn,"Knows"
sinaimg.cn,sina.com.cn,"Knows"
sina.com.cn,sina.com.cn,"Knows"
sina.com.cn,sina.com.cn,"Knows"
sina.com.cn,sina.com.cn,"Knows"
sina.com.cn,sina.com.cn,"Knows"
sina.com.cn,sina.com.cn,"Knows"
sina.com.cn,sina.com.cn,"Knows"
sina.com.cn,sina.com.cn,"Knows"
sina.com.cn,sina.com.cn,"Knows"
sina.com.cn,sina.com.cn,"Knows"
sina.com.cn,sina.com.cn,"Knows"
sina.com.cn,sina.com.cn,"Knows"
sina.com.cn,sina.com.cn,"Knows"
sina.com.cn,sina.com.cn,"Knows"
sina.com.cn,sina.com.cn,"Knows"
sina.com.cn,sina.com.cn,"Knows"
sina.com.cn,sina.com.cn,"Knows"
sina.com.cn,sina.com.cn,"Knows"
sina.com.cn,sina.com.cn,"Knows"
sina.com.cn,sina.com.cn,"Knows"
sina.com.cn,sina.com.cn,"Knows"
sina.com.cn,sina.com.cn,"Knows"
sina.com.cn,sina.com.cn,"Knows"
sina.com.cn,sina.com.cn,"Knows"
sina.com.cn,sina.com.cn,"Knows"
sina.com.cn,sina.com.cn,"Knows"
sina.com.cn,sina.com.cn,"Knows"
sina.com.cn,sina.com.cn,"Knows"
sina.com.cn,sina.com.cn,"Knows"
sina.com.cn,sina.com.cn,"Knows"
sina.com.cn,sina.com.cn,"Knows"
sina.com.cn,sina.com.cn,"Knows"
sina.com.cn,sina.com.cn,"Knows"
sina.com.cn,sina.com.cn,"Knows"
sina.com.cn,sina.com.cn,"Knows"
sina.com.cn,sina.com.cn,"Knows"
sina.com.cn,sina.com.cn,"Knows"
sinaimg.cn,sina.com.cn,"Knows"
sina.com.cn,sina.com.cn,"Knows"
sinaimg.cn,sina.com.cn,"Knows"
sina.com.cn,sina.com.cn,"Knows"
sina.com.cn,sina.com.cn,"Knows"
sina.com.cn,sina.com.cn,"Knows"
sina.com.cn,sina.com.cn,"Knows"
sina.com.cn,sina.com.cn,"Knows"
sina.com.cn,sina.com.cn,"Knows"
sinaimg.cn,sina.com.cn,"Knows"
sina.com.cn,sina.com.cn,"Knows"
sina.com.cn,sina.com.cn,"Knows"
sina.com.cn,sina.com.cn,"Knows"
sina.com.cn,sina.com.cn,"Knows"
sina.com.cn,sina.com.cn,"Knows"
sina.com.cn,sina.com.cn,"Knows"
sina.com.cn,sina.com.cn,"Knows"
sinaimg.cn,sina.com.cn,"Knows"
sina.com.cn,sina.com.cn,"Knows"
sinaimg.cn,sina.com.cn,"Knows"
sinaimg.cn,sina.com.cn,"Knows"
sinaimg.cn,sina.com.cn,"Knows"
sinaimg.cn,sina.com.cn,"Knows"
sinaimg.cn,sina.com.cn,"Knows"
sinaimg.cn,sina.com.cn,"Knows"
sinaimg.cn,sina.com.cn,"Knows"
sinaimg.cn,sina.com.cn,"Knows"
sina.com.cn,sina.com.cn,"Knows"
sinaimg.cn,sina.com.cn,"Knows"
sinaimg.cn,sina.com.cn,"Knows"
sinaimg.cn,sina.com.cn,"Knows"
sinaimg.cn,sina.com.cn,"Knows"
sinaimg.cn,sina.com.cn,"Knows"
sinaimg.cn,sina.com.cn,"Knows"
sina.com.cn,sina.com.cn,"Knows"
sina.com.cn,sina.com.cn,"Knows"
sina.com.cn,sina.com.cn,"Knows"
sina.com.cn,sina.com.cn,"Knows"
sina.com.cn,sina.com.cn,"Knows"
sina.com.cn,sina.com.cn,"Knows"
sina.com.cn,sina.com.cn,"Knows"
sinaimg.cn,sina.com.cn,"Knows"
sinaimg.cn,sina.com.cn,"Knows"
sinaimg.cn,sina.com.cn,"Knows"
sinaimg.cn,sina.com.cn,"Knows"
sina.com.cn,sina.com.cn,"Knows"
sinaimg.cn,sina.com.cn,"Knows"
sinaimg.cn,sina.com.cn,"Knows"
sina.com.cn,sina.com.cn,"Knows"
sina.com.cn,sina.com.cn,"Knows"
sinaimg.cn,sina.com.cn,"Knows"
sina.com.cn,sina.com.cn,"Knows"
sina.com.cn,sina.com.cn,"Knows"
sinaimg.cn,sina.com.cn,"Knows"
sina.com.cn,sina.com.cn,"Knows"
sinaimg.cn,sina.com.cn,"Knows"
sina.com.cn,sina.com.cn,"Knows"
sina.com.cn,sina.com.cn,"Knows"
sinaimg.cn,sina.com.cn,"Knows"
sinaimg.cn,sina.com.cn,"Knows"
sinaimg.cn,sina.com.cn,"Knows"
sinaimg.cn,sina.com.cn,"Knows"
sinaimg.cn,sina.com.cn,"Knows"
sinaimg.cn,sina.com.cn,"Knows"
sinaimg.cn,sina.com.cn,"Knows"
sinaimg.cn,sina.com.cn,"Knows"
sina.com.cn,sina.com.cn,"Knows"
sinaimg.cn,sina.com.cn,"Knows"
sinaimg.cn,sina.com.cn,"Knows"
sinaimg.cn,sina.com.cn,"Knows"
sina.com.cn,sina.com.cn,"Knows"
sinaimg.cn,sina.com.cn,"Knows"
sinaimg.cn,sina.com.cn,"Knows"
sina.com.cn,sina.com.cn,"Knows"
sinaimg.cn,sina.com.cn,"Knows"
sina.com.cn,sina.com.cn,"Knows"
sina.com.cn,sina.com.cn,"Knows"
sinaimg.cn,sina.com.cn,"Knows"
sinaimg.cn,sina.com.cn,"Knows"
sina.com.cn,sina.com.cn,"Knows"
sina.com.cn,sina.com.cn,"Knows"
sinaimg.cn,sina.com.cn,"Knows"
sinaimg.cn,sina.com.cn,"Knows"
sina.com.cn,sina.com.cn,"Knows"
sina.com.cn,sina.com.cn,"Knows"
sina.com.cn,sina.com.cn,"Knows"
sina.com.cn,sina.com.cn,"Knows"
sina.com.cn,sina.com.cn,"Knows"
sina.com.cn,sina.com.cn,"Knows"
sina.com.cn,sina.com.cn,"Knows"
sina.com.cn,sina.com.cn,"Knows"
sina.com.cn,sina.com.cn,"Knows"
sina.com.cn,sina.com.cn,"Knows"
sina.com.cn,sina.com.cn,"Knows"
sina.com.cn,sina.com.cn,"Knows"
sina.com.cn,sina.com.cn,"Knows"
sina.com.cn,sina.com.cn,"Knows"
sinaimg.cn,sina.com.cn,"Knows"
sinaimg.cn,sina.com.cn,"Knows"
sina.com.cn,sina.com.cn,"Knows"
sina.com.cn,sina.com.cn,"Knows"
sinaimg.cn,sina.com.cn,"Knows"
sinaimg.cn,sina.com.cn,"Knows"
sinaimg.cn,sina.com.cn,"Knows"
sina.com.cn,sina.com.cn,"Knows"
sina.com.cn,sina.com.cn,"Knows"
sina.com.cn,sina.com.cn,"Knows"
sina.com.cn,sina.com.cn,"Knows"
sina.com.cn,sina.com.cn,"Knows"
sina.com.cn,sina.com.cn,"Knows"
sina.com.cn,sina.com.cn,"Knows"
sinaimg.cn,sina.com.cn,"Knows"
sina.com.cn,sina.com.cn,"Knows"
sina.com.cn,sina.com.cn,"Knows"
sina.com.cn,sina.com.cn,"Knows"
sina.com.cn,sina.com.cn,"Knows"
sina.com.cn,sina.com.cn,"Knows"
sina.com.cn,sina.com.cn,"Knows"
sina.com.cn,sina.com.cn,"Knows"
sina.com.cn,sina.com.cn,"Knows"
sina.com.cn,sina.com.cn,"Knows"
sina.com.cn,sina.com.cn,"Knows"
sina.com.cn,sina.com.cn,"Knows"
sina.com.cn,sina.com.cn,"Knows"
sina.com.cn,sina.com.cn,"Knows"
sinaimg.cn,sina.com.cn,"Knows"
sina.com.cn,sina.com.cn,"Knows"
sinaimg.cn,sina.com.cn,"Knows"
sina.com.cn,sina.com.cn,"Knows"
sina.com.cn,sina.com.cn,"Knows"
sina.com.cn,sina.com.cn,"Knows"
sina.com.cn,sina.com.cn,"Knows"
sina.com.cn,sina.com.cn,"Knows"
sina.com.cn,sina.com.cn,"Knows"
sina.com.cn,sina.com.cn,"Knows"
sina.com.cn,sina.com.cn,"Knows"
sina.com.cn,sina.com.cn,"Knows"
sina.com.cn,sina.com.cn,"Knows"
sina.com.cn,sina.com.cn,"Knows"
sina.com.cn,sina.com.cn,"Knows"
sina.com.cn,sina.com.cn,"Knows"
sina.com.cn,sina.com.cn,"Knows"
sina.com.cn,sina.com.cn,"Knows"
sina.com.cn,sina.com.cn,"Knows"
sina.com.cn,sina.com.cn,"Knows"
sina.com.cn,sina.com.cn,"Knows"
sina.com.cn,sina.com.cn,"Knows"
sina.com.cn,sina.com.cn,"Knows"
sina.com.cn,sina.com.cn,"Knows"
sina.com.cn,sina.com.cn,"Knows"
sina.com.cn,sina.com.cn,"Knows"
sina.com.cn,sina.com.cn,"Knows"
sinaimg.cn,sina.com.cn,"Knows"
sina.com.cn,sina.com.cn,"Knows"
sina.com.cn,sina.com.cn,"Knows"
sina.com.cn,sina.com.cn,"Knows"
sina.com.cn,sina.com.cn,"Knows"
sina.com.cn,sina.com.cn,"Knows"
sina.com.cn,sina.com.cn,"Knows"
sina.com.cn,sina.com.cn,"Knows"
sina.com.cn,sina.com.cn,"Knows"
sina.com.cn,sina.com.cn,"Knows"
sina.com.cn,sina.com.cn,"Knows"
sina.com.cn,sina.com.cn,"Knows"
sina.com.cn,sina.com.cn,"Knows"
sina.com.cn,sina.com.cn,"Knows"
sina.com.cn,sina.com.cn,"Knows"
sina.com.cn,sina.com.cn,"Knows"
sina.com.cn,sina.com.cn,"Knows"
sina.com.cn,sina.com.cn,"Knows"
sinaimg.cn,sina.com.cn,"Knows"
sina.com.cn,sina.com.cn,"Knows"
sina.com.cn,sina.com.cn,"Knows"
sina.com.cn,sina.com.cn,"Knows"
sina.com.cn,sina.com.cn,"Knows"
alicdn.com,sina.com.cn,"Knows"
weibo.com,sina.com.cn,"Knows"
weibo.com,sina.com.cn,"Knows"
sinaimg.cn,sina.com.cn,"Knows"
sina.com.cn,sina.com.cn,"Knows"
sina.com.cn,sina.com.cn,"Knows"
sina.com.cn,sina.com.cn,"Knows"
sina.com.cn,sina.com.cn,"Knows"
sina.com.cn,sina.com.cn,"Knows"
sina.com.cn,sina.com.cn,"Knows"
sina.com.cn,sina.com.cn,"Knows"
sinajs.cn,sina.com.cn,"Knows"
alicdn.com,sina.com.cn,"Knows"
leju.com,sina.com.cn,"Knows"
weibo.com,sina.com.cn,"Knows"
alicdn.com,sina.com.cn,"Knows"
alicdn.com,sina.com.cn,"Knows"
alicdn.com,sina.com.cn,"Knows"
alicdn.com,sina.com.cn,"Knows"
alicdn.com,sina.com.cn,"Knows"
weibo.com,sina.com.cn,"Knows"
sina.com.cn,sina.com.cn,"Knows"
alicdn.com,sina.com.cn,"Knows"
qq.com,sina.com.cn,"Knows"
alicdn.com,sina.com.cn,"Knows"
sina.com.cn,sina.com.cn,"Knows"
alicdn.com,sina.com.cn,"Knows"
sina.com.cn,sina.com.cn,"Knows"
sina.com.cn,sina.com.cn,"Knows"
sina.com.cn,sina.com.cn,"Knows"
sina.com.cn,sina.com.cn,"Knows"
taobao.com,sina.com.cn,"Knows"
uuzuonline.com,sina.com.cn,"Knows"
alicdn.com,sina.com.cn,"Knows"
alibaba.com,sina.com.cn,"Knows"
sina.com.cn,sina.com.cn,"Knows"
sina.com.cn,sina.com.cn,"Knows"
sina.com.cn,sina.com.cn,"Knows"
sina.com.cn,sina.com.cn,"Knows"
sinajs.cn,sina.com.cn,"Knows"
taobaocdn.com,sina.com.cn,"Knows"
sinajs.cn,sina.com.cn,"Knows"
taobao.com,sina.com.cn,"Knows"
taobao.com,sina.com.cn,"Knows"
sina.com.cn,sina.com.cn,"Knows"
alicdn.com,sina.com.cn,"Knows"
sina.com.cn,sina.com.cn,"Knows"
taobaocdn.com,sina.com.cn,"Knows"
taobao.com,sina.com.cn,"Knows"
jd.com,sina.com.cn,"Knows"
sina.com.cn,sina.com.cn,"Knows"
alicdn.com,sina.com.cn,"Knows"
taobaocdn.com,sina.com.cn,"Knows"
sinajs.cn,sina.com.cn,"Knows"
sina.com.cn,sina.com.cn,"Knows"
taobao.com,sina.com.cn,"Knows"
alicdn.com,sina.com.cn,"Knows"
jd.com,sina.com.cn,"Knows"
alicdn.com,sina.com.cn,"Knows"
alicdn.com,sina.com.cn,"Knows"
jd.com,sina.com.cn,"Knows"
jd.com,sina.com.cn,"Knows"
3.cn,sina.com.cn,"Knows"
taobaocdn.com,sina.com.cn,"Knows"
jd.com,sina.com.cn,"Knows"
jd.com,sina.com.cn,"Knows"
jd.com,sina.com.cn,"Knows"
jd.com,sina.com.cn,"Knows"
sina.com.cn,sina.com.cn,"Knows"
sinajs.cn,sina.com.cn,"Knows"
jd.com,sina.com.cn,"Knows"
jd.com,sina.com.cn,"Knows"
taobao.com,sina.com.cn,"Knows"
jd.com,sina.com.cn,"Knows"
jd.com,sina.com.cn,"Knows"
jd.com,sina.com.cn,"Knows"
jd.com,sina.com.cn,"Knows"
sina.com.cn,sina.com.cn,"Knows"
taobao.com,sina.com.cn,"Knows"
alicdn.com,sina.com.cn,"Knows"
alicdn.com,sina.com.cn,"Knows"
alicdn.com,sina.com.cn,"Knows"
alicdn.com,sina.com.cn,"Knows"
jd.com,sina.com.cn,"Knows"
taobaocdn.com,sina.com.cn,"Knows"
weibo.com,sina.com.cn,"Knows"
alipay.com,sina.com.cn,"Knows"
sina.com.cn,sina.com.cn,"Knows"
jd.com,sina.com.cn,"Knows"
sina.com.cn,sina.com.cn,"Knows"
sinajs.cn,sina.com.cn,"Knows"
taobaocdn.com,sina.com.cn,"Knows"
jd.com,sina.com.cn,"Knows"
alicdn.com,sina.com.cn,"Knows"
jd.com,sina.com.cn,"Knows"
jd.com,sina.com.cn,"Knows"
jd.com,sina.com.cn,"Knows"
alibaba.com,sina.com.cn,"Knows"
alicdn.com,sina.com.cn,"Knows"
alicdn.com,sina.com.cn,"Knows"
jd.com,sina.com.cn,"Knows"
alicdn.com,sina.com.cn,"Knows"
sinajs.cn,sina.com.cn,"Knows"
alicdn.com,sina.com.cn,"Knows"
taobaocdn.com,sina.com.cn,"Knows"
jd.com,sina.com.cn,"Knows"
alicdn.com,sina.com.cn,"Knows"
taobaocdn.com,sina.com.cn,"Knows"
alicdn.com,sina.com.cn,"Knows"
alicdn.com,sina.com.cn,"Knows"
sinajs.cn,sina.com.cn,"Knows"
taobaocdn.com,sina.com.cn,"Knows"
sinajs.cn,sina.com.cn,"Knows"
sina.com.cn,sina.com.cn,"Knows"
sina.com.cn,sina.com.cn,"Knows"
sina.com.cn,sina.com.cn,"Knows"
sinaimg.cn,sina.com.cn,"Knows"
sinaimg.cn,sina.com.cn,"Knows"
weibo.com,weibo.com,"Knows"
weibo.com,weibo.com,"Knows"
weibo.com,weibo.com,"Knows"
sina.com,weibo.com,"Knows"
sina.com,weibo.com,"Knows"
sina.com,weibo.com,"Knows"
sina.com,weibo.com,"Knows"
sina.com,weibo.com,"Knows"
sina.com,weibo.com,"Knows"
sina.com,weibo.com,"Knows"
sina.com,weibo.com,"Knows"
sina.com,weibo.com,"Knows"
sina.com,weibo.com,"Knows"
sina.com,weibo.com,"Knows"
sina.com.cn,weibo.com,"Knows"
weibo.com,weibo.com,"Knows"
weibo.com,weibo.com,"Knows"
weibo.com,weibo.com,"Knows"
weibo.com,weibo.com,"Knows"
weibo.com,weibo.com,"Knows"
weibo.com,weibo.com,"Knows"
weibo.com,weibo.com,"Knows"
weibo.com,weibo.com,"Knows"
weibo.com,weibo.com,"Knows"
weibo.com,weibo.com,"Knows"
weibo.com,weibo.com,"Knows"
weibo.com,weibo.com,"Knows"
weibo.com,weibo.com,"Knows"
sina.com,weibo.com,"Knows"
sina.com,weibo.com,"Knows"
sina.com,weibo.com,"Knows"
sina.com,weibo.com,"Knows"
sina.com,weibo.com,"Knows"
sina.com,weibo.com,"Knows"
sina.com,weibo.com,"Knows"
sina.com,weibo.com,"Knows"
sina.com,weibo.com,"Knows"
sina.com,weibo.com,"Knows"
sina.com,weibo.com,"Knows"
sina.com,weibo.com,"Knows"
sina.com,weibo.com,"Knows"
sina.com,weibo.com,"Knows"
sina.com,weibo.com,"Knows"
sina.com,weibo.com,"Knows"
sina.com,weibo.com,"Knows"
sina.com,weibo.com,"Knows"
sina.com,weibo.com,"Knows"
sina.com,weibo.com,"Knows"
sina.com,weibo.com,"Knows"
sina.com,weibo.com,"Knows"
sinaimg.cn,weibo.com,"Knows"
sinaimg.cn,weibo.com,"Knows"
sinaimg.cn,weibo.com,"Knows"
sinaimg.cn,weibo.com,"Knows"
weibo.com,weibo.com,"Knows"
sina.com,weibo.com,"Knows"
sina.com,weibo.com,"Knows"
sinaimg.cn,weibo.com,"Knows"
sinaimg.cn,weibo.com,"Knows"
sinaimg.cn,weibo.com,"Knows"
sinaimg.cn,weibo.com,"Knows"
sinaimg.cn,weibo.com,"Knows"
sinaimg.cn,weibo.com,"Knows"
sinaimg.cn,weibo.com,"Knows"
sinaimg.cn,weibo.com,"Knows"
sinaimg.cn,weibo.com,"Knows"
google-analytics.com,weibo.com,"Knows"
gstatic.com,weibo.com,"Knows"
google-analytics.com,weibo.com,"Knows"
weibo.com,weibo.com,"Knows"
weibo.com,weibo.com,"Knows"
weibo.com,weibo.com,"Knows"
sina.com,weibo.com,"Knows"
weibo.com,weibo.com,"Knows"
weibo.com,weibo.com,"Knows"
weibo.com,weibo.com,"Knows"
weibo.com,weibo.com,"Knows"
yahoo.co.jp,yahoo.co.jp,"Knows"
yahoo.co.jp,yahoo.co.jp,"Knows"
yimg.jp,yahoo.co.jp,"Knows"
yimg.jp,yahoo.co.jp,"Knows"
yimg.jp,yahoo.co.jp,"Knows"
yahoo.co.jp,yahoo.co.jp,"Knows"
yimg.jp,yahoo.co.jp,"Knows"
yimg.jp,yahoo.co.jp,"Knows"
yimg.jp,yahoo.co.jp,"Knows"
yimg.jp,yahoo.co.jp,"Knows"
yimg.jp,yahoo.co.jp,"Knows"
yimg.jp,yahoo.co.jp,"Knows"
yimg.jp,yahoo.co.jp,"Knows"
yimg.jp,yahoo.co.jp,"Knows"
yimg.jp,yahoo.co.jp,"Knows"
yimg.jp,yahoo.co.jp,"Knows"
yimg.jp,yahoo.co.jp,"Knows"
yimg.jp,yahoo.co.jp,"Knows"
yimg.jp,yahoo.co.jp,"Knows"
yimg.jp,yahoo.co.jp,"Knows"
yimg.jp,yahoo.co.jp,"Knows"
yimg.jp,yahoo.co.jp,"Knows"
yimg.jp,yahoo.co.jp,"Knows"
yimg.jp,yahoo.co.jp,"Knows"
yimg.jp,yahoo.co.jp,"Knows"
yimg.jp,yahoo.co.jp,"Knows"
yimg.jp,yahoo.co.jp,"Knows"
yimg.jp,yahoo.co.jp,"Knows"
yimg.jp,yahoo.co.jp,"Knows"
yimg.jp,yahoo.co.jp,"Knows"
yimg.jp,yahoo.co.jp,"Knows"
yimg.jp,yahoo.co.jp,"Knows"
yimg.jp,yahoo.co.jp,"Knows"
yimg.jp,yahoo.co.jp,"Knows"
yimg.jp,yahoo.co.jp,"Knows"
yimg.jp,yahoo.co.jp,"Knows"
yimg.jp,yahoo.co.jp,"Knows"
yimg.jp,yahoo.co.jp,"Knows"
yimg.jp,yahoo.co.jp,"Knows"
yimg.jp,yahoo.co.jp,"Knows"
yimg.jp,yahoo.co.jp,"Knows"
yimg.jp,yahoo.co.jp,"Knows"
yimg.jp,yahoo.co.jp,"Knows"
yimg.jp,yahoo.co.jp,"Knows"
yimg.jp,yahoo.co.jp,"Knows"
yahoo.co.jp,yahoo.co.jp,"Knows"
yimg.jp,yahoo.co.jp,"Knows"
yahoo.co.jp,yahoo.co.jp,"Knows"
yimg.jp,yahoo.co.jp,"Knows"
yimg.jp,yahoo.co.jp,"Knows"
yimg.jp,yahoo.co.jp,"Knows"
yahoo.co.jp,yahoo.co.jp,"Knows"
yahoo.co.jp,yahoo.co.jp,"Knows"
yahoo.co.jp,yahoo.co.jp,"Knows"
yimg.jp,yahoo.co.jp,"Knows"
yahoo.co.jp,yahoo.co.jp,"Knows"
yimg.jp,yahoo.co.jp,"Knows"
yahoo.co.jp,yahoo.co.jp,"Knows"
yahoo.co.jp,yahoo.com,"Knows"
yahoo.co.jp,yahoo.co.jp,"Knows"
yahoo.co.jp,yahoo.co.jp,"Knows"
live.com,bing.com,"Knows"
google.co.jp,google.co.jp,"Knows"
google.co.jp,google.co.jp,"Knows"
google.co.jp,google.co.jp,"Knows"
google.co.jp,google.co.jp,"Knows"
google.co.jp,google.co.jp,"Knows"
google.co.jp,google.co.jp,"Knows"
gstatic.com,google.co.jp,"Knows"
google.co.jp,google.co.jp,"Knows"
google.co.jp,google.co.jp,"Knows"
google.co.jp,google.co.jp,"Knows"
gstatic.com,google.co.jp,"Knows"
akamaized.net,msn.com,"Knows"
akamaized.net,msn.com,"Knows"
akamaized.net,msn.com,"Knows"
akamaized.net,msn.com,"Knows"
akamaized.net,msn.com,"Knows"
akamaized.net,msn.com,"Knows"
akamaized.net,msn.com,"Knows"
akamaized.net,msn.com,"Knows"
akamaized.net,msn.com,"Knows"
akamaized.net,msn.com,"Knows"
akamaized.net,msn.com,"Knows"
akamaized.net,msn.com,"Knows"
akamaized.net,msn.com,"Knows"
akamaized.net,msn.com,"Knows"
akamaized.net,msn.com,"Knows"
akamaized.net,msn.com,"Knows"
akamaized.net,msn.com,"Knows"
akamaized.net,msn.com,"Knows"
akamaized.net,msn.com,"Knows"
akamaized.net,msn.com,"Knows"
akamaized.net,msn.com,"Knows"
akamaized.net,msn.com,"Knows"
s-msn.com,msn.com,"Knows"
akamaized.net,msn.com,"Knows"
akamaized.net,msn.com,"Knows"
akamaized.net,msn.com,"Knows"
akamaized.net,msn.com,"Knows"
akamaized.net,msn.com,"Knows"
akamaized.net,msn.com,"Knows"
akamaized.net,msn.com,"Knows"
akamaized.net,msn.com,"Knows"
akamaized.net,msn.com,"Knows"
akamaized.net,msn.com,"Knows"
akamaized.net,msn.com,"Knows"
akamaized.net,msn.com,"Knows"
akamaized.net,msn.com,"Knows"
akamaized.net,msn.com,"Knows"
akamaized.net,msn.com,"Knows"
akamaized.net,msn.com,"Knows"
akamaized.net,msn.com,"Knows"
akamaized.net,msn.com,"Knows"
akamaized.net,msn.com,"Knows"
live.com,msn.com,"Knows"
grvcdn.com,msn.com,"Knows"
akamaized.net,msn.com,"Knows"
s-msn.com,msn.com,"Knows"
akamaized.net,msn.com,"Knows"
akamaized.net,msn.com,"Knows"
akamaized.net,msn.com,"Knows"
akamaized.net,msn.com,"Knows"
akamaized.net,msn.com,"Knows"
akamaized.net,msn.com,"Knows"
akamaized.net,msn.com,"Knows"
akamaized.net,msn.com,"Knows"
vk.com,vk.com,"Knows"
vk.com,vk.com,"Knows"
vk.com,vk.com,"Knows"
vk.com,vk.com,"Knows"
vk.com,vk.com,"Knows"
vk.com,vk.com,"Knows"
vk.com,vk.com,"Knows"
vk.com,vk.com,"Knows"
vk.com,vk.com,"Knows"
vk.com,vk.com,"Knows"
vk.com,vk.com,"Knows"
vk.com,vk.com,"Knows"
vk.com,vk.com,"Knows"
vk.com,vk.com,"Knows"
vk.com,vk.com,"Knows"
vk.com,vk.com,"Knows"
vk.com,vk.com,"Knows"
vk.com,vk.com,"Knows"
vk.com,vk.com,"Knows"
yadro.ru,vk.com,"Knows"
mail.ru,vk.com,"Knows"
vk.com,vk.com,"Knows"
vk.com,vk.com,"Knows"
mail.ru,vk.com,"Knows"
vk.com,vk.com,"Knows"
vk.com,vk.com,"Knows"
mail.ru,vk.com,"Knows"
yandex.ru,yandex.ru,"Knows"
yandex.ru,yandex.ru,"Knows"
yandex.ru,yandex.ru,"Knows"
yandex.ru,yandex.ru,"Knows"
yastatic.net,yandex.ru,"Knows"
yastatic.net,yandex.ru,"Knows"
yastatic.net,yandex.ru,"Knows"
yastatic.net,yandex.ru,"Knows"
yastatic.net,yandex.ru,"Knows"
yastatic.net,yandex.ru,"Knows"
yastatic.net,yandex.ru,"Knows"
yastatic.net,yandex.ru,"Knows"
yastatic.net,yandex.ru,"Knows"
yandex.ru,yandex.ru,"Knows"
yandex.ru,yandex.ru,"Knows"
yastatic.net,yandex.ru,"Knows"
yastatic.net,yandex.ru,"Knows"
yastatic.net,yandex.ru,"Knows"
yandex.ru,yandex.ru,"Knows"
yastatic.net,yandex.ru,"Knows"
yandex.ru,yandex.ru,"Knows"
yandex.ru,yandex.ru,"Knows"
yandex.ru,yandex.ru,"Knows"
yastatic.net,yandex.ru,"Knows"
yandex.ru,yandex.ru,"Knows"
yandex.ru,yandex.ru,"Knows"
yastatic.net,yandex.ru,"Knows"
yastatic.net,yandex.ru,"Knows"
yandex.net,yandex.ru,"Knows"
yandex.ru,yandex.ru,"Knows"
yandex.ru,yandex.ru,"Knows"
yandex.ru,yandex.ru,"Knows"
yandex.ru,yandex.ru,"Knows"
yandex.ru,yandex.ru,"Knows"
yandex.ru,yandex.ru,"Knows"
yandex.ru,yandex.ru,"Knows"
yastatic.net,yandex.ru,"Knows"
yastatic.net,yandex.ru,"Knows"
yastatic.net,yandex.ru,"Knows"
licdn.com,linkedin.com,"Knows"
licdn.com,linkedin.com,"Knows"
licdn.com,linkedin.com,"Knows"
licdn.com,linkedin.com,"Knows"
licdn.com,linkedin.com,"Knows"
licdn.com,linkedin.com,"Knows"
licdn.com,linkedin.com,"Knows"
licdn.com,linkedin.com,"Knows"
licdn.com,linkedin.com,"Knows"
licdn.com,linkedin.com,"Knows"
google-analytics.com,linkedin.com,"Knows"
licdn.com,linkedin.com,"Knows"
licdn.com,linkedin.com,"Knows"
ebayimg.com,ebay.com,"Knows"
ebayimg.com,ebay.com,"Knows"
ebayimg.com,ebay.com,"Knows"
ebayrtm.com,ebay.com,"Knows"
ebayimg.com,ebay.com,"Knows"
ebayimg.com,ebay.com,"Knows"
ebayimg.com,ebay.com,"Knows"
ebayimg.com,ebay.com,"Knows"
ebayimg.com,ebay.com,"Knows"
ebayimg.com,ebay.com,"Knows"
ebayimg.com,ebay.com,"Knows"
ebayimg.com,ebay.com,"Knows"
ebayimg.com,ebay.com,"Knows"
ebayimg.com,ebay.com,"Knows"
ebayimg.com,ebay.com,"Knows"
ebayimg.com,ebay.com,"Knows"
ebayimg.com,ebay.com,"Knows"
ebayimg.com,ebay.com,"Knows"
ebayrtm.com,ebay.com,"Knows"
ebayimg.com,ebay.com,"Knows"
ebayimg.com,ebay.com,"Knows"
ebayimg.com,ebay.com,"Knows"
ebayimg.com,ebay.com,"Knows"
ebayimg.com,ebay.com,"Knows"
ebayimg.com,ebay.com,"Knows"
ebayimg.com,ebay.com,"Knows"
ebayimg.com,ebay.com,"Knows"
ebayimg.com,ebay.com,"Knows"
ebayimg.com,ebay.com,"Knows"
ebayimg.com,ebay.com,"Knows"
ebayimg.com,ebay.com,"Knows"
ebayimg.com,ebay.com,"Knows"
ebayimg.com,ebay.com,"Knows"
ebayimg.com,ebay.com,"Knows"
ebayimg.com,ebay.com,"Knows"
ebayimg.com,ebay.com,"Knows"
ebayimg.com,ebay.com,"Knows"
ebayimg.com,ebay.com,"Knows"
ebayimg.com,ebay.com,"Knows"
ebayimg.com,ebay.com,"Knows"
ebayimg.com,ebay.com,"Knows"
ebayimg.com,ebay.com,"Knows"
ebayimg.com,ebay.com,"Knows"
ebayimg.com,ebay.com,"Knows"
ebayimg.com,ebay.com,"Knows"
ebayimg.com,ebay.com,"Knows"
ebayimg.com,ebay.com,"Knows"
ebayimg.com,ebay.com,"Knows"
ebayimg.com,ebay.com,"Knows"
ebayimg.com,ebay.com,"Knows"
ebayimg.com,ebay.com,"Knows"
ebayimg.com,ebay.com,"Knows"
ebayimg.com,ebay.com,"Knows"
ebayimg.com,ebay.com,"Knows"
ebayimg.com,ebay.com,"Knows"
ebayimg.com,ebay.com,"Knows"
ebayimg.com,ebay.com,"Knows"
ebayimg.com,ebay.com,"Knows"
ebayimg.com,ebay.com,"Knows"
ebayimg.com,ebay.com,"Knows"
ebayimg.com,ebay.com,"Knows"
ebayimg.com,ebay.com,"Knows"
ebayimg.com,ebay.com,"Knows"
ebayimg.com,ebay.com,"Knows"
ebayimg.com,ebay.com,"Knows"
ebayimg.com,ebay.com,"Knows"
ebayimg.com,ebay.com,"Knows"
ebayimg.com,ebay.com,"Knows"
ebayimg.com,ebay.com,"Knows"
ebayimg.com,ebay.com,"Knows"
ebayimg.com,ebay.com,"Knows"
ebayimg.com,ebay.com,"Knows"
ebayimg.com,ebay.com,"Knows"
ebayimg.com,ebay.com,"Knows"
ebayimg.com,ebay.com,"Knows"
ebayimg.com,ebay.com,"Knows"
ebayimg.com,ebay.com,"Knows"
ebayimg.com,ebay.com,"Knows"
ebayimg.com,ebay.com,"Knows"
ebayimg.com,ebay.com,"Knows"
ebayimg.com,ebay.com,"Knows"
ebayimg.com,ebay.com,"Knows"
ebayimg.com,ebay.com,"Knows"
ebayimg.com,ebay.com,"Knows"
ebayimg.com,ebay.com,"Knows"
ebayimg.com,ebay.com,"Knows"
ebayimg.com,ebay.com,"Knows"
ebayimg.com,ebay.com,"Knows"
ebayimg.com,ebay.com,"Knows"
ebayimg.com,ebay.com,"Knows"
ebayimg.com,ebay.com,"Knows"
ebayimg.com,ebay.com,"Knows"
ebayimg.com,ebay.com,"Knows"
ebayimg.com,ebay.com,"Knows"
ebayimg.com,ebay.com,"Knows"
ebayimg.com,ebay.com,"Knows"
ebayimg.com,ebay.com,"Knows"
ebayimg.com,ebay.com,"Knows"
ebayimg.com,ebay.com,"Knows"
ebayimg.com,ebay.com,"Knows"
ebayimg.com,ebay.com,"Knows"
ebayimg.com,ebay.com,"Knows"
ebayimg.com,ebay.com,"Knows"
ebayimg.com,ebay.com,"Knows"
ebayimg.com,ebay.com,"Knows"
ebayimg.com,ebay.com,"Knows"
ebayimg.com,ebay.com,"Knows"
ebayimg.com,ebay.com,"Knows"
ebayimg.com,ebay.com,"Knows"
ebayimg.com,ebay.com,"Knows"
ebayimg.com,ebay.com,"Knows"
ebayimg.com,ebay.com,"Knows"
ebayimg.com,ebay.com,"Knows"
ebayimg.com,ebay.com,"Knows"
ebayimg.com,ebay.com,"Knows"
ebayimg.com,ebay.com,"Knows"
ebayimg.com,ebay.com,"Knows"
ebayimg.com,ebay.com,"Knows"
ebayimg.com,ebay.com,"Knows"
ebayimg.com,ebay.com,"Knows"
ebayimg.com,ebay.com,"Knows"
ebayimg.com,ebay.com,"Knows"
ebayimg.com,ebay.com,"Knows"
ebayimg.com,ebay.com,"Knows"
ebayimg.com,ebay.com,"Knows"
ebayimg.com,ebay.com,"Knows"
ebayimg.com,ebay.com,"Knows"
ebayimg.com,ebay.com,"Knows"
ebayimg.com,ebay.com,"Knows"
ebayimg.com,ebay.com,"Knows"
ebayimg.com,ebay.com,"Knows"
ebayimg.com,ebay.com,"Knows"
ebayimg.com,ebay.com,"Knows"
ebayimg.com,ebay.com,"Knows"
hao123.com,hao123.com,"Knows"
hao123.com,hao123.com,"Knows"
hao123.com,hao123.com,"Knows"
bdstatic.com,hao123.com,"Knows"
bdstatic.com,hao123.com,"Knows"
bdstatic.com,hao123.com,"Knows"
bdstatic.com,hao123.com,"Knows"
bdstatic.com,hao123.com,"Knows"
bdstatic.com,hao123.com,"Knows"
bdstatic.com,hao123.com,"Knows"
bdstatic.com,hao123.com,"Knows"
bdstatic.com,hao123.com,"Knows"
bdstatic.com,hao123.com,"Knows"
bdstatic.com,hao123.com,"Knows"
bdstatic.com,hao123.com,"Knows"
bdstatic.com,hao123.com,"Knows"
bdstatic.com,hao123.com,"Knows"
bdstatic.com,hao123.com,"Knows"
bdstatic.com,hao123.com,"Knows"
bdstatic.com,hao123.com,"Knows"
hao123.com,hao123.com,"Knows"
bdstatic.com,hao123.com,"Knows"
bdstatic.com,hao123.com,"Knows"
bdstatic.com,hao123.com,"Knows"
bdstatic.com,hao123.com,"Knows"
bdstatic.com,hao123.com,"Knows"
bdstatic.com,hao123.com,"Knows"
bdstatic.com,hao123.com,"Knows"
bdstatic.com,hao123.com,"Knows"
bdstatic.com,hao123.com,"Knows"
bdstatic.com,hao123.com,"Knows"
bdstatic.com,hao123.com,"Knows"
bdstatic.com,hao123.com,"Knows"
bdstatic.com,hao123.com,"Knows"
bdstatic.com,hao123.com,"Knows"
bdstatic.com,hao123.com,"Knows"
bdstatic.com,hao123.com,"Knows"
bdstatic.com,hao123.com,"Knows"
bdstatic.com,hao123.com,"Knows"
bdstatic.com,hao123.com,"Knows"
hao123.com,hao123.com,"Knows"
bdstatic.com,hao123.com,"Knows"
bdstatic.com,hao123.com,"Knows"
bdstatic.com,hao123.com,"Knows"
bdstatic.com,hao123.com,"Knows"
bdstatic.com,hao123.com,"Knows"
hao123.com,hao123.com,"Knows"
bdstatic.com,hao123.com,"Knows"
bdstatic.com,hao123.com,"Knows"
bdstatic.com,hao123.com,"Knows"
bdstatic.com,hao123.com,"Knows"
bdstatic.com,hao123.com,"Knows"
bdstatic.com,hao123.com,"Knows"
bdstatic.com,hao123.com,"Knows"
hao123.com,hao123.com,"Knows"
bdstatic.com,hao123.com,"Knows"
bdstatic.com,hao123.com,"Knows"
bdstatic.com,hao123.com,"Knows"
bdstatic.com,hao123.com,"Knows"
bdstatic.com,hao123.com,"Knows"
bdstatic.com,hao123.com,"Knows"
bdstatic.com,hao123.com,"Knows"
hao123.com,hao123.com,"Knows"
hao123.com,hao123.com,"Knows"
bdstatic.com,hao123.com,"Knows"
bdstatic.com,hao123.com,"Knows"
bdstatic.com,hao123.com,"Knows"
bdstatic.com,hao123.com,"Knows"
bdstatic.com,hao123.com,"Knows"
hao123.com,hao123.com,"Knows"
bdstatic.com,hao123.com,"Knows"
hao123.com,hao123.com,"Knows"
hao123.com,hao123.com,"Knows"
bdstatic.com,hao123.com,"Knows"
bdstatic.com,hao123.com,"Knows"
hao123.com,hao123.com,"Knows"
bdstatic.com,hao123.com,"Knows"
hao123.com,hao123.com,"Knows"
bdstatic.com,hao123.com,"Knows"
hao123.com,hao123.com,"Knows"
hao123.com,hao123.com,"Knows"
hao123.com,hao123.com,"Knows"
bdstatic.com,hao123.com,"Knows"
bdstatic.com,hao123.com,"Knows"
hao123.com,hao123.com,"Knows"
hao123.com,hao123.com,"Knows"
bdstatic.com,hao123.com,"Knows"
hao123.com,hao123.com,"Knows"
bdstatic.com,hao123.com,"Knows"
hao123.com,hao123.com,"Knows"
bdstatic.com,hao123.com,"Knows"
bdstatic.com,hao123.com,"Knows"
bdstatic.com,hao123.com,"Knows"
bdstatic.com,hao123.com,"Knows"
bdstatic.com,hao123.com,"Knows"
bdstatic.com,hao123.com,"Knows"
bdstatic.com,hao123.com,"Knows"
bdstatic.com,hao123.com,"Knows"
hao123.com,hao123.com,"Knows"
bdstatic.com,hao123.com,"Knows"
bdstatic.com,hao123.com,"Knows"
bdstatic.com,hao123.com,"Knows"
bdstatic.com,hao123.com,"Knows"
hao123.com,hao123.com,"Knows"
bdstatic.com,hao123.com,"Knows"
bdstatic.com,hao123.com,"Knows"
bdstatic.com,hao123.com,"Knows"
bdstatic.com,hao123.com,"Knows"
bdstatic.com,hao123.com,"Knows"
bdstatic.com,hao123.com,"Knows"
hao123.com,hao123.com,"Knows"
bdstatic.com,hao123.com,"Knows"
hao123.com,hao123.com,"Knows"
bdstatic.com,hao123.com,"Knows"
bdstatic.com,hao123.com,"Knows"
bdstatic.com,hao123.com,"Knows"
bdstatic.com,hao123.com,"Knows"
bdstatic.com,hao123.com,"Knows"
bdstatic.com,hao123.com,"Knows"
bdstatic.com,hao123.com,"Knows"
bdstatic.com,hao123.com,"Knows"
bdstatic.com,hao123.com,"Knows"
bdstatic.com,hao123.com,"Knows"
bdstatic.com,hao123.com,"Knows"
bdstatic.com,hao123.com,"Knows"
alicdn.com,hao123.com,"Knows"
alicdn.com,hao123.com,"Knows"
amazon.co.jp,amazon.co.jp,"Knows"
amazon.co.jp,amazon.co.jp,"Knows"
mozilla.com,amazon.co.jp,"Knows"
amazon.co.jp,amazon.co.jp,"Knows"
amazon.co.jp,amazon.co.jp,"Knows"
amazon.co.jp,amazon.co.jp,"Knows"
amazon.co.jp,amazon.co.jp,"Knows"
amazon.co.jp,amazon.co.jp,"Knows"
amazon.co.jp,amazon.co.jp,"Knows"
amazon.co.jp,amazon.co.jp,"Knows"
amazon.co.jp,amazon.co.jp,"Knows"
amazon.co.jp,amazon.co.jp,"Knows"
amazon.co.jp,amazon.co.jp,"Knows"
amazon.co.jp,amazon.co.jp,"Knows"
amazon.co.jp,amazon.co.jp,"Knows"
amazon.co.jp,amazon.co.jp,"Knows"
amazon.co.jp,amazon.co.jp,"Knows"
amazon.co.jp,amazon.co.jp,"Knows"
amazon.co.jp,amazon.co.jp,"Knows"
amazon.co.jp,amazon.co.jp,"Knows"
amazon.co.jp,amazon.co.jp,"Knows"
amazon.co.jp,amazon.co.jp,"Knows"
instagram.com,instagram.com,"Knows"
instagram.com,instagram.com,"Knows"
instagram.com,instagram.com,"Knows"
instagram.com,instagram.com,"Knows"
instagram.com,instagram.com,"Knows"
google.de,google.de,"Knows"
google.de,google.de,"Knows"
google.de,google.de,"Knows"
google.de,google.de,"Knows"
google.de,google.de,"Knows"
google.de,google.de,"Knows"
google.de,google.de,"Knows"
google.de,google.de,"Knows"
gstatic.com,google.de,"Knows"
gstatic.com,google.de,"Knows"
google.de,google.de,"Knows"
google.de,google.de,"Knows"
google.de,google.de,"Knows"
tmall.com,tmall.com,"Knows"
tmall.com,tmall.com,"Knows"
tmall.com,tmall.com,"Knows"
alicdn.com,tmall.com,"Knows"
alicdn.com,tmall.com,"Knows"
alicdn.com,tmall.com,"Knows"
alicdn.com,tmall.com,"Knows"
alicdn.com,tmall.com,"Knows"
alicdn.com,tmall.com,"Knows"
alicdn.com,tmall.com,"Knows"
alicdn.com,tmall.com,"Knows"
alicdn.com,tmall.com,"Knows"
alicdn.com,tmall.com,"Knows"
alicdn.com,tmall.com,"Knows"
tmall.com,tmall.com,"Knows"
alicdn.com,tmall.com,"Knows"
alicdn.com,tmall.com,"Knows"
alicdn.com,tmall.com,"Knows"
alicdn.com,tmall.com,"Knows"
alicdn.com,tmall.com,"Knows"
alicdn.com,tmall.com,"Knows"
alicdn.com,tmall.com,"Knows"
alicdn.com,tmall.com,"Knows"
taobao.com,tmall.com,"Knows"
alicdn.com,tmall.com,"Knows"
alicdn.com,tmall.com,"Knows"
alicdn.com,tmall.com,"Knows"
tmall.com,tmall.com,"Knows"
alicdn.com,tmall.com,"Knows"
alicdn.com,tmall.com,"Knows"
alicdn.com,tmall.com,"Knows"
tmall.com,tmall.com,"Knows"
alicdn.com,tmall.com,"Knows"
alicdn.com,tmall.com,"Knows"
alicdn.com,tmall.com,"Knows"
alicdn.com,tmall.com,"Knows"
tmall.com,tmall.com,"Knows"
alicdn.com,tmall.com,"Knows"
alicdn.com,tmall.com,"Knows"
alicdn.com,tmall.com,"Knows"
alicdn.com,tmall.com,"Knows"
alicdn.com,tmall.com,"Knows"
alicdn.com,tmall.com,"Knows"
alicdn.com,tmall.com,"Knows"
alicdn.com,tmall.com,"Knows"
alicdn.com,tmall.com,"Knows"
alicdn.com,tmall.com,"Knows"
alicdn.com,tmall.com,"Knows"
alicdn.com,tmall.com,"Knows"
alicdn.com,tmall.com,"Knows"
alicdn.com,tmall.com,"Knows"
alicdn.com,tmall.com,"Knows"
alicdn.com,tmall.com,"Knows"
alicdn.com,tmall.com,"Knows"
alicdn.com,tmall.com,"Knows"
alicdn.com,tmall.com,"Knows"
alicdn.com,tmall.com,"Knows"
alicdn.com,tmall.com,"Knows"
alicdn.com,tmall.com,"Knows"
alicdn.com,tmall.com,"Knows"
alicdn.com,tmall.com,"Knows"
alicdn.com,tmall.com,"Knows"
taobao.com,tmall.com,"Knows"
tmall.com,tmall.com,"Knows"
tmall.com,tmall.com,"Knows"
mail.ru,mail.ru,"Knows"
mail.ru,mail.ru,"Knows"
mail.ru,mail.ru,"Knows"
mail.ru,mail.ru,"Knows"
mradx.net,mail.ru,"Knows"
imgsmail.ru,mail.ru,"Knows"
mail.ru,mail.ru,"Knows"
mradx.net,mail.ru,"Knows"
imgsmail.ru,mail.ru,"Knows"
mail.ru,mail.ru,"Knows"
imgsmail.ru,mail.ru,"Knows"
mradx.net,mail.ru,"Knows"
imgsmail.ru,mail.ru,"Knows"
mradx.net,mail.ru,"Knows"
mail.ru,mail.ru,"Knows"
mail.ru,mail.ru,"Knows"
mradx.net,mail.ru,"Knows"
mradx.net,mail.ru,"Knows"
mail.ru,mail.ru,"Knows"
imgsmail.ru,mail.ru,"Knows"
imgsmail.ru,mail.ru,"Knows"
mail.ru,mail.ru,"Knows"
mradx.net,mail.ru,"Knows"
imgsmail.ru,mail.ru,"Knows"
imgsmail.ru,mail.ru,"Knows"
mradx.net,mail.ru,"Knows"
yadro.ru,mail.ru,"Knows"
imgsmail.ru,mail.ru,"Knows"
mail.ru,mail.ru,"Knows"
mradx.net,mail.ru,"Knows"
mail.ru,mail.ru,"Knows"
mail.ru,mail.ru,"Knows"
imgsmail.ru,mail.ru,"Knows"
mail.ru,mail.ru,"Knows"
mradx.net,mail.ru,"Knows"
mail.ru,mail.ru,"Knows"
mail.ru,mail.ru,"Knows"
mail.ru,mail.ru,"Knows"
mail.ru,mail.ru,"Knows"
mradx.net,mail.ru,"Knows"
mail.ru,mail.ru,"Knows"
mail.ru,mail.ru,"Knows"
mail.ru,mail.ru,"Knows"
mradx.net,mail.ru,"Knows"
mail.ru,mail.ru,"Knows"
imgsmail.ru,mail.ru,"Knows"
mradx.net,mail.ru,"Knows"
mradx.net,mail.ru,"Knows"
imgsmail.ru,mail.ru,"Knows"
mail.ru,mail.ru,"Knows"
mail.ru,mail.ru,"Knows"
mail.ru,mail.ru,"Knows"
mail.ru,mail.ru,"Knows"
yandex.ru,mail.ru,"Knows"
mail.ru,yandex.ru,"Knows"
mradx.net,mail.ru,"Knows"
mradx.net,mail.ru,"Knows"
mail.ru,mail.ru,"Knows"
mail.ru,mail.ru,"Knows"
mradx.net,mail.ru,"Knows"
mradx.net,mail.ru,"Knows"
mail.ru,mail.ru,"Knows"
mradx.net,mail.ru,"Knows"
mail.ru,mail.ru,"Knows"
mradx.net,mail.ru,"Knows"
mradx.net,mail.ru,"Knows"
mail.ru,mail.ru,"Knows"
imgsmail.ru,mail.ru,"Knows"
mail.ru,mail.ru,"Knows"
mail.ru,mail.ru,"Knows"
mail.ru,mail.ru,"Knows"
mail.ru,mail.ru,"Knows"
mradx.net,mail.ru,"Knows"
mradx.net,mail.ru,"Knows"
mradx.net,mail.ru,"Knows"
mradx.net,mail.ru,"Knows"
mradx.net,mail.ru,"Knows"
mail.ru,mail.ru,"Knows"
mradx.net,mail.ru,"Knows"
mail.ru,mail.ru,"Knows"
ok.ru,mail.ru,"Knows"
mail.ru,mail.ru,"Knows"
imgsmail.ru,mail.ru,"Knows"
mail.ru,mail.ru,"Knows"
mail.ru,mail.ru,"Knows"
gstatic.com,mail.ru,"Knows"
imgsmail.ru,mail.ru,"Knows"
mail.ru,mail.ru,"Knows"
imgsmail.ru,mail.ru,"Knows"
imgsmail.ru,mail.ru,"Knows"
imgsmail.ru,mail.ru,"Knows"
mail.ru,mail.ru,"Knows"
google.co.uk,google.co.uk,"Knows"
google.co.uk,google.co.uk,"Knows"
google.co.uk,google.co.uk,"Knows"
google.co.uk,google.co.uk,"Knows"
google.co.uk,google.co.uk,"Knows"
google.co.uk,google.co.uk,"Knows"
gstatic.com,google.co.uk,"Knows"
google.co.uk,google.co.uk,"Knows"
gstatic.com,google.co.uk,"Knows"
google.co.uk,google.co.uk,"Knows"
google.co.uk,google.co.uk,"Knows"
google.co.uk,google.co.uk,"Knows"
google.co.uk,google.co.uk,"Knows"
redditstatic.com,reddit.com,"Knows"
redditstatic.com,reddit.com,"Knows"
redditstatic.com,reddit.com,"Knows"
redditstatic.com,reddit.com,"Knows"
redditstatic.com,reddit.com,"Knows"
redditstatic.com,reddit.com,"Knows"
redditstatic.com,reddit.com,"Knows"
redditmedia.com,reddit.com,"Knows"
redditmedia.com,reddit.com,"Knows"
redditmedia.com,reddit.com,"Knows"
redditmedia.com,reddit.com,"Knows"
redditmedia.com,reddit.com,"Knows"
redditmedia.com,reddit.com,"Knows"
redditmedia.com,reddit.com,"Knows"
redditmedia.com,reddit.com,"Knows"
redditmedia.com,reddit.com,"Knows"
redditmedia.com,reddit.com,"Knows"
redditmedia.com,reddit.com,"Knows"
redditmedia.com,reddit.com,"Knows"
redditmedia.com,reddit.com,"Knows"
redditmedia.com,reddit.com,"Knows"
redditmedia.com,reddit.com,"Knows"
redditmedia.com,reddit.com,"Knows"
redditmedia.com,reddit.com,"Knows"
redditmedia.com,reddit.com,"Knows"
redditmedia.com,reddit.com,"Knows"
redditmedia.com,reddit.com,"Knows"
redditmedia.com,reddit.com,"Knows"
redditmedia.com,reddit.com,"Knows"
redditmedia.com,reddit.com,"Knows"
redditmedia.com,reddit.com,"Knows"
redditstatic.com,reddit.com,"Knows"
redditstatic.com,reddit.com,"Knows"
google-analytics.com,reddit.com,"Knows"
google-analytics.com,reddit.com,"Knows"
redditmedia.com,reddit.com,"Knows"
redditmedia.com,reddit.com,"Knows"
redditstatic.com,reddit.com,"Knows"
google-analytics.com,reddit.com,"Knows"
redditstatic.com,reddit.com,"Knows"
redditstatic.com,reddit.com,"Knows"
redditmedia.com,reddit.com,"Knows"
zkcdn.net,reddit.com,"Knows"
google-analytics.com,reddit.com,"Knows"
redditstatic.com,reddit.com,"Knows"
redditmedia.com,reddit.com,"Knows"
zkcdn.net,reddit.com,"Knows"
zkcdn.net,reddit.com,"Knows"
zkcdn.net,reddit.com,"Knows"
redditmedia.com,reddit.com,"Knows"
pinterest.com,pinterest.com,"Knows"
pinterest.com,pinterest.com,"Knows"
pinterest.com,pinterest.com,"Knows"
pinimg.com,pinterest.com,"Knows"
pinimg.com,pinterest.com,"Knows"
pinimg.com,pinterest.com,"Knows"
pinimg.com,pinterest.com,"Knows"
pinimg.com,pinterest.com,"Knows"
pinimg.com,pinterest.com,"Knows"
pinimg.com,pinterest.com,"Knows"
pinimg.com,pinterest.com,"Knows"
pinimg.com,pinterest.com,"Knows"
pinimg.com,pinterest.com,"Knows"
pinimg.com,pinterest.com,"Knows"
pinimg.com,pinterest.com,"Knows"
pinimg.com,pinterest.com,"Knows"
pinimg.com,pinterest.com,"Knows"
pinimg.com,pinterest.com,"Knows"
pinimg.com,pinterest.com,"Knows"
pinimg.com,pinterest.com,"Knows"
pinimg.com,pinterest.com,"Knows"
pinimg.com,pinterest.com,"Knows"
pinterest.com,pinterest.com,"Knows"
pinimg.com,pinterest.com,"Knows"
google-analytics.com,pinterest.com,"Knows"
pinterest.com,pinterest.com,"Knows"
pinterest.com,pinterest.com,"Knows"
pinterest.com,pinterest.com,"Knows"
google-analytics.com,paypal.com,"Knows"
bluelithium.com,paypal.com,"Knows"
google.ru,google.ru,"Knows"
google.ru,google.ru,"Knows"
google.ru,google.ru,"Knows"
google.ru,google.ru,"Knows"
google.ru,google.ru,"Knows"
google.ru,google.ru,"Knows"
google.ru,google.ru,"Knows"
gstatic.com,google.ru,"Knows"
google.ru,google.ru,"Knows"
google.ru,google.ru,"Knows"
google.ru,google.ru,"Knows"
google.fr,google.fr,"Knows"
google.fr,google.fr,"Knows"
google.fr,google.fr,"Knows"
google.fr,google.fr,"Knows"
google.fr,google.fr,"Knows"
google.fr,google.fr,"Knows"
google.fr,google.fr,"Knows"
google.fr,google.fr,"Knows"
google.fr,google.fr,"Knows"
google.fr,google.fr,"Knows"
google.fr,google.fr,"Knows"
itc.cn,sohu.com,"Knows"
itc.cn,sohu.com,"Knows"
itc.cn,sohu.com,"Knows"
itc.cn,sohu.com,"Knows"
itc.cn,sohu.com,"Knows"
itc.cn,sohu.com,"Knows"
itc.cn,sohu.com,"Knows"
itc.cn,sohu.com,"Knows"
itc.cn,sohu.com,"Knows"
itc.cn,sohu.com,"Knows"
itc.cn,sohu.com,"Knows"
itc.cn,sohu.com,"Knows"
itc.cn,sohu.com,"Knows"
itc.cn,sohu.com,"Knows"
itc.cn,sohu.com,"Knows"
itc.cn,sohu.com,"Knows"
itc.cn,sohu.com,"Knows"
itc.cn,sohu.com,"Knows"
itc.cn,sohu.com,"Knows"
itc.cn,sohu.com,"Knows"
itc.cn,sohu.com,"Knows"
itc.cn,sohu.com,"Knows"
itc.cn,sohu.com,"Knows"
itc.cn,sohu.com,"Knows"
itc.cn,sohu.com,"Knows"
optaim.com,sohu.com,"Knows"
optaim.com,sohu.com,"Knows"
itc.cn,sohu.com,"Knows"
itc.cn,sohu.com,"Knows"
optaim.com,sohu.com,"Knows"
itc.cn,sohu.com,"Knows"
itc.cn,sohu.com,"Knows"
itc.cn,sohu.com,"Knows"
itc.cn,sohu.com,"Knows"
optaim.com,sohu.com,"Knows"
17173cdn.com,sohu.com,"Knows"
itc.cn,sohu.com,"Knows"
optaim.com,sohu.com,"Knows"
optaim.com,sohu.com,"Knows"
optaim.com,sohu.com,"Knows"
jd.com,sohu.com,"Knows"
optaim.com,sohu.com,"Knows"
d-adasia.com,sohu.com,"Knows"
optaim.com,sohu.com,"Knows"
optaim.com,sohu.com,"Knows"
jd.com,sohu.com,"Knows"
jd.com,sohu.com,"Knows"
jd.com,sohu.com,"Knows"
jd.com,sohu.com,"Knows"
jd.com,sohu.com,"Knows"
jd.com,sohu.com,"Knows"
jd.com,sohu.com,"Knows"
qtmojo.com,sohu.com,"Knows"
optaim.com,sohu.com,"Knows"
3.cn,sohu.com,"Knows"
jd.com,sohu.com,"Knows"
jd.com,sohu.com,"Knows"
optaim.com,sohu.com,"Knows"
jd.com,sohu.com,"Knows"
jd.com,sohu.com,"Knows"
jd.com,sohu.com,"Knows"
jd.com,sohu.com,"Knows"
jd.com,sohu.com,"Knows"
jd.com,sohu.com,"Knows"
mozilla.com,gmw.cn,"Knows"
gmw.cn,gmw.cn,"Knows"
gmw.cn,gmw.cn,"Knows"
gmw.cn,gmw.cn,"Knows"
gmw.cn,gmw.cn,"Knows"
gmw.cn,gmw.cn,"Knows"
gmw.cn,gmw.cn,"Knows"
gmw.cn,gmw.cn,"Knows"
gmw.cn,gmw.cn,"Knows"
gmw.cn,gmw.cn,"Knows"
gmw.cn,gmw.cn,"Knows"
gmw.cn,gmw.cn,"Knows"
gmw.cn,gmw.cn,"Knows"
gmw.cn,gmw.cn,"Knows"
gmw.cn,gmw.cn,"Knows"
gmw.cn,gmw.cn,"Knows"
gmw.cn,gmw.cn,"Knows"
gmw.cn,gmw.cn,"Knows"
google-analytics.com,gmw.cn,"Knows"
gmw.cn,gmw.cn,"Knows"
gmw.cn,gmw.cn,"Knows"
gmw.cn,gmw.cn,"Knows"
gmw.cn,gmw.cn,"Knows"
gmw.cn,gmw.cn,"Knows"
gmw.cn,gmw.cn,"Knows"
gmw.cn,gmw.cn,"Knows"
gmw.cn,gmw.cn,"Knows"
gmw.cn,gmw.cn,"Knows"
gmw.cn,gmw.cn,"Knows"
gmw.cn,gmw.cn,"Knows"
gmw.cn,gmw.cn,"Knows"
gmw.cn,gmw.cn,"Knows"
gmw.cn,gmw.cn,"Knows"
gmw.cn,gmw.cn,"Knows"
gmw.cn,gmw.cn,"Knows"
gmw.cn,gmw.cn,"Knows"
gmw.cn,gmw.cn,"Knows"
gmw.cn,gmw.cn,"Knows"
gmw.cn,gmw.cn,"Knows"
gmw.cn,gmw.cn,"Knows"
gmw.cn,gmw.cn,"Knows"
gmw.cn,gmw.cn,"Knows"
gmw.cn,gmw.cn,"Knows"
gmw.cn,gmw.cn,"Knows"
gmw.cn,gmw.cn,"Knows"
gmw.cn,gmw.cn,"Knows"
gmw.cn,gmw.cn,"Knows"
gmw.cn,gmw.cn,"Knows"
google-analytics.com,gmw.cn,"Knows"
gmw.cn,gmw.cn,"Knows"
gmw.cn,gmw.cn,"Knows"
gmw.cn,gmw.cn,"Knows"
gmw.cn,gmw.cn,"Knows"
gmw.cn,gmw.cn,"Knows"
gmw.cn,gmw.cn,"Knows"
gmw.cn,gmw.cn,"Knows"
gmw.cn,gmw.cn,"Knows"
gmw.cn,gmw.cn,"Knows"
gmw.cn,gmw.cn,"Knows"
gmw.cn,gmw.cn,"Knows"
gmw.cn,gmw.cn,"Knows"
gmw.cn,gmw.cn,"Knows"
gmw.cn,gmw.cn,"Knows"
gmw.cn,gmw.cn,"Knows"
gmw.cn,gmw.cn,"Knows"
gmw.cn,gmw.cn,"Knows"
webterren.com,gmw.cn,"Knows"
gmw.cn,gmw.cn,"Knows"
gmw.cn,gmw.cn,"Knows"
gmw.cn,gmw.cn,"Knows"
gmw.cn,gmw.cn,"Knows"
gmw.cn,gmw.cn,"Knows"
gmw.cn,gmw.cn,"Knows"
gmw.cn,gmw.cn,"Knows"
gmw.cn,gmw.cn,"Knows"
gmw.cn,gmw.cn,"Knows"
chinaso.com,gmw.cn,"Knows"
webterren.com,gmw.cn,"Knows"
chinaso.com,gmw.cn,"Knows"
chinaso.com,gmw.cn,"Knows"
gmw.cn,gmw.cn,"Knows"
mlt01.com,gmw.cn,"Knows"
chinaso.com,gmw.cn,"Knows"
chinaso.com,gmw.cn,"Knows"
chinaso.com,gmw.cn,"Knows"
chinaso.com,gmw.cn,"Knows"
chinaso.com,gmw.cn,"Knows"
chinaso.com,gmw.cn,"Knows"
gmw.cn,gmw.cn,"Knows"
netflix.com,netflix.com,"Knows"
netflix.com,netflix.com,"Knows"
netflix.com,netflix.com,"Knows"
netflix.com,netflix.com,"Knows"
netflix.com,netflix.com,"Knows"
netflix.com,netflix.com,"Knows"
netflix.com,netflix.com,"Knows"
nflxext.com,netflix.com,"Knows"
netflix.com,netflix.com,"Knows"
nflxext.com,netflix.com,"Knows"
nflxext.com,netflix.com,"Knows"
nflxext.com,netflix.com,"Knows"
netflix.com,netflix.com,"Knows"
netflix.com,netflix.com,"Knows"
nflximg.net,netflix.com,"Knows"
netflix.com,netflix.com,"Knows"
netflix.com,netflix.com,"Knows"
nflximg.net,netflix.com,"Knows"
netflix.com,netflix.com,"Knows"
nflximg.net,netflix.com,"Knows"
nflximg.net,netflix.com,"Knows"
nflximg.net,netflix.com,"Knows"
nflximg.net,netflix.com,"Knows"
nflximg.net,netflix.com,"Knows"
nflximg.net,netflix.com,"Knows"
nflximg.net,netflix.com,"Knows"
nflximg.net,netflix.com,"Knows"
nflximg.net,netflix.com,"Knows"
nflximg.net,netflix.com,"Knows"
nflximg.net,netflix.com,"Knows"
nflximg.net,netflix.com,"Knows"
netflix.com,netflix.com,"Knows"
nflximg.net,netflix.com,"Knows"
nflximg.net,netflix.com,"Knows"
nflximg.net,netflix.com,"Knows"
nflximg.net,netflix.com,"Knows"
nflximg.net,netflix.com,"Knows"
nflximg.net,netflix.com,"Knows"
nflximg.net,netflix.com,"Knows"
nflximg.net,netflix.com,"Knows"
nflximg.net,netflix.com,"Knows"
nflximg.net,netflix.com,"Knows"
nflximg.net,netflix.com,"Knows"
nflximg.net,netflix.com,"Knows"
nflximg.net,netflix.com,"Knows"
nflximg.net,netflix.com,"Knows"
nflximg.net,netflix.com,"Knows"
google-analytics.com,netflix.com,"Knows"
netflix.com,netflix.com,"Knows"
google-analytics.com,netflix.com,"Knows"
netflix.com,netflix.com,"Knows"
netflix.com,netflix.com,"Knows"
nflxext.com,netflix.com,"Knows"
netflix.com,netflix.com,"Knows"
nflximg.net,netflix.com,"Knows"
nflximg.net,netflix.com,"Knows"
nflximg.net,netflix.com,"Knows"
nflximg.net,netflix.com,"Knows"
nflximg.net,netflix.com,"Knows"
nflximg.net,netflix.com,"Knows"
nflximg.net,netflix.com,"Knows"
nflximg.net,netflix.com,"Knows"
nflximg.net,netflix.com,"Knows"
nflximg.net,netflix.com,"Knows"
nflximg.net,netflix.com,"Knows"
nflximg.net,netflix.com,"Knows"
nflximg.net,netflix.com,"Knows"
nflximg.net,netflix.com,"Knows"
nflximg.net,netflix.com,"Knows"
nflximg.net,netflix.com,"Knows"
nflximg.net,netflix.com,"Knows"
nflximg.net,netflix.com,"Knows"
nflximg.net,netflix.com,"Knows"
netflix.com,netflix.com,"Knows"
nflximg.net,netflix.com,"Knows"
nflximg.net,netflix.com,"Knows"
nflximg.net,netflix.com,"Knows"
nflximg.net,netflix.com,"Knows"
nflximg.net,netflix.com,"Knows"
nflximg.net,netflix.com,"Knows"
nflximg.net,netflix.com,"Knows"
netflix.com,netflix.com,"Knows"
nflxext.com,netflix.com,"Knows"
nflximg.net,netflix.com,"Knows"
nflximg.net,netflix.com,"Knows"
nflximg.net,netflix.com,"Knows"
nflximg.net,netflix.com,"Knows"
nflximg.net,netflix.com,"Knows"
nflximg.net,netflix.com,"Knows"
nflximg.net,netflix.com,"Knows"
nflximg.net,netflix.com,"Knows"
nflximg.net,netflix.com,"Knows"
nflximg.net,netflix.com,"Knows"
nflximg.net,netflix.com,"Knows"
nflximg.net,netflix.com,"Knows"
nflximg.net,netflix.com,"Knows"
nflximg.net,netflix.com,"Knows"
nflximg.net,netflix.com,"Knows"
nflximg.net,netflix.com,"Knows"
nflximg.net,netflix.com,"Knows"
nflximg.net,netflix.com,"Knows"
nflximg.net,netflix.com,"Knows"
nflximg.net,netflix.com,"Knows"
nflximg.net,netflix.com,"Knows"
nflximg.net,netflix.com,"Knows"
nflximg.net,netflix.com,"Knows"
nflximg.net,netflix.com,"Knows"
nflximg.net,netflix.com,"Knows"
netflix.com,netflix.com,"Knows"
nflximg.net,netflix.com,"Knows"
nflximg.net,netflix.com,"Knows"
nflximg.net,netflix.com,"Knows"
netflix.com,netflix.com,"Knows"
netflix.com,netflix.com,"Knows"
gstatic.com,onclickads.net,"Knows"
aspnetcdn.com,microsoft.com,"Knows"
aspnetcdn.com,microsoft.com,"Knows"
s-microsoft.com,microsoft.com,"Knows"
s-microsoft.com,microsoft.com,"Knows"
s-microsoft.com,microsoft.com,"Knows"
s-microsoft.com,microsoft.com,"Knows"
s-microsoft.com,microsoft.com,"Knows"
s-microsoft.com,microsoft.com,"Knows"
onestore.ms,microsoft.com,"Knows"
s-microsoft.com,microsoft.com,"Knows"
onestore.ms,microsoft.com,"Knows"
gfx.ms,microsoft.com,"Knows"
onestore.ms,microsoft.com,"Knows"
onestore.ms,microsoft.com,"Knows"
onestore.ms,microsoft.com,"Knows"
s-microsoft.com,microsoft.com,"Knows"
s-microsoft.com,microsoft.com,"Knows"
s-microsoft.com,microsoft.com,"Knows"
s-microsoft.com,microsoft.com,"Knows"
s-microsoft.com,microsoft.com,"Knows"
s-microsoft.com,microsoft.com,"Knows"
s-microsoft.com,microsoft.com,"Knows"
s-microsoft.com,microsoft.com,"Knows"
s-microsoft.com,microsoft.com,"Knows"
s-microsoft.com,microsoft.com,"Knows"
s-microsoft.com,microsoft.com,"Knows"
onestore.ms,microsoft.com,"Knows"
s-microsoft.com,microsoft.com,"Knows"
s-microsoft.com,microsoft.com,"Knows"
s-microsoft.com,microsoft.com,"Knows"
s-microsoft.com,microsoft.com,"Knows"
s-microsoft.com,microsoft.com,"Knows"
s-microsoft.com,microsoft.com,"Knows"
onestore.ms,microsoft.com,"Knows"
s-microsoft.com,microsoft.com,"Knows"
s-microsoft.com,microsoft.com,"Knows"
s-microsoft.com,microsoft.com,"Knows"
s-microsoft.com,microsoft.com,"Knows"
gfx.ms,microsoft.com,"Knows"
microsoftstore.com,microsoft.com,"Knows"
s-microsoft.com,microsoft.com,"Knows"
s-microsoft.com,microsoft.com,"Knows"
s-microsoft.com,microsoft.com,"Knows"
s-microsoft.com,microsoft.com,"Knows"
s-microsoft.com,microsoft.com,"Knows"
s-microsoft.com,microsoft.com,"Knows"
s-microsoft.com,microsoft.com,"Knows"
s-microsoft.com,microsoft.com,"Knows"
s-microsoft.com,microsoft.com,"Knows"
s-microsoft.com,microsoft.com,"Knows"
s-microsoft.com,microsoft.com,"Knows"
s-microsoft.com,microsoft.com,"Knows"
s-microsoft.com,microsoft.com,"Knows"
onestore.ms,microsoft.com,"Knows"
s-microsoft.com,microsoft.com,"Knows"
s-microsoft.com,microsoft.com,"Knows"
s-microsoft.com,microsoft.com,"Knows"
s-microsoft.com,microsoft.com,"Knows"
gfx.ms,microsoft.com,"Knows"
s-microsoft.com,microsoft.com,"Knows"
gfx.ms,microsoft.com,"Knows"
s-microsoft.com,microsoft.com,"Knows"
s-microsoft.com,microsoft.com,"Knows"
s-microsoft.com,microsoft.com,"Knows"
s-microsoft.com,microsoft.com,"Knows"
s-microsoft.com,microsoft.com,"Knows"
google-analytics.com,tumblr.com,"Knows"
google-analytics.com,tumblr.com,"Knows"
google-analytics.com,tumblr.com,"Knows"
google-analytics.com,tumblr.com,"Knows"
cedexis-radar.net,tumblr.com,"Knows"
gstatic.com,wordpress.com,"Knows"
gstatic.com,wordpress.com,"Knows"
google-analytics.com,wordpress.com,"Knows"
blogger.com,blogspot.com,"Knows"
blogger.com,google.com,"Knows"
youtube.com,blogspot.com,"Knows"
gstatic.com,blogspot.com,"Knows"
gstatic.com,blogspot.com,"Knows"
gstatic.com,blogspot.com,"Knows"
gstatic.com,blogspot.com,"Knows"
gstatic.com,blogspot.com,"Knows"
google-analytics.com,imgur.com,"Knows"
360.cn,360.cn,"Knows"
360.com,360.cn,"Knows"
qhimg.com,360.cn,"Knows"
qhimg.com,360.cn,"Knows"
qhimg.com,360.cn,"Knows"
qhimg.com,360.cn,"Knows"
qhimg.com,360.cn,"Knows"
qhimg.com,360.cn,"Knows"
qhimg.com,360.cn,"Knows"
qhimg.com,360.cn,"Knows"
qhimg.com,360.cn,"Knows"
qhimg.com,360.cn,"Knows"
qhimg.com,360.cn,"Knows"
qhimg.com,360.cn,"Knows"
qhimg.com,360.cn,"Knows"
qhimg.com,360.cn,"Knows"
qhimg.com,360.cn,"Knows"
qhimg.com,360.cn,"Knows"
qhimg.com,360.cn,"Knows"
qhimg.com,360.cn,"Knows"
qhimg.com,360.cn,"Knows"
qhimg.com,360.cn,"Knows"
qhimg.com,360.cn,"Knows"
qhimg.com,360.cn,"Knows"
qhimg.com,360.cn,"Knows"
qhimg.com,360.cn,"Knows"
qhimg.com,360.cn,"Knows"
qhimg.com,360.cn,"Knows"
qhimg.com,360.cn,"Knows"
qhimg.com,360.cn,"Knows"
qhimg.com,360.cn,"Knows"
qhimg.com,360.cn,"Knows"
qhimg.com,360.cn,"Knows"
qhimg.com,360.cn,"Knows"
qhimg.com,360.cn,"Knows"
qhimg.com,360.cn,"Knows"
qhimg.com,360.cn,"Knows"
qhimg.com,360.cn,"Knows"
qhimg.com,360.cn,"Knows"
qhimg.com,360.cn,"Knows"
qhimg.com,360.cn,"Knows"
qhimg.com,360.cn,"Knows"
qhimg.com,360.cn,"Knows"
qhimg.com,360.cn,"Knows"
qhimg.com,360.cn,"Knows"
qhimg.com,360.cn,"Knows"
qhimg.com,360.cn,"Knows"
qhimg.com,360.cn,"Knows"
qhimg.com,360.cn,"Knows"
qhimg.com,360.cn,"Knows"
qhimg.com,360.cn,"Knows"
qhimg.com,360.cn,"Knows"
qhimg.com,360.cn,"Knows"
qhimg.com,360.cn,"Knows"
qhimg.com,360.cn,"Knows"
qhimg.com,360.cn,"Knows"
qhimg.com,360.cn,"Knows"
qhimg.com,360.cn,"Knows"
qhimg.com,360.cn,"Knows"
qhimg.com,360.cn,"Knows"
qhimg.com,360.cn,"Knows"
qhimg.com,360.cn,"Knows"
qhimg.com,360.cn,"Knows"
qhimg.com,360.cn,"Knows"
qhimg.com,360.cn,"Knows"
qhimg.com,360.cn,"Knows"
qhimg.com,360.cn,"Knows"
qhimg.com,360.cn,"Knows"
qhimg.com,360.cn,"Knows"
qhimg.com,360.cn,"Knows"
qhimg.com,360.cn,"Knows"
qhimg.com,360.cn,"Knows"
qhimg.com,360.cn,"Knows"
qhimg.com,360.cn,"Knows"
qhimg.com,360.cn,"Knows"
qhimg.com,360.cn,"Knows"
qhimg.com,360.cn,"Knows"
qhimg.com,360.cn,"Knows"
qhimg.com,360.cn,"Knows"
qhimg.com,360.cn,"Knows"
qhimg.com,360.cn,"Knows"
qhimg.com,360.cn,"Knows"
qhimg.com,360.cn,"Knows"
qhimg.com,360.cn,"Knows"
qhimg.com,360.cn,"Knows"
qhimg.com,360.cn,"Knows"
qhimg.com,360.cn,"Knows"
qhimg.com,360.cn,"Knows"
360.cn,360.cn,"Knows"
qhimg.com,360.cn,"Knows"
qhimg.com,360.cn,"Knows"
qhimg.com,360.cn,"Knows"
qhimg.com,360.cn,"Knows"
qhimg.com,360.cn,"Knows"
qhimg.com,360.cn,"Knows"
qhimg.com,360.cn,"Knows"
qhimg.com,360.cn,"Knows"
qhimg.com,360.cn,"Knows"
qhimg.com,360.cn,"Knows"
qhimg.com,360.cn,"Knows"
qhimg.com,360.cn,"Knows"
qhimg.com,360.cn,"Knows"
qhimg.com,360.cn,"Knows"
qhimg.com,360.cn,"Knows"
qhimg.com,360.cn,"Knows"
qhimg.com,360.cn,"Knows"
qhimg.com,360.cn,"Knows"
qhimg.com,360.cn,"Knows"
qhimg.com,360.cn,"Knows"
qhimg.com,360.cn,"Knows"
qhimg.com,360.cn,"Knows"
qhimg.com,360.cn,"Knows"
qhimg.com,360.cn,"Knows"
qhimg.com,360.cn,"Knows"
qhimg.com,360.cn,"Knows"
qhimg.com,360.cn,"Knows"
qhimg.com,360.cn,"Knows"
qhimg.com,360.cn,"Knows"
qhimg.com,360.cn,"Knows"
qhimg.com,360.cn,"Knows"
qhimg.com,360.cn,"Knows"
qhimg.com,360.cn,"Knows"
qhimg.com,360.cn,"Knows"
qhimg.com,360.cn,"Knows"
qhimg.com,360.cn,"Knows"
qhimg.com,360.cn,"Knows"
qhimg.com,360.cn,"Knows"
qhimg.com,360.cn,"Knows"
qhimg.com,360.cn,"Knows"
qhimg.com,360.cn,"Knows"
qhimg.com,360.cn,"Knows"
qhimg.com,360.cn,"Knows"
qhimg.com,360.cn,"Knows"
qhimg.com,360.cn,"Knows"
qhimg.com,360.cn,"Knows"
qhimg.com,360.cn,"Knows"
qhimg.com,360.cn,"Knows"
qhimg.com,360.cn,"Knows"
qhimg.com,360.cn,"Knows"
qhimg.com,360.cn,"Knows"
qhimg.com,360.cn,"Knows"
qhimg.com,360.cn,"Knows"
qhimg.com,360.cn,"Knows"
qhimg.com,360.cn,"Knows"
qhimg.com,360.cn,"Knows"
qhimg.com,360.cn,"Knows"
360.cn,360.cn,"Knows"
google-analytics.com,360.cn,"Knows"
qhimg.com,360.cn,"Knows"
qhimg.com,360.cn,"Knows"
qhimg.com,360.cn,"Knows"
qhimg.com,360.cn,"Knows"
qhimg.com,360.cn,"Knows"
qhimg.com,360.cn,"Knows"
qhimg.com,360.cn,"Knows"
qhimg.com,360.cn,"Knows"
qhimg.com,360.cn,"Knows"
qhimg.com,360.cn,"Knows"
qhimg.com,360.cn,"Knows"
360.cn,360.cn,"Knows"
360.cn,360.cn,"Knows"
qihoo.com,360.cn,"Knows"
360.cn,360.cn,"Knows"
qihoo.com,360.cn,"Knows"
imdb.com,imdb.com,"Knows"
imdb.com,imdb.com,"Knows"
imdb.com,imdb.com,"Knows"
imdb.com,imdb.com,"Knows"
imdb.com,imdb.com,"Knows"
twimg.com,imdb.com,"Knows"
universalstudios.com,imdb.com,"Knows"
twimg.com,imdb.com,"Knows"
twimg.com,imdb.com,"Knows"
twimg.com,imdb.com,"Knows"
twimg.com,imdb.com,"Knows"
twimg.com,imdb.com,"Knows"
twimg.com,imdb.com,"Knows"
twimg.com,imdb.com,"Knows"
twimg.com,imdb.com,"Knows"
twimg.com,imdb.com,"Knows"
twimg.com,imdb.com,"Knows"
twimg.com,imdb.com,"Knows"
twimg.com,imdb.com,"Knows"
twimg.com,imdb.com,"Knows"
twimg.com,imdb.com,"Knows"
twimg.com,imdb.com,"Knows"
twimg.com,imdb.com,"Knows"
twimg.com,imdb.com,"Knows"
twimg.com,imdb.com,"Knows"
twimg.com,imdb.com,"Knows"
twimg.com,imdb.com,"Knows"
twimg.com,imdb.com,"Knows"
twimg.com,imdb.com,"Knows"
twimg.com,imdb.com,"Knows"
google-analytics.com,ask.com,"Knows"
google-analytics.com,ask.com,"Knows"
google-analytics.com,ask.com,"Knows"
amazon.de,amazon.de,"Knows"
amazon.de,amazon.de,"Knows"
amazon.de,amazon.de,"Knows"
amazon.de,amazon.de,"Knows"
amazon.de,amazon.de,"Knows"
amazon.de,amazon.de,"Knows"
amazon.de,amazon.de,"Knows"
amazon.de,amazon.de,"Knows"
amazon.de,amazon.de,"Knows"
amazon.de,amazon.de,"Knows"
amazon.de,amazon.de,"Knows"
amazon.de,amazon.de,"Knows"
amazon.de,amazon.de,"Knows"
amazon.de,amazon.de,"Knows"
amazon.de,amazon.de,"Knows"
amazon.de,amazon.de,"Knows"
amazon.de,amazon.de,"Knows"
amazon.de,amazon.de,"Knows"
amazon.de,amazon.de,"Knows"
amazon.de,amazon.de,"Knows"
amazon.de,amazon.de,"Knows"
amazon.de,amazon.de,"Knows"
amazon.de,amazon.de,"Knows"
amazon.de,amazon.de,"Knows"
google.it,google.it,"Knows"
google.it,google.it,"Knows"
google.it,google.it,"Knows"
google.it,google.it,"Knows"
gstatic.com,google.it,"Knows"
google.it,google.it,"Knows"
google.it,google.it,"Knows"
google.it,google.it,"Knows"
gstatic.com,google.it,"Knows"
google.it,google.it,"Knows"
google.it,google.it,"Knows"
google.it,google.it,"Knows"
google.it,google.it,"Knows"
tmall.com,qq.com,"Knows"
gstatic.com,qq.com,"Knows"
tbcdn.cn,qq.com,"Knows"
sina.com,sina.com.cn,"Knows"
google-analytics.com,sina.com.cn,"Knows"
gstatic.com,sina.com.cn,"Knows"
gtimg.com,sina.com.cn,"Knows"
gtimg.cn,sina.com.cn,"Knows"
com.cn,sina.com.cn,"Knows"
trafficjam.cn,sina.com.cn,"Knows"
tmall.com,sina.com.cn,"Knows"
tbcdn.cn,sina.com.cn,"Knows"
sinastorage.com,weibo.com,"Knows"
esfimg.com,weibo.com,"Knows"
sinajs.cn,weibo.com,"Knows"
alicdn.com,weibo.com,"Knows"
leju.com,weibo.com,"Knows"
qq.com,weibo.com,"Knows"
taobao.com,weibo.com,"Knows"
uuzuonline.com,weibo.com,"Knows"
alibaba.com,weibo.com,"Knows"
taobaocdn.com,weibo.com,"Knows"
jd.com,weibo.com,"Knows"
3.cn,weibo.com,"Knows"
alipay.com,weibo.com,"Knows"
gtimg.com,weibo.com,"Knows"
gtimg.cn,weibo.com,"Knows"
com.cn,weibo.com,"Knows"
trafficjam.cn,weibo.com,"Knows"
tmall.com,weibo.com,"Knows"
tbcdn.cn,weibo.com,"Knows"
yimg.jp,yahoo.com,"Knows"
gfx.ms,bing.com,"Knows"
gfx.ms,msn.com,"Knows"
mradx.net,vk.com,"Knows"
imgsmail.ru,vk.com,"Knows"
yandex.ru,vk.com,"Knows"
ok.ru,vk.com,"Knows"
gstatic.com,vk.com,"Knows"
gstatic.com,tmall.com,"Knows"
tbcdn.cn,tmall.com,"Knows"
yastatic.net,mail.ru,"Knows"
yandex.net,mail.ru,"Knows"
mradx.net,yandex.ru,"Knows"
imgsmail.ru,yandex.ru,"Knows"
yadro.ru,yandex.ru,"Knows"
ok.ru,yandex.ru,"Knows"
gstatic.com,yandex.ru,"Knows"
ggpht.com,blogspot.com,"Knows"
googlevideo.com,blogspot.com,"Knows"
yastatic.net,vk.com,"Knows"
yandex.net,vk.com,"Knows"
